player_name,archetype_magicgg,mainboard,sideboard
Junichi Adachi,Izzet Spellementals,7 Island; 3 Sunderflock; 4 Eddymurk Crab; 4 Opt; 1 Three Steps Ahead; 4 Burst Lightning; 2 Stormcarved Coast; 4 Traumatic Critique; 3 Colorstorm Stallion; 2 Winternight Stories; 2 Flow State; 2 Spell Snare; 1 Spell Pierce; 3 Hearth Elemental; 2 Prismari Charm; 4 Riverpyre Verge; 4 Steam Vents; 4 Spirebluff Canal; 4 Sleight of Hand,"1 Disdainful Stroke; 1 Colorstorm Stallion; 1 Hydro-Man, Fluid Felon; 1 Ill-Timed Explosion; 2 Annul; 1 The Legend of Kuruk; 1 Ral, Crackling Wit; 2 Soul-Guide Lantern; 2 Fire Magic; 2 Broadside Barrage; 1 Sunderflock"
January Adams,Izzet Spellementals,4 Sunderflock; 6 Island; 4 Eddymurk Crab; 4 Opt; 4 Burst Lightning; 4 Traumatic Critique; 2 Get Out; 4 Winternight Stories; 2 Multiversal Passage; 1 Spell Snare; 1 Spell Pierce; 4 Hearth Elemental; 4 Riverpyre Verge; 4 Prismari Charm; 4 Steam Vents; 4 Spirebluff Canal; 4 Sleight of Hand,4 Colorstorm Stallion; 2 Get Out; 1 Impractical Joke; 2 Annul; 3 Soul-Guide Lantern; 1 Spell Pierce; 1 Spell Snare; 1 Broadside Barrage
Aaron Angeles,Golgari Control,2 Swamp; 4 Vibrance; 1 Forest; 3 Firdoch Core; 4 Starting Town; 1 The Soul Stone; 2 Wistfulness; 4 Deceit; 2 Emeritus of Abundance; 4 Wastewood Verge; 1 Nowhere to Run; 3 Cavern of Souls; 2 Bitter Triumph; 3 Professor Dellian Fel; 4 Overgrown Tomb; 2 Shoot the Sheriff; 3 Requiting Hex; 3 Unholy Annex // Ritual Chamber; 1 Pit of Offerings; 1 Strategic Betrayal; 4 Deathcap Glade; 1 Petrified Hamlet; 2 Withering Curse; 3 Ancient Cornucopia,"1 Strategic Betrayal; 3 Torpor Orb; 3 Intimidation Tactics; 1 Morlun, Devourer of Spiders; 4 Duress; 1 Maelstrom Pulse; 1 Deadly Cover-Up; 1 Soul-Guide Lantern"
William Araujo,Izzet Prowess,2 Willowrush Verge; 4 Opt; 4 Elusive Otter; 4 Stormchaser's Talent; 4 Burst Lightning; 1 Starting Town; 1 Bounce Off; 4 Boomerang Basics; 2 Breeding Pool; 4 Flow State; 1 Secret Identity; 3 Island; 2 Multiversal Passage; 1 Prismari Charm; 3 Riverpyre Verge; 4 Steam Vents; 4 Spirebluff Canal; 4 Sleight of Hand; 1 Octopus Form; 4 Slickshot Show-Off; 1 Stock Up; 2 Eddymurk Crab,1 Eddymurk Crab; 2 Quandrix Charm; 2 Colorstorm Stallion; 1 Get Out; 1 Into the Flood Maw; 2 Spell Pierce; 1 Drake Hatcher; 2 Broadside Barrage; 1 Impractical Joke; 2 Ghost Vacuum
William Au,Jeskai Control,2 Seam Rip; 2 High Noon; 3 Resonating Lute; 1 Erode; 1 Fire Magic; 1 Day of Judgment; 1 Improvisation Capstone; 4 Lightning Helix; 1 Get Lost; 1 Flashback; 3 Jeskai Revelation; 1 Negate; 2 Spell Snare; 3 No More Lies; 4 Consult the Star Charts; 3 Stock Up; 1 Mathemagics; 2 Mistrise Village; 1 Cori Mountain Monastery; 4 Great Hall of the Biblioplex; 3 Steam Vents; 2 Hallowed Fountain; 3 Sacred Foundry; 2 Meticulous Archive; 2 Elegant Parlor; 1 Stormcarved Coast; 2 Sunbillow Verge; 1 Island; 1 Plains; 1 Mountain; 1 Floodfarm Verge,"1 Annul; 2 Abrade; 2 Disdainful Stroke; 1 Flashfreeze; 1 Fire Magic; 3 Rest in Peace; 1 Day of Judgment; 2 Emeritus of Ideation; 2 Beza, the Bounding Spring"
David Åstrand,Mono-Green Landfall,4 Earthbender Ascension; 4 Mightform Harmonizer; 4 Escape Tunnel; 3 Meltstrider's Resolve; 4 Keen-Eyed Curator; 2 Sapling Nursery; 1 Royal Treatment; 4 Sazh's Chocobo; 3 Ba Sing Se; 4 Llanowar Elves; 4 Icetill Explorer; 4 Badgermole Cub; 4 Fabled Passage; 15 Forest,"2 Origin of Metalbending; 2 Surrak, Elusive Hunter; 1 Meltstrider's Resolve; 2 Pawpatch Formation; 2 Torpor Orb; 4 Mossborn Hydra; 2 Sapling Nursery"
Huaxing Bai,Mono-Green Landfall,1 Promising Vein; 4 Earthbender Ascension; 4 Mightform Harmonizer; 4 Meltstrider's Resolve; 4 Esper Origins; 4 Escape Tunnel; 2 Sapling Nursery; 4 Sazh's Chocobo; 3 Ba Sing Se; 4 Icetill Explorer; 4 Llanowar Elves; 4 Badgermole Cub; 4 Fabled Passage; 14 Forest,"3 Surrak, Elusive Hunter; 2 Pawpatch Formation; 2 Royal Treatment; 1 Glorious Decay; 3 Soul-Guide Lantern; 4 Mossborn Hydra"
Christian Baker,Izzet Prowess,7 Island; 2 Stormcarved Coast; 4 Riverpyre Verge; 4 Spirebluff Canal; 4 Steam Vents; 4 Stormchaser's Talent; 4 Slickshot Show-Off; 4 Eddymurk Crab; 1 Colorstorm Stallion; 4 Opt; 4 Sleight of Hand; 3 Flow State; 4 Burst Lightning; 4 Boomerang Basics; 2 Spell Pierce; 2 Get Out; 1 Impractical Joke; 1 Stock Up; 1 Roaring Furnace // Steaming Sauna,"1 Slagstorm; 2 Colorstorm Stallion; 1 Broadside Barrage; 1 Sear; 1 Roaring Furnace // Steaming Sauna; 1 Get Out; 1 Negate; 1 Annul; 2 Ral, Crackling Wit; 2 Ghost Vacuum; 1 Stock Up; 1 Bounce Off"
Edgar Baumler,Izzet Prowess,8 Island; 4 Eddymurk Crab; 4 Opt; 4 Stormchaser's Talent; 4 Burst Lightning; 1 Stormcarved Coast; 4 Boomerang Basics; 1 Colorstorm Stallion; 2 Get Out; 1 Roaring Furnace // Steaming Sauna; 1 Impractical Joke; 3 Flow State; 2 Spell Pierce; 1 Stock Up; 4 Riverpyre Verge; 4 Steam Vents; 4 Spirebluff Canal; 4 Sleight of Hand; 4 Slickshot Show-Off,"1 Annul; 1 Slagstorm; 2 Colorstorm Stallion; 1 Get Out; 2 Ghost Vacuum; 1 Sear; 1 Roaring Furnace // Steaming Sauna; 1 Into the Flood Maw; 1 Stock Up; 2 Ral, Crackling Wit; 1 Negate; 1 Broadside Barrage"
Jake Beardsley,Izzet Prowess,4 Boomerang Basics; 2 Bounce Off; 4 Burst Lightning; 4 Colorstorm Stallion; 2 Drake Hatcher; 2 Flow State; 7 Island; 2 Multiversal Passage; 4 Opt; 4 Riverpyre Verge; 3 Secret Identity; 4 Sleight of Hand; 4 Slickshot Show-Off; 4 Spirebluff Canal; 4 Steam Vents; 4 Stormchaser's Talent; 2 Vibrant Outburst,"1 Disdainful Stroke; 2 Drake Hatcher; 2 Flow State; 2 Get Out; 2 Into the Flood Maw; 1 Ral, Crackling Wit; 1 Sear; 2 Slagstorm; 2 Spell Pierce"
Jon Beitler,Mono-Green Landfall,3 Ba Sing Se; 4 Badgermole Cub; 4 Earthbender Ascension; 4 Escape Tunnel; 2 Esper Origins; 4 Fabled Passage; 14 Forest; 4 Icetill Explorer; 4 Keen-Eyed Curator; 4 Llanowar Elves; 2 Meltstrider's Resolve; 3 Mightform Harmonizer; 1 Promising Vein; 3 Sapling Nursery; 4 Sazh's Chocobo,"2 Eumidian Terrabotanist; 1 Heritage Reclamation; 1 Leatherhead, Swamp Stalker; 2 Meltstrider's Resolve; 3 Mossborn Hydra; 2 Origin of Metalbending; 2 Pawpatch Formation; 1 Sapling Nursery; 1 Surrak, Elusive Hunter"
Marco Belacca,Jeskai Control,1 Cori Mountain Monastery; 2 Mistrise Village; 2 High Noon; 2 Thundering Falls; 2 Elegant Parlor; 4 Consult the Star Charts; 3 Great Hall of the Biblioplex; 2 Hallowed Fountain; 4 Floodfarm Verge; 4 Get Lost; 4 Jeskai Revelation; 2 Spell Snare; 4 No More Lies; 1 Day of Judgment; 4 Lightning Helix; 2 Sacred Foundry; 2 Meticulous Archive; 4 Stock Up; 1 Riverpyre Verge; 2 Prismari Charm; 1 Plains; 3 Steam Vents; 1 Sunbillow Verge; 2 Fire Magic; 1 Ultima,"1 Disdainful Stroke; 1 Wan Shi Tong, Librarian; 1 Annul; 2 Torpor Orb; 2 Day of Judgment; 2 The Unagi of Kyoshi Island; 2 Flashfreeze; 2 Rest in Peace; 1 Riverchurn Monument; 1 Negate"
George Berrett,Azorius Momo,"4 Hallowed Fountain; 4 Floodfarm Verge; 6 Plains; 2 Starting Town; 2 Multiversal Passage; 2 Abandoned Air Temple; 4 Daydream; 1 Mockingbird; 3 Nurturing Pixie; 4 Momo, Friendly Flier; 4 Springleaf Drum; 2 Seam Rip; 4 Starfield Shepherd; 4 Quantum Riddler; 1 Spider-Sense; 2 Parting Gust; 1 Skycoach Conductor; 1 Aang, Swift Savior; 3 Haliya, Guided by Light; 2 Cosmogrand Zenith; 4 Sage of the Skies","3 Rest in Peace; 1 Get Lost; 1 Elspeth, Storm Slayer; 1 Disdainful Stroke; 2 Beza, the Bounding Spring; 3 Avatar's Wrath; 1 Seam Rip; 2 Spider-Sense; 1 Aang, Swift Savior"
Timo Bertram,Izzet Spellementals,3 Sunderflock; 6 Island; 4 Eddymurk Crab; 4 Opt; 4 Burst Lightning; 1 Stormcarved Coast; 3 Traumatic Critique; 2 Colorstorm Stallion; 4 Winternight Stories; 1 Get Out; 2 Multiversal Passage; 2 Spell Snare; 2 Spell Pierce; 3 Hearth Elemental; 4 Riverpyre Verge; 3 Prismari Charm; 4 Steam Vents; 4 Spirebluff Canal; 4 Sleight of Hand,1 Disdainful Stroke; 1 Annul; 1 Get Out; 2 Colorstorm Stallion; 1 Impractical Joke; 1 Sear; 2 Ghost Vacuum; 1 Soul-Guide Lantern; 2 The Legend of Kuruk; 2 Broadside Barrage; 1 Sunderflock
Mikey Bishara,Izzet Prowess,4 Boomerang Basics; 4 Burst Lightning; 2 Colorstorm Stallion; 4 Eddymurk Crab; 4 Flow State; 1 Get Out; 2 Impractical Joke; 7 Island; 4 Opt; 4 Riverpyre Verge; 4 Sleight of Hand; 3 Slickshot Show-Off; 2 Spell Pierce; 4 Spirebluff Canal; 4 Steam Vents; 2 Stormcarved Coast; 4 Stormchaser's Talent; 1 Vibrant Outburst,1 Annul; 1 Broadside Barrage; 2 Colorstorm Stallion; 1 Disdainful Stroke; 2 Get Out; 1 Roaring Furnace // Steaming Sauna; 1 Sear; 1 Slickshot Show-Off; 1 Spell Pierce; 1 Sunderflock; 1 The Legend of Kuruk; 2 Ghost Vacuum
Timothée Blondiaux,Mono-Green Landfall,"1 Bristly Bill, Spine Sower; 1 Promising Vein; 4 Earthbender Ascension; 4 Mightform Harmonizer; 4 Escape Tunnel; 3 Meltstrider's Resolve; 3 Sapling Nursery; 1 Royal Treatment; 4 Sazh's Chocobo; 3 Ba Sing Se; 2 Mossborn Hydra; 4 Icetill Explorer; 4 Llanowar Elves; 4 Badgermole Cub; 4 Fabled Passage; 14 Forest",2 Origin of Metalbending; 1 Meltstrider's Resolve; 2 Esper Origins; 2 Pawpatch Formation; 2 Torpor Orb; 3 Keen-Eyed Curator; 2 Mossborn Hydra; 1 Sapling Nursery
Sam Bogue,Selesnya Landfall,"3 Ba Sing Se; 4 Badgermole Cub; 1 Bushwhack; 2 Dyadrine, Synthesis Amalgam; 4 Earthbender Ascension; 4 Erode; 4 Escape Tunnel; 4 Fabled Passage; 7 Forest; 4 Hushwood Verge; 2 Icetill Explorer; 1 Keen-Eyed Curator; 4 Llanowar Elves; 2 Lumbering Worldwagon; 4 Mightform Harmonizer; 1 Mossborn Hydra; 2 Plains; 4 Sazh's Chocobo; 1 Surrak, Elusive Hunter; 2 Temple Garden","2 Mossborn Hydra; 3 Rest in Peace; 1 Restoration Magic; 3 Sheltered by Ghosts; 2 Snakeskin Veil; 2 Surrak, Elusive Hunter; 2 Voice of Victory"
Gabriel Bostic,Four-Color Control,1 Mistrise Village; 2 Elegant Parlor; 2 Thundering Falls; 1 Erode; 3 Shattered Sanctum; 3 Traumatic Critique; 4 Inevitable Defeat; 1 Starting Town; 2 Flashback; 4 Great Hall of the Biblioplex; 1 Hallowed Fountain; 3 Floodfarm Verge; 1 Sear; 4 No More Lies; 2 Day of Judgment; 4 Lightning Helix; 2 Sacred Foundry; 4 Stock Up; 4 Together as One; 2 Riverpyre Verge; 1 Plains; 4 Tablet of Discovery; 4 Steam Vents; 1 Godless Shrine,1 Ultima; 1 High Noon; 1 Flashfreeze; 1 Get Lost; 1 Annul; 2 Torpor Orb; 2 Pyroclasm; 2 Rest in Peace; 1 Erode; 3 Voice of Victory
Mike Boulinguiez,Izzet Spellementals,4 Burst Lightning; 4 Eddymurk Crab; 2 Get Out; 4 Hearth Elemental; 2 Impractical Joke; 7 Island; 1 Multiversal Passage; 4 Opt; 4 Prismari Charm; 4 Riverpyre Verge; 4 Sleight of Hand; 1 Spell Pierce; 4 Spirebluff Canal; 4 Steam Vents; 1 Stormcarved Coast; 3 Sunderflock; 3 Traumatic Critique; 4 Winternight Stories,"1 Abrade; 2 Annul; 1 Broadside Barrage; 1 Colorstorm Stallion; 1 Disdainful Stroke; 2 Hydro-Man, Fluid Felon; 1 Impractical Joke; 1 Ral, Crackling Wit; 1 Sear; 2 Soul-Guide Lantern; 1 Spell Pierce; 1 Sunderflock"
Adam Brace,Izzet Lessons,4 Abandon Attachments; 4 Accumulate Wisdom; 2 Agna Qel'a; 4 Artist's Talent; 4 Combustion Technique; 4 Firebending Lesson; 4 Gran-Gran; 1 Iroh's Demonstration; 5 Island; 3 It'll Quench Ya!; 4 Monument to Endurance; 3 Mountain; 4 Riverpyre Verge; 4 Spirebluff Canal; 4 Steam Vents; 1 Three Steps Ahead; 3 Flashback; 1 Boomerang Basics; 1 Pyroclasm,"2 Annul; 1 Flashfreeze; 1 Ral, Crackling Wit; 1 Sear; 3 Spell Pierce; 3 Wan Shi Tong, Librarian; 1 Essence Scatter; 2 Emeritus of Ideation; 1 Impractical Joke"
Antonin Branis,Izzet Lessons,"7 Island; 4 Eddymurk Crab; 4 Gran-Gran; 4 Stormchaser's Talent; 1 Stormcarved Coast; 1 Ral, Crackling Wit; 4 Boomerang Basics; 4 Combustion Technique; 3 Flow State; 2 Multiversal Passage; 2 Iroh's Demonstration; 4 Firebending Lesson; 4 Accumulate Wisdom; 3 Abandon Attachments; 4 Riverpyre Verge; 1 It'll Quench Ya!; 4 Steam Vents; 4 Spirebluff Canal","1 Wan Shi Tong, Librarian; 2 Get Out; 2 Roaring Furnace // Steaming Sauna; 2 Spell Pierce; 2 Annul; 2 Emeritus of Ideation; 1 Ral, Crackling Wit; 2 Sunderflock; 1 Slagstorm"
Ryan Brozovich,Mono-Green Landfall,3 Promising Vein; 4 Llanowar Elves; 4 Badgermole Cub; 4 Sazh's Chocobo; 4 Icetill Explorer; 4 Mossborn Hydra; 1 Snakeskin Veil; 4 Royal Treatment; 4 Fabled Passage; 4 Escape Tunnel; 4 Earthbender Ascension; 3 Ba Sing Se; 11 Forest; 4 Tifa Lockhart; 2 Planar Engineering,"2 Pawpatch Formation; 1 Soul-Guide Lantern; 2 Sapling Nursery; 2 Fecund Greenshell; 4 Meltstrider's Resolve; 2 Surrak, Elusive Hunter; 2 Keen-Eyed Curator"
Mason Buonadonna,Bant Rhythm,"3 Sewer-veillance Cam; 4 Breeding Pool; 1 Seam Rip; 4 Badgermole Cub; 2 Mockingbird; 1 Appa, Steadfast Guardian; 4 Nature's Rhythm; 4 Llanowar Elves; 2 Vastlands Scavenger; 3 Multiversal Passage; 1 Forest; 1 Nurturing Pixie; 4 Bloom Tender; 3 Brightglass Gearhulk; 4 Temple Garden; 4 Hushwood Verge; 4 Gene Pollinator; 3 Starting Town; 3 Quantum Riddler; 1 Hallowed Fountain; 1 Meltstrider's Resolve; 2 Floodfarm Verge; 1 Unable to Scream","1 Goldvein Hydra; 2 Spider-Sense; 2 Ygra, Eater of All; 1 Leatherhead, Swamp Stalker; 1 Soul-Guide Lantern; 2 Disdainful Stroke; 2 Shimmerwilds Growth; 2 Sage of the Skies; 1 Keen-Eyed Curator; 1 Erode"
Corey Burkhart,Azorius Momo,"2 Floodpits Drowner; 4 Momo, Friendly Flier; 2 Starting Town; 4 Seam Rip; 2 Get Lost; 3 Haliya, Guided by Light; 4 Floodfarm Verge; 4 Hallowed Fountain; 4 Springleaf Drum; 4 Daydream; 4 Multiversal Passage; 2 Abandoned Air Temple; 4 Sage of the Skies; 4 Starfield Shepherd; 6 Plains; 1 Cosmogrand Zenith; 2 Nurturing Pixie; 4 Quantum Riddler",2 Disdainful Stroke; 2 Requisition Raid; 2 Emeritus of Truce; 1 Curious Farm Animals; 1 Figure of Fable; 2 Flashfreeze; 3 Rest in Peace; 2 Clarion Conqueror
Michael Byrd,Izzet Prowess,8 Island; 4 Eddymurk Crab; 4 Opt; 1 Traumatic Critique; 4 Stormchaser's Talent; 4 Burst Lightning; 4 Boomerang Basics; 2 Get Out; 4 Colorstorm Stallion; 1 Roaring Furnace // Steaming Sauna; 4 Flow State; 1 Multiversal Passage; 1 Spell Pierce; 2 Prismari Charm; 4 Riverpyre Verge; 4 Steam Vents; 4 Spirebluff Canal; 4 Sleight of Hand,"1 Disdainful Stroke; 1 Annul; 1 Impractical Joke; 1 Sear; 2 Ghost Vacuum; 2 Ral, Crackling Wit; 1 Emeritus of Ideation; 1 Fire Magic; 1 Spell Pierce; 2 Broadside Barrage; 2 Sunderflock"
Christian Calcano,Jeskai Control,1 Mistrise Village; 1 Traumatic Critique; 2 Pyroclasm; 2 Stormcarved Coast; 4 Thunder Magic; 2 Flashback; 4 Great Hall of the Biblioplex; 4 Consult the Star Charts; 2 Hallowed Fountain; 3 Sundown Pass; 4 Jeskai Revelation; 1 Impractical Joke; 3 Island; 2 Mountain; 2 Sear; 1 Into the Flood Maw; 4 Stock Up; 4 Riverpyre Verge; 4 Tablet of Discovery; 4 Steam Vents; 1 Essence Scatter; 2 Broadside Barrage; 1 Petrified Hamlet; 2 Swallowed by Leviathan,1 Disdainful Stroke; 1 Annul; 1 Slagstorm; 1 Impractical Joke; 2 Spell Pierce; 3 Emeritus of Ideation; 3 Flashfreeze; 1 Petrified Hamlet; 1 Erode; 1 Broadside Barrage
Marco Cammilluzzi,Four-Color Elementals,"1 Cori Mountain Monastery; 3 Vibrance; 2 Sunderflock; 2 Ygra, Eater of All; 3 Burst Lightning; 4 Starting Town; 2 Bounce Off; 1 Restless Reef; 1 Ill-Timed Explosion; 4 Deceit; 3 Wistfulness; 4 Secluded Courtyard; 1 Breeding Pool; 4 Flamebraider; 1 Island; 2 Superior Spider-Man; 4 Ashling, Rekindled; 1 Sear; 4 Cavern of Souls; 1 Watery Grave; 1 Pit of Offerings; 2 Spirebluff Canal; 4 Steam Vents; 2 Broadside Barrage; 3 Roaming Throne","1 Disdainful Stroke; 1 Essence Scatter; 2 Winternight Stories; 1 Sear; 2 Ghost Vacuum; 1 Beza, the Bounding Spring; 1 Ill-Timed Explosion; 1 Spider-Sense; 1 Emeritus of Ideation; 1 Fire Magic; 1 Spell Pierce; 1 Spell Snare; 1 Pit of Offerings"
Isabel Castillo,Izzet Spellementals,4 Burst Lightning; 4 Eddymurk Crab; 2 Get Out; 4 Hearth Elemental; 6 Island; 2 Multiversal Passage; 4 Opt; 4 Prismari Charm; 4 Riverpyre Verge; 4 Sleight of Hand; 1 Spell Pierce; 1 Spell Snare; 4 Spirebluff Canal; 4 Steam Vents; 4 Sunderflock; 4 Traumatic Critique; 4 Winternight Stories,2 Annul; 1 Broadside Barrage; 4 Colorstorm Stallion; 2 Get Out; 1 Impractical Joke; 3 Soul-Guide Lantern; 1 Spell Pierce; 1 Spell Snare
Marcelo Cavalcante,Izzet Lessons,4 Spirebluff Canal; 1 Stormcarved Coast; 1 Impractical Joke; 3 Flow State; 2 Abandon Attachments; 2 Iroh's Demonstration; 4 Firebending Lesson; 4 Combustion Technique; 4 Gran-Gran; 4 Boomerang Basics; 4 Accumulate Wisdom; 2 Multiversal Passage; 4 Riverpyre Verge; 4 Stormchaser's Talent; 4 Eddymurk Crab; 4 Steam Vents; 7 Island; 1 It'll Quench Ya!; 1 Traumatic Critique,"1 Ral, Crackling Wit; 2 Annul; 1 Spell Pierce; 1 The Legend of Kuruk; 2 Sunderflock; 2 Emeritus of Ideation; 1 Ghost Vacuum; 1 Soul-Guide Lantern; 1 Flashfreeze; 1 Iroh's Demonstration; 1 Price of Freedom; 1 Impractical Joke"
Winston Chamora,Izzet Prowess,6 Island; 4 Opt; 3 Elusive Otter; 4 Stormchaser's Talent; 4 Burst Lightning; 4 Boomerang Basics; 4 Colorstorm Stallion; 1 Breeding Pool; 4 Flow State; 1 Secret Identity; 2 Wild Ride; 2 Multiversal Passage; 1 Into the Flood Maw; 4 Riverpyre Verge; 4 Steam Vents; 4 Spirebluff Canal; 4 Sleight of Hand; 4 Slickshot Show-Off,"1 Elusive Otter; 2 Eddymurk Crab; 2 Get Out; 1 Sear; 2 Impractical Joke; 1 Roaring Furnace // Steaming Sauna; 2 Spell Pierce; 1 Ral, Crackling Wit; 2 Soul-Guide Lantern; 1 Broadside Barrage"
Samuel Chang,Izzet Prowess,7 Island; 3 Eddymurk Crab; 4 Opt; 4 Stormchaser's Talent; 4 Burst Lightning; 2 Bounce Off; 4 Boomerang Basics; 2 Get Out; 2 Roaring Furnace // Steaming Sauna; 4 Flow State; 2 Multiversal Passage; 1 Stock Up; 4 Riverpyre Verge; 4 Steam Vents; 4 Spirebluff Canal; 1 Soul-Guide Lantern; 4 Sleight of Hand; 4 Slickshot Show-Off,"2 Elusive Otter; 1 Get Out; 1 Sear; 1 Ghost Vacuum; 2 Spell Pierce; 2 Ral, Crackling Wit; 1 Soul-Guide Lantern; 2 Emeritus of Ideation; 1 Fire Magic; 2 Broadside Barrage"
Thirawat Chaovarindr,Izzet Prowess,4 Boomerang Basics; 4 Burst Lightning; 4 Colorstorm Stallion; 3 Elusive Otter; 4 Flow State; 1 Into the Flood Maw; 6 Island; 2 Multiversal Passage; 4 Opt; 4 Riverpyre Verge; 1 Secret Identity; 4 Sleight of Hand; 4 Slickshot Show-Off; 4 Spirebluff Canal; 4 Steam Vents; 4 Stormchaser's Talent; 2 Wild Ride; 1 Breeding Pool,"1 Elusive Otter; 1 Sear; 1 Broadside Barrage; 2 Eddymurk Crab; 2 Get Out; 2 Impractical Joke; 1 Ral, Crackling Wit; 1 Roaring Furnace // Steaming Sauna; 2 Soul-Guide Lantern; 2 Spell Pierce"
Arrick Chaulk,Izzet Prowess,6 Island; 4 Eddymurk Crab; 4 Opt; 4 Stormchaser's Talent; 4 Burst Lightning; 1 Starting Town; 4 Boomerang Basics; 2 Get Out; 4 Flow State; 1 Impractical Joke; 4 Multiversal Passage; 1 Spell Pierce; 1 Into the Flood Maw; 1 Stock Up; 2 Riverpyre Verge; 4 Steam Vents; 4 Spirebluff Canal; 4 Sleight of Hand; 1 Fire Magic; 4 Slickshot Show-Off,"1 Disdainful Stroke; 1 Annul; 1 Get Out; 1 Torch the Tower; 1 Sear; 1 Ghost Vacuum; 1 Roaring Furnace // Steaming Sauna; 2 Ral, Crackling Wit; 2 Soul-Guide Lantern; 1 Fire Magic; 1 Negate; 2 Broadside Barrage"
Xinrong Chen,Izzet Prowess,4 Boomerang Basics; 1 Bounce Off; 4 Burst Lightning; 2 Eddymurk Crab; 4 Elusive Otter; 4 Flow State; 6 Island; 2 Multiversal Passage; 1 Octopus Form; 4 Opt; 4 Riverpyre Verge; 4 Sleight of Hand; 4 Slickshot Show-Off; 4 Spirebluff Canal; 4 Steam Vents; 2 Stock Up; 4 Stormchaser's Talent; 1 Wild Ride; 1 Willowrush Verge,"1 Broadside Barrage; 2 Eddymurk Crab; 1 Fire Magic; 2 Get Out; 1 Ghost Vacuum; 2 Ral, Crackling Wit; 1 Roaring Furnace // Steaming Sauna; 1 Sear; 2 Soul-Guide Lantern; 2 Spell Pierce"
Yang Chen,Izzet Prowess,7 Island; 4 Eddymurk Crab; 4 Opt; 4 Stormchaser's Talent; 2 Traumatic Critique; 4 Burst Lightning; 1 Stormcarved Coast; 4 Boomerang Basics; 2 Get Out; 4 Colorstorm Stallion; 4 Flow State; 1 Multiversal Passage; 2 Spell Pierce; 1 Prismari Charm; 4 Riverpyre Verge; 4 Steam Vents; 4 Spirebluff Canal; 4 Sleight of Hand,"1 Disdainful Stroke; 1 Sear; 1 Ghost Vacuum; 1 Roaring Furnace // Steaming Sauna; 1 Stormcarved Coast; 2 Emeritus of Ideation; 1 Ral, Crackling Wit; 2 Soul-Guide Lantern; 1 Negate; 2 Broadside Barrage; 2 Sunderflock"
Vincent Choy,Azorius Tempo,"4 High Noon; 4 Floodpits Drowner; 1 Restless Anchorage; 1 Three Steps Ahead; 4 Aang, Swift Savior; 3 Avatar's Wrath; 4 Starting Town; 4 Aven Interrupter; 4 Floodfarm Verge; 4 Hallowed Fountain; 3 Seam Rip; 2 Skycoach Conductor; 3 Island; 1 Enduring Innocence; 4 Voice of Victory; 2 No More Lies; 2 Multiversal Passage; 1 Spell Snare; 1 Enduring Curiosity; 2 Abandoned Air Temple; 5 Plains; 1 Tishana's Tidebinder","1 Disdainful Stroke; 1 Requisition Raid; 1 Glen Elendra Guardian; 1 Wan Shi Tong, Librarian; 1 Get Lost; 1 Avatar's Wrath; 2 Rest in Peace; 2 Ajani, Outland Chaperone; 1 Erode; 2 Clarion Conqueror; 1 Elspeth, Storm Slayer; 1 Tishana's Tidebinder"
Oliver Coffey,Izzet Prowess,7 Island; 1 Great Hall of the Biblioplex; 1 Multiversal Passage; 4 Riverpyre Verge; 4 Spirebluff Canal; 4 Steam Vents; 4 Boomerang Basics; 4 Opt; 4 Sleight of Hand; 2 Spell Pierce; 4 Stormchaser's Talent; 4 Flow State; 1 Prismari Charm; 3 Colorstorm Stallion; 4 Eddymurk Crab; 1 Roaring Furnace // Steaming Sauna; 4 Burst Lightning; 2 Traumatic Critique; 1 Get Out; 1 Hearth Elemental,"2 Ral, Crackling Wit; 2 Soul-Guide Lantern; 1 Ghost Vacuum; 1 Roaring Furnace // Steaming Sauna; 1 Hearth Elemental; 3 Sunderflock; 1 Get Out; 2 Broadside Barrage; 1 Annul; 1 Impractical Joke"
Ryan Condon,Izzet Spellementals,4 Eddymurk Crab; 4 Sunderflock; 4 Opt; 4 Prismari Charm; 4 Burst Lightning; 4 Traumatic Critique; 1 Spell Pierce; 2 Get Out; 6 Island; 4 Riverpyre Verge; 4 Steam Vents; 4 Spirebluff Canal; 4 Hearth Elemental; 4 Sleight of Hand; 4 Winternight Stories; 2 Multiversal Passage; 1 Spell Snare,3 Soul-Guide Lantern; 4 Colorstorm Stallion; 1 Spell Snare; 2 Annul; 1 Broadside Barrage; 1 Impractical Joke; 2 Get Out; 1 Spell Pierce
Albert Cordobés,Jeskai Control,1 Mistrise Village; 1 Traumatic Critique; 1 Stormcarved Coast; 2 Pyroclasm; 2 Flashback; 4 Thunder Magic; 4 Great Hall of the Biblioplex; 4 Consult the Star Charts; 2 Hallowed Fountain; 4 Jeskai Revelation; 2 Sundown Pass; 1 Impractical Joke; 3 Island; 3 Mountain; 2 Sear; 1 Into the Flood Maw; 4 Stock Up; 4 Riverpyre Verge; 4 Tablet of Discovery; 4 Steam Vents; 1 Essence Scatter; 2 Broadside Barrage; 2 Swallowed by Leviathan; 2 Petrified Hamlet,1 Disdainful Stroke; 1 Annul; 1 Slagstorm; 1 Impractical Joke; 2 Spell Pierce; 3 Emeritus of Ideation; 3 Flashfreeze; 1 Petrified Hamlet; 1 Erode; 1 Broadside Barrage
Nicolas Cosgrove,Temur Lute,1 Cori Mountain Monastery; 3 Three Steps Ahead; 4 Flashback; 1 Traumatic Critique; 3 Stormcarved Coast; 4 Great Hall of the Biblioplex; 4 Consult the Star Charts; 4 Colorstorm Stallion; 3 Breeding Pool; 3 Island; 1 Mountain; 3 Doppelgang; 2 Sear; 4 Firebending Lesson; 1 Spell Pierce; 4 Resonating Lute; 3 Prismari Charm; 4 Riverpyre Verge; 4 Steam Vents; 2 Spirebluff Canal; 2 Emeritus of Ideation,1 Disdainful Stroke; 2 Negate; 1 Flashfreeze; 1 Annul; 2 Slagstorm; 1 Impractical Joke; 2 Ghost Vacuum; 1 Sear; 1 Emeritus of Ideation; 1 Soul-Guide Lantern; 1 Fire Magic; 1 Spell Pierce
Matt Costa,Izzet Prowess,7 Island; 4 Eddymurk Crab; 4 Opt; 4 Stormchaser's Talent; 4 Burst Lightning; 4 Boomerang Basics; 1 Get Out; 1 Roaring Furnace // Steaming Sauna; 4 Flow State; 1 Impractical Joke; 2 Multiversal Passage; 2 Spell Pierce; 2 Stock Up; 4 Riverpyre Verge; 4 Steam Vents; 4 Spirebluff Canal; 4 Sleight of Hand; 4 Slickshot Show-Off,1 Disdainful Stroke; 1 Annul; 2 Slagstorm; 2 Get Out; 1 Impractical Joke; 1 Sear; 2 The Legend of Kuruk; 1 Spell Pierce; 1 Negate; 2 Sunderflock; 1 Spell Snare
Robin Courtiat,Izzet Prowess,7 Island; 4 Opt; 2 Eddymurk Crab; 4 Stormchaser's Talent; 4 Burst Lightning; 4 Boomerang Basics; 2 Colorstorm Stallion; 4 Flow State; 2 Secret Identity; 1 Impractical Joke; 2 Multiversal Passage; 1 Spell Pierce; 1 Into the Flood Maw; 1 Drake Hatcher; 1 Prismari Charm; 4 Riverpyre Verge; 4 Steam Vents; 4 Spirebluff Canal; 4 Sleight of Hand; 4 Slickshot Show-Off,"1 Disdainful Stroke; 1 Hydro-Man, Fluid Felon; 2 Get Out; 2 Roaring Furnace // Steaming Sauna; 2 Sear; 1 Stock Up; 2 Annul; 1 Ral, Crackling Wit; 2 Soul-Guide Lantern; 1 Spell Pierce"
Brian Coval,Azorius Momo,"2 Aang, Swift Savior; 2 Abandoned Air Temple; 4 Daydream; 1 Erode; 1 Flitterwing Nuisance; 4 Floodfarm Verge; 2 Haliya, Guided by Light; 4 Hallowed Fountain; 1 Island; 4 Momo, Friendly Flier; 2 Multiversal Passage; 2 Nurturing Pixie; 1 Parting Gust; 8 Plains; 4 Quantum Riddler; 4 Sage of the Skies; 3 Seam Rip; 4 Springleaf Drum; 4 Starfield Shepherd; 2 Steamcore Scholar; 1 Spider-Sense","1 Avatar's Wrath; 2 Clarion Conqueror; 1 Cosmogrand Zenith; 1 Curious Farm Animals; 2 Disdainful Stroke; 1 Flashfreeze; 1 Get Lost; 1 Pyrrhic Strike; 2 Rest in Peace; 2 Wan Shi Tong, Librarian; 1 Spider-Sense"
Matheus Crusius,Mono-Green Landfall,1 Promising Vein; 4 Earthbender Ascension; 4 Mightform Harmonizer; 4 Meltstrider's Resolve; 2 Esper Origins; 4 Keen-Eyed Curator; 4 Sazh's Chocobo; 3 Ba Sing Se; 4 Fabled Passage; 4 Icetill Explorer; 4 Llanowar Elves; 4 Escape Tunnel; 14 Forest; 4 Badgermole Cub,2 Pawpatch Formation; 4 Mossborn Hydra; 2 Eumidian Terrabotanist; 4 Sapling Nursery; 2 Royal Treatment; 1 Archdruid's Charm
Anthony Cuello,Izzet Prowess,4 Boomerang Basics; 1 Breeding Pool; 4 Burst Lightning; 4 Colorstorm Stallion; 3 Elusive Otter; 4 Flow State; 1 Into the Flood Maw; 6 Island; 2 Multiversal Passage; 4 Opt; 4 Riverpyre Verge; 1 Secret Identity; 4 Sleight of Hand; 4 Slickshot Show-Off; 4 Spirebluff Canal; 4 Steam Vents; 4 Stormchaser's Talent; 2 Wild Ride,"1 Broadside Barrage; 2 Eddymurk Crab; 1 Elusive Otter; 2 Get Out; 2 Impractical Joke; 1 Ral, Crackling Wit; 1 Roaring Furnace // Steaming Sauna; 2 Soul-Guide Lantern; 2 Spell Pierce; 1 Sear"
Andrew Cuneo,Mono-Green Landfall,3 Ba Sing Se; 4 Badgermole Cub; 4 Earthbender Ascension; 3 Escape Tunnel; 4 Fabled Passage; 13 Forest; 4 Icetill Explorer; 4 Llanowar Elves; 4 Meltstrider's Resolve; 4 Mightform Harmonizer; 1 The Ooze; 3 Promising Vein; 4 Sazh's Chocobo; 1 Snakeskin Veil; 3 Keen-Eyed Curator; 1 Primal Might,"2 Leatherhead, Swamp Stalker; 2 Origin of Metalbending; 2 Pawpatch Formation; 4 Sapling Nursery; 1 Primal Might; 3 Mossborn Hydra; 1 Snakeskin Veil"
Xiangjun Dai,Izzet Prowess,4 Boomerang Basics; 4 Burst Lightning; 4 Eddymurk Crab; 4 Flow State; 2 Get Out; 7 Island; 1 Multiversal Passage; 4 Opt; 1 Prismari Charm; 4 Riverpyre Verge; 1 Roaring Furnace // Steaming Sauna; 4 Sleight of Hand; 4 Slickshot Show-Off; 2 Spell Pierce; 4 Spirebluff Canal; 4 Steam Vents; 1 Stock Up; 1 Stormcarved Coast; 4 Stormchaser's Talent,"1 Annul; 2 Broadside Barrage; 1 Drake Hatcher; 1 Get Out; 1 Ghost Vacuum; 1 Impractical Joke; 1 Negate; 2 Ral, Crackling Wit; 1 Roaring Furnace // Steaming Sauna; 1 Sear; 1 Slagstorm; 2 Soul-Guide Lantern"
Nam Dang,Izzet Prowess,7 Island; 4 Eddymurk Crab; 4 Opt; 4 Stormchaser's Talent; 4 Burst Lightning; 4 Boomerang Basics; 2 Get Out; 1 Roaring Furnace // Steaming Sauna; 4 Flow State; 1 Impractical Joke; 2 Multiversal Passage; 1 Spell Pierce; 2 Stock Up; 4 Riverpyre Verge; 4 Steam Vents; 4 Spirebluff Canal; 4 Sleight of Hand; 4 Slickshot Show-Off,1 Disdainful Stroke; 1 Annul; 2 Slagstorm; 1 Get Out; 1 Impractical Joke; 1 Sear; 1 Soul-Guide Lantern; 2 The Legend of Kuruk; 1 Spell Pierce; 1 Negate; 2 Sunderflock; 1 Spell Snare
Aylin Davis,Azorius Momo,"4 Springleaf Drum; 4 Momo, Friendly Flier; 1 Cosmogrand Zenith; 2 Floodpits Drowner; 4 Quantum Riddler; 4 Sage of the Skies; 2 Nurturing Pixie; 4 Starfield Shepherd; 3 Haliya, Guided by Light; 4 Seam Rip; 2 Get Lost; 4 Floodfarm Verge; 4 Hallowed Fountain; 4 Multiversal Passage; 2 Starting Town; 6 Plains; 2 Abandoned Air Temple; 4 Daydream",2 Emeritus of Truce; 2 Clarion Conqueror; 1 Curious Farm Animals; 1 Figure of Fable; 3 Rest in Peace; 2 Disdainful Stroke; 2 Flashfreeze; 2 Requisition Raid
Derrick Davis,Jeskai Control,1 Mistrise Village; 1 Traumatic Critique; 2 Pyroclasm; 2 Stormcarved Coast; 4 Thunder Magic; 2 Flashback; 4 Great Hall of the Biblioplex; 4 Consult the Star Charts; 2 Hallowed Fountain; 3 Sundown Pass; 4 Jeskai Revelation; 1 Impractical Joke; 3 Island; 2 Mountain; 2 Sear; 1 Into the Flood Maw; 4 Stock Up; 4 Riverpyre Verge; 4 Tablet of Discovery; 4 Steam Vents; 1 Essence Scatter; 2 Broadside Barrage; 1 Petrified Hamlet; 2 Swallowed by Leviathan,1 Disdainful Stroke; 1 Annul; 1 Slagstorm; 1 Impractical Joke; 2 Spell Pierce; 3 Emeritus of Ideation; 3 Flashfreeze; 1 Petrified Hamlet; 1 Erode; 1 Broadside Barrage
Marco Del Pivo,Mono-Green Landfall,3 Ba Sing Se; 4 Badgermole Cub; 1 Bushwhack; 1 Demolition Field; 4 Earthbender Ascension; 4 Escape Tunnel; 3 Esper Origins; 4 Fabled Passage; 14 Forest; 4 Icetill Explorer; 3 Keen-Eyed Curator; 4 Llanowar Elves; 2 Meltstrider's Resolve; 4 Mightform Harmonizer; 1 Royal Treatment; 4 Sazh's Chocobo,"2 Meltstrider's Resolve; 4 Mossborn Hydra; 1 Origin of Metalbending; 2 Pawpatch Formation; 3 Sapling Nursery; 1 Scrapshooter; 2 Surrak, Elusive Hunter"
Jean-Emmanuel Depraz,Izzet Prowess,7 Island; 4 Opt; 2 Eddymurk Crab; 4 Stormchaser's Talent; 4 Burst Lightning; 4 Boomerang Basics; 1 Plasma Bolt; 2 Colorstorm Stallion; 2 Secret Identity; 4 Flow State; 2 Multiversal Passage; 1 Spell Pierce; 1 Into the Flood Maw; 1 Drake Hatcher; 1 Prismari Charm; 4 Riverpyre Verge; 4 Steam Vents; 4 Spirebluff Canal; 4 Sleight of Hand; 4 Slickshot Show-Off,"1 Disdainful Stroke; 1 Hydro-Man, Fluid Felon; 2 Get Out; 2 Roaring Furnace // Steaming Sauna; 2 Sear; 1 Stock Up; 2 Annul; 1 Ral, Crackling Wit; 2 Soul-Guide Lantern; 1 Spell Pierce"
Nick Deriu,Four-Color Control,4 Consult the Star Charts; 1 Cori Mountain Monastery; 1 Day of Judgment; 1 Fire Magic; 2 Flashback; 2 Get Lost; 2 Gloomlake Verge; 1 Godless Shrine; 4 Great Hall of the Biblioplex; 1 Hallowed Fountain; 1 Ill-Timed Explosion; 3 Inevitable Defeat; 4 Jeskai Revelation; 2 Lightning Helix; 4 Meticulous Archive; 2 Mistrise Village; 1 Multiversal Passage; 1 Negate; 3 No More Lies; 1 Pest Control; 1 Plains; 3 Resonating Lute; 2 Shattered Sanctum; 1 Spell Snare; 4 Steam Vents; 3 Stock Up; 1 Stormcarved Coast; 2 Sunbillow Verge; 1 Sundown Pass; 1 Traumatic Critique,"1 Day of Judgment; 2 Disdainful Stroke; 1 Fire Magic; 2 Flashfreeze; 2 High Noon; 1 Outrageous Robbery; 1 Pest Control; 2 Stoic Sphinx; 2 Strategic Betrayal; 1 Wan Shi Tong, Librarian"
Davor Detecnik,Izzet Prowess,6 Island; 4 Opt; 3 Elusive Otter; 4 Stormchaser's Talent; 4 Burst Lightning; 4 Boomerang Basics; 4 Colorstorm Stallion; 1 Breeding Pool; 4 Flow State; 1 Secret Identity; 2 Wild Ride; 2 Multiversal Passage; 1 Into the Flood Maw; 4 Riverpyre Verge; 4 Steam Vents; 4 Spirebluff Canal; 4 Sleight of Hand; 4 Slickshot Show-Off,"1 Elusive Otter; 2 Eddymurk Crab; 2 Get Out; 1 Sear; 2 Impractical Joke; 1 Roaring Furnace // Steaming Sauna; 2 Spell Pierce; 1 Ral, Crackling Wit; 2 Soul-Guide Lantern; 1 Broadside Barrage"
James Dimitrov,Izzet Prowess,8 Island; 4 Eddymurk Crab; 4 Opt; 4 Stormchaser's Talent; 2 Traumatic Critique; 4 Burst Lightning; 4 Boomerang Basics; 2 Get Out; 4 Colorstorm Stallion; 4 Flow State; 1 Multiversal Passage; 2 Spell Pierce; 1 Prismari Charm; 4 Riverpyre Verge; 4 Steam Vents; 4 Spirebluff Canal; 4 Sleight of Hand,"1 Disdainful Stroke; 1 Wan Shi Tong, Librarian; 1 Annul; 1 Slagstorm; 1 Get Out; 1 Impractical Joke; 1 Sear; 1 Roaring Furnace // Steaming Sauna; 2 Ral, Crackling Wit; 2 Soul-Guide Lantern; 2 Broadside Barrage; 1 Spell Snare"
Shawn Doherty,Izzet Maestro,2 Mistrise Village; 2 Thundering Falls; 3 Sorceress's Schemes; 3 Three Steps Ahead; 2 Willowrush Verge; 1 Abrade; 2 Great Hall of the Biblioplex; 3 Molten-Core Maestro; 1 Hedge Maze; 1 Fountainport; 4 Combustion Technique; 3 Ashling's Command; 2 Island; 4 Firebending Lesson; 1 Spell Pierce; 2 Abandon Attachments; 4 Accumulate Wisdom; 1 Stock Up; 1 Prismari Charm; 4 Riverpyre Verge; 2 It'll Quench Ya!; 4 Steam Vents; 4 Tablet of Discovery; 4 Spirebluff Canal,2 Origin of Metalbending; 2 Negate; 2 Mathemagics; 1 Ill-Timed Explosion; 2 Annul; 2 Flashfreeze; 2 Soul-Guide Lantern; 1 Spell Pierce; 1 Broadside Barrage
Javier Dominguez,Selesnya Landfall,"4 Erode; 2 Surrak, Elusive Hunter; 2 Lumbering Worldwagon; 2 Bushwhack; 4 Earthbender Ascension; 4 Sazh's Chocobo; 7 Forest; 1 Icetill Explorer; 2 Temple Garden; 1 Keen-Eyed Curator; 4 Llanowar Elves; 4 Badgermole Cub; 4 Fabled Passage; 2 Dyadrine, Synthesis Amalgam; 4 Hushwood Verge; 4 Mightform Harmonizer; 3 Escape Tunnel; 2 Plains; 3 Ba Sing Se; 1 Mossborn Hydra","1 Surrak, Elusive Hunter; 4 Sheltered by Ghosts; 1 Kutzil, Malamet Exemplar; 3 Mossborn Hydra; 3 Rest in Peace; 3 Snakeskin Veil"
Arch Dota,Azorius Tempo,"4 High Noon; 4 Floodpits Drowner; 1 Restless Anchorage; 4 Aang, Swift Savior; 2 Avatar's Wrath; 4 Starting Town; 4 Aven Interrupter; 2 Get Lost; 4 Hallowed Fountain; 4 Floodfarm Verge; 4 Skycoach Conductor; 4 Island; 2 Spell Snare; 4 Voice of Victory; 1 Beza, the Bounding Spring; 2 Multiversal Passage; 1 Airbender Ascension; 2 Abandoned Air Temple; 4 Plains; 3 Quantum Riddler","2 Disdainful Stroke; 1 Pyrrhic Strike; 2 Seam Rip; 2 Ghost Vacuum; 1 Beza, the Bounding Spring; 1 Spectacular Tactics; 2 Annul; 2 Flashfreeze; 1 Quantum Riddler; 1 Petrified Hamlet"
Kenith Dsouza,Mono-Green Landfall,3 Ba Sing Se; 4 Badgermole Cub; 4 Earthbender Ascension; 4 Escape Tunnel; 3 Esper Origins; 4 Fabled Passage; 14 Forest; 4 Icetill Explorer; 3 Keen-Eyed Curator; 4 Llanowar Elves; 2 Meltstrider's Resolve; 4 Mightform Harmonizer; 1 Promising Vein; 4 Sazh's Chocobo; 1 Mossborn Hydra; 1 Royal Treatment,"1 Keen-Eyed Curator; 3 Mossborn Hydra; 2 Origin of Metalbending; 2 Pawpatch Formation; 4 Sapling Nursery; 1 Surrak, Elusive Hunter; 2 Meltstrider's Resolve"
Eleanor Dubreuil,Izzet Maestro,2 Mistrise Village; 2 Thundering Falls; 3 Sorceress's Schemes; 3 Three Steps Ahead; 2 Willowrush Verge; 1 Abrade; 1 Hedge Maze; 3 Molten-Core Maestro; 3 Great Hall of the Biblioplex; 1 Fountainport; 4 Combustion Technique; 3 Ashling's Command; 2 Island; 4 Firebending Lesson; 1 Spell Pierce; 2 Abandon Attachments; 4 Accumulate Wisdom; 1 Stock Up; 1 Prismari Charm; 2 It'll Quench Ya!; 4 Riverpyre Verge; 4 Steam Vents; 4 Tablet of Discovery; 3 Spirebluff Canal,2 Origin of Metalbending; 2 Negate; 2 Mathemagics; 1 Ill-Timed Explosion; 2 Annul; 2 Flashfreeze; 2 Soul-Guide Lantern; 1 Spell Pierce; 1 Broadside Barrage
Lucas Duchow,Izzet Prowess,4 Stormchaser's Talent; 4 Boomerang Basics; 4 Burst Lightning; 4 Opt; 4 Sleight of Hand; 4 Flow State; 4 Eddymurk Crab; 1 Hearth Elemental; 1 Sear; 1 Traumatic Critique; 2 Get Out; 1 Octopus Form; 1 Spell Pierce; 3 Colorstorm Stallion; 1 Impractical Joke; 7 Island; 4 Spirebluff Canal; 4 Steam Vents; 4 Riverpyre Verge; 1 Stormcarved Coast; 1 Great Hall of the Biblioplex,"1 Slagstorm; 3 Sunderflock; 1 Hearth Elemental; 1 Annul; 1 Spell Pierce; 1 Ghost Vacuum; 1 Soul-Guide Lantern; 2 Ral, Crackling Wit; 1 Disdainful Stroke; 2 Broadside Barrage; 1 Roaring Furnace // Steaming Sauna"
Reid Duke,Izzet Prowess,4 Boomerang Basics; 4 Steam Vents; 4 Eddymurk Crab; 4 Spirebluff Canal; 4 Sleight of Hand; 2 Multiversal Passage; 4 Opt; 4 Riverpyre Verge; 7 Island; 4 Slickshot Show-Off; 2 Stock Up; 4 Burst Lightning; 2 Impractical Joke; 4 Stormchaser's Talent; 4 Flow State; 2 Spell Pierce; 1 Get Out,2 Get Out; 1 Annul; 1 Roaring Furnace // Steaming Sauna; 2 The Legend of Kuruk; 2 Slagstorm; 1 Soul-Guide Lantern; 1 Disdainful Stroke; 2 Sunderflock; 1 Spell Snare; 1 Negate; 1 Sear
Willy Edel,Four-Color Elementals,"1 Cori Mountain Monastery; 4 Vibrance; 2 Sunderflock; 1 Ygra, Eater of All; 1 Stormcarved Coast; 3 Burst Lightning; 4 Starting Town; 1 Bounce Off; 1 Restless Reef; 3 Deceit; 4 Wistfulness; 2 Ill-Timed Explosion; 4 Secluded Courtyard; 1 Breeding Pool; 2 Winternight Stories; 4 Flamebraider; 2 Superior Spider-Man; 2 Island; 1 Beza, the Bounding Spring; 4 Ashling, Rekindled; 1 Sear; 4 Cavern of Souls; 1 Watery Grave; 1 Pit of Offerings; 4 Steam Vents; 1 Spirebluff Canal; 1 Unsummon","2 Ghost Vacuum; 1 Sear; 1 Twinmaw Stormbrood; 2 Beza, the Bounding Spring; 2 Spectral Denial; 2 Emeritus of Ideation; 1 Fire Magic; 2 Broadside Barrage; 1 Pit of Offerings; 1 Sunderflock"
Adam Edelson,Izzet Prowess,7 Island; 4 Eddymurk Crab; 4 Opt; 4 Stormchaser's Talent; 2 Traumatic Critique; 4 Burst Lightning; 1 Stormcarved Coast; 1 Great Hall of the Biblioplex; 4 Boomerang Basics; 2 Get Out; 4 Colorstorm Stallion; 4 Flow State; 1 Impractical Joke; 1 Sear; 1 Spell Pierce; 4 Riverpyre Verge; 4 Steam Vents; 4 Spirebluff Canal; 4 Sleight of Hand,"1 Flashfreeze; 1 Annul; 1 Slagstorm; 2 Hearth Elemental; 1 Ghost Vacuum; 2 Ral, Crackling Wit; 1 Soul-Guide Lantern; 1 Spell Pierce; 2 Broadside Barrage; 3 Sunderflock"
Terry Edwards,Azorius Momo,"4 Momo, Friendly Flier; 2 Aang, Swift Savior; 1 Mockingbird; 2 Haliya, Guided by Light; 3 Seam Rip; 4 Hallowed Fountain; 4 Floodfarm Verge; 4 Springleaf Drum; 1 Island; 1 Practiced Offense; 2 Multiversal Passage; 4 Daydream; 2 Abandoned Air Temple; 8 Plains; 4 Sage of the Skies; 4 Starfield Shepherd; 1 Spider-Sense; 2 Cosmogrand Zenith; 3 Nurturing Pixie; 4 Quantum Riddler",2 Disdainful Stroke; 2 Aven Interrupter; 1 Spider-Sense; 2 Avatar's Wrath; 1 Curious Farm Animals; 3 Rest in Peace; 1 Spell Pierce; 1 Erode; 2 Clarion Conqueror
Andrew Elenbogen,Azorius Momo,"2 Floodpits Drowner; 4 Momo, Friendly Flier; 2 Starting Town; 4 Seam Rip; 2 Get Lost; 3 Haliya, Guided by Light; 4 Floodfarm Verge; 4 Hallowed Fountain; 4 Springleaf Drum; 4 Daydream; 4 Multiversal Passage; 2 Abandoned Air Temple; 4 Sage of the Skies; 4 Starfield Shepherd; 6 Plains; 1 Cosmogrand Zenith; 2 Nurturing Pixie; 4 Quantum Riddler",2 Disdainful Stroke; 2 Requisition Raid; 2 Emeritus of Truce; 1 Curious Farm Animals; 1 Figure of Fable; 2 Flashfreeze; 3 Rest in Peace; 2 Clarion Conqueror
Charles Eliatamby,Mono-Green Landfall,3 Esper Origins; 4 Earthbender Ascension; 4 Mightform Harmonizer; 4 Escape Tunnel; 3 Meltstrider's Resolve; 1 Demolition Field; 1 Royal Treatment; 3 Keen-Eyed Curator; 4 Sazh's Chocobo; 3 Ba Sing Se; 4 Icetill Explorer; 4 Llanowar Elves; 4 Badgermole Cub; 4 Fabled Passage; 14 Forest,"2 Surrak, Elusive Hunter; 1 Meltstrider's Resolve; 1 Origin of Metalbending; 1 Scrapshooter; 1 Pawpatch Formation; 1 Archdruid's Charm; 4 Mossborn Hydra; 1 Sandman, Shifting Scoundrel; 3 Sapling Nursery"
Asha Mills Emmett,Izzet Prowess,4 Boomerang Basics; 4 Burst Lightning; 4 Eddymurk Crab; 4 Flow State; 2 Get Out; 7 Island; 4 Opt; 1 Bounce Off; 4 Riverpyre Verge; 4 Sleight of Hand; 4 Slickshot Show-Off; 2 Spell Pierce; 4 Spirebluff Canal; 4 Steam Vents; 1 Stock Up; 4 Stormchaser's Talent; 2 Multiversal Passage; 1 Octopus Form,"2 Ghost Vacuum; 1 Sear; 2 Slagstorm; 1 Spell Snare; 1 Negate; 2 Ral, Crackling Wit; 1 Broadside Barrage; 4 Elusive Otter; 1 Roaring Furnace // Steaming Sauna"
Victor Santos Esquici,Dimir Excruciator,3 Bitter Triumph; 10 Swamp; 2 Day of Black Sun; 1 Deadly Cover-Up; 4 Gloomlake Verge; 3 Duress; 2 Emeritus of Ideation; 4 Doomsday Excruciator; 4 Requiting Hex; 4 Restless Reef; 2 Stock Up; 2 Strategic Betrayal; 4 Deceit; 2 Undercity Sewers; 2 Cavern of Souls; 3 Winternight Stories; 4 Watery Grave; 4 Superior Spider-Man,1 Decorum Dissertation; 3 Oildeep Gearhulk; 1 Duress; 1 Day of Black Sun; 1 Deadly Cover-Up; 1 Disdainful Stroke; 2 Qarsi Revenant; 2 Flashfreeze; 1 Strategic Betrayal; 1 The End; 1 Shoot the Sheriff
Neil Estrada,Mono-Green Landfall,4 Ba Sing Se; 4 Badgermole Cub; 4 Earthbender Ascension; 2 Dragon Sniper; 4 Escape Tunnel; 4 Esper Origins; 4 Fabled Passage; 13 Forest; 4 Icetill Explorer; 4 Llanowar Elves; 4 Meltstrider's Resolve; 4 Mightform Harmonizer; 4 Sazh's Chocobo; 1 Cavern of Souls,1 Archdruid's Charm; 1 Cavern of Souls; 1 Edge Rover; 4 Mossborn Hydra; 2 Royal Treatment; 2 Sapling Nursery; 3 Soul-Guide Lantern; 1 Pawpatch Formation
Julius Fan,Izzet Spellementals,4 Sunderflock; 6 Island; 4 Eddymurk Crab; 4 Opt; 4 Burst Lightning; 4 Traumatic Critique; 2 Get Out; 4 Winternight Stories; 2 Multiversal Passage; 1 Spell Snare; 1 Spell Pierce; 4 Hearth Elemental; 4 Riverpyre Verge; 4 Prismari Charm; 4 Steam Vents; 4 Spirebluff Canal; 4 Sleight of Hand,4 Colorstorm Stallion; 2 Get Out; 1 Impractical Joke; 2 Annul; 3 Soul-Guide Lantern; 1 Spell Pierce; 1 Spell Snare; 1 Broadside Barrage
Percy Fang,Mono-Red Aggro,"4 Razorkin Needlehead; 2 Shock; 13 Mountain; 1 Tokka and Rahzar, Terrible Twos; 4 Scalding Viper; 3 Fanatical Firebrand; 4 Burst Lightning; 3 Hexing Squelcher; 4 Scorching Shot; 4 Hearthborn Battler; 3 Ojer Axonil, Deepest Might; 4 Hired Claw; 1 Great Hall of the Biblioplex; 4 Riverpyre Verge; 4 Steam Vents; 1 Spirebluff Canal; 1 Kellan, Planar Trailblazer","3 Stingerback Terror; 2 Twinmaw Stormbrood; 4 Magebane Lizard; 1 Tokka and Rahzar, Terrible Twos; 2 Soul-Guide Lantern; 1 Impractical Joke; 2 Sunspine Lynx"
Noé Fauquenoi,Mono-Green Landfall,"2 Esper Origins; 1 Bristly Bill, Spine Sower; 1 Promising Vein; 4 Earthbender Ascension; 4 Mightform Harmonizer; 4 Escape Tunnel; 3 Meltstrider's Resolve; 3 Sapling Nursery; 1 Royal Treatment; 4 Sazh's Chocobo; 3 Ba Sing Se; 4 Icetill Explorer; 4 Llanowar Elves; 4 Badgermole Cub; 4 Fabled Passage; 14 Forest",2 Origin of Metalbending; 1 Meltstrider's Resolve; 2 Pawpatch Formation; 2 Torpor Orb; 3 Keen-Eyed Curator; 4 Mossborn Hydra; 1 Sapling Nursery
Zevin Faust,Azorius Tempo,"4 High Noon; 4 Floodpits Drowner; 1 Restless Anchorage; 4 Aang, Swift Savior; 2 Avatar's Wrath; 4 Starting Town; 4 Aven Interrupter; 2 Get Lost; 4 Floodfarm Verge; 4 Hallowed Fountain; 4 Skycoach Conductor; 4 Island; 4 Voice of Victory; 2 Spell Snare; 2 Multiversal Passage; 1 Beza, the Bounding Spring; 1 Airbender Ascension; 2 Abandoned Air Temple; 4 Plains; 3 Quantum Riddler","2 Disdainful Stroke; 2 Seam Rip; 1 Pyrrhic Strike; 2 Ghost Vacuum; 1 Beza, the Bounding Spring; 1 Spectacular Tactics; 2 Annul; 2 Flashfreeze; 1 Quantum Riddler; 1 Petrified Hamlet"
Isael Feitosa,Izzet Lessons,7 Island; 4 Eddymurk Crab; 4 Gran-Gran; 1 Traumatic Critique; 4 Stormchaser's Talent; 1 Stormcarved Coast; 4 Boomerang Basics; 4 Combustion Technique; 1 Impractical Joke; 3 Flow State; 2 Multiversal Passage; 2 Iroh's Demonstration; 4 Firebending Lesson; 2 Abandon Attachments; 4 Accumulate Wisdom; 4 Riverpyre Verge; 1 It'll Quench Ya!; 4 Steam Vents; 4 Spirebluff Canal,"1 Flashfreeze; 1 Impractical Joke; 1 Ghost Vacuum; 1 Iroh's Demonstration; 2 Spell Pierce; 2 Annul; 1 Soul-Guide Lantern; 1 The Legend of Kuruk; 2 Emeritus of Ideation; 1 Ral, Crackling Wit; 2 Sunderflock"
Mateo Ferreira,Selesnya Landfall,"4 Erode; 2 Surrak, Elusive Hunter; 2 Lumbering Worldwagon; 2 Bushwhack; 4 Earthbender Ascension; 7 Forest; 4 Sazh's Chocobo; 1 Icetill Explorer; 1 Keen-Eyed Curator; 2 Temple Garden; 4 Llanowar Elves; 4 Badgermole Cub; 2 Dyadrine, Synthesis Amalgam; 4 Fabled Passage; 4 Hushwood Verge; 4 Mightform Harmonizer; 3 Escape Tunnel; 2 Plains; 3 Ba Sing Se; 1 Mossborn Hydra","1 Surrak, Elusive Hunter; 4 Sheltered by Ghosts; 1 Kutzil, Malamet Exemplar; 3 Mossborn Hydra; 3 Rest in Peace; 3 Snakeskin Veil"
Nico Ferrigno,Izzet Prowess,8 Island; 4 Eddymurk Crab; 4 Opt; 4 Stormchaser's Talent; 2 Traumatic Critique; 4 Burst Lightning; 4 Boomerang Basics; 2 Get Out; 4 Colorstorm Stallion; 4 Flow State; 1 Multiversal Passage; 2 Spell Pierce; 1 Prismari Charm; 4 Riverpyre Verge; 4 Steam Vents; 4 Spirebluff Canal; 4 Sleight of Hand,"1 Disdainful Stroke; 1 Wan Shi Tong, Librarian; 1 Annul; 1 Slagstorm; 1 Get Out; 1 Impractical Joke; 1 Sear; 1 Roaring Furnace // Steaming Sauna; 2 Ral, Crackling Wit; 2 Soul-Guide Lantern; 2 Broadside Barrage; 1 Spell Snare"
Pedro Flores,Jeskai Control,"1 Cori Mountain Monastery; 1 Thundering Falls; 1 Elegant Parlor; 1 Mistrise Village; 2 Flashback; 4 Great Hall of the Biblioplex; 4 Consult the Star Charts; 2 Hallowed Fountain; 3 Floodfarm Verge; 3 Get Lost; 3 Jeskai Revelation; 2 Beza, the Bounding Spring; 4 No More Lies; 1 Day of Judgment; 3 Spell Snare; 4 Lightning Helix; 2 Meticulous Archive; 3 Sacred Foundry; 4 Stock Up; 3 Resonating Lute; 1 Plains; 4 Steam Vents; 2 Sunbillow Verge; 2 Fire Magic","2 Disdainful Stroke; 1 Flashfreeze; 2 Day of Judgment; 1 Beza, the Bounding Spring; 3 Emeritus of Ideation; 2 Rest in Peace; 1 Petrified Hamlet; 1 Negate; 2 Voice of Victory"
Zach Flynn,Izzet Prowess,7 Island; 4 Eddymurk Crab; 4 Opt; 4 Stormchaser's Talent; 4 Burst Lightning; 1 Stormcarved Coast; 4 Boomerang Basics; 2 Get Out; 1 Roaring Furnace // Steaming Sauna; 4 Flow State; 1 Impractical Joke; 1 Multiversal Passage; 1 Spell Snare; 1 Spell Pierce; 1 Prismari Charm; 4 Riverpyre Verge; 4 Steam Vents; 4 Spirebluff Canal; 4 Sleight of Hand; 4 Slickshot Show-Off,"1 Annul; 1 Slagstorm; 1 Get Out; 2 Molten-Core Maestro; 1 Sear; 1 Roaring Furnace // Steaming Sauna; 1 Stock Up; 2 Ral, Crackling Wit; 2 Soul-Guide Lantern; 2 Broadside Barrage; 1 Negate"
Elliot Fortier,Izzet Prowess,7 Island; 4 Eddymurk Crab; 4 Opt; 4 Stormchaser's Talent; 2 Traumatic Critique; 4 Burst Lightning; 1 Stormcarved Coast; 1 Great Hall of the Biblioplex; 4 Boomerang Basics; 2 Get Out; 4 Colorstorm Stallion; 4 Flow State; 1 Impractical Joke; 1 Sear; 1 Spell Pierce; 4 Riverpyre Verge; 4 Steam Vents; 4 Spirebluff Canal; 4 Sleight of Hand,"1 Flashfreeze; 1 Annul; 1 Slagstorm; 2 Hearth Elemental; 1 Ghost Vacuum; 2 Ral, Crackling Wit; 1 Soul-Guide Lantern; 1 Spell Pierce; 2 Broadside Barrage; 3 Sunderflock"
Mae French,Izzet Lessons,4 Abandon Attachments; 4 Accumulate Wisdom; 2 Agna Qel'a; 4 Artist's Talent; 2 Boomerang Basics; 4 Combustion Technique; 4 Firebending Lesson; 4 Gran-Gran; 2 Iroh's Demonstration; 6 Island; 4 It'll Quench Ya!; 4 Monument to Endurance; 2 Mountain; 4 Riverpyre Verge; 4 Spirebluff Canal; 4 Steam Vents; 2 Three Steps Ahead,1 Annul; 2 Broadside Barrage; 2 Emeritus of Ideation; 1 Essence Scatter; 1 Flashfreeze; 3 Price of Freedom; 2 Slagstorm; 3 Spell Pierce
Alex Friedrichsen,Mono-Green Landfall,4 Ba Sing Se; 4 Badgermole Cub; 4 Earthbender Ascension; 2 Dragon Sniper; 4 Escape Tunnel; 4 Esper Origins; 4 Fabled Passage; 13 Forest; 4 Icetill Explorer; 4 Llanowar Elves; 4 Meltstrider's Resolve; 4 Mightform Harmonizer; 1 Cavern of Souls; 4 Sazh's Chocobo,1 Cavern of Souls; 4 Mossborn Hydra; 2 Royal Treatment; 3 Soul-Guide Lantern; 2 Sapling Nursery; 1 Pawpatch Formation; 1 Edge Rover; 1 Archdruid's Charm
Paul Gabat,Golgari Kona,"3 Zuko's Conviction; 1 Valgavoth, Terror Eater; 1 Armaggon, Future Shark; 3 Dina's Guidance; 2 Forest; 2 Archdruid's Charm; 4 Starting Town; 2 Harvester of Misery; 3 Bitter Triumph; 4 Kona, Rescue Beastie; 4 Wastewood Verge; 2 Blooming Marsh; 4 Overgrown Tomb; 4 Requiting Hex; 4 Vaultborn Tyrant; 4 Evendo, Waking Haven; 4 Susur Secundi, Void Altar; 1 Ghalta, Stampede Tyrant; 3 Deep-Cavern Bat; 2 Withering Curse; 2 Overlord of the Balemurk; 1 Summon: Bahamut",3 Torpor Orb; 3 Keen-Eyed Curator; 2 Duress; 1 Absolute Virtue; 3 Overlord of the Hauntwoods; 3 Frenzied Baloth
Carlo De Gaetano,Izzet Lessons,6 Island; 4 Gran-Gran; 4 Stormchaser's Talent; 4 Boomerang Basics; 1 Agna Qel'a; 4 Combustion Technique; 1 Mountain; 1 Iroh's Demonstration; 2 Multiversal Passage; 4 Firebending Lesson; 4 Monument to Endurance; 4 Accumulate Wisdom; 4 Abandon Attachments; 4 Riverpyre Verge; 1 It'll Quench Ya!; 4 Artist's Talent; 4 Steam Vents; 4 Spirebluff Canal,"1 Disdainful Stroke; 1 Flashfreeze; 1 Wan Shi Tong, Librarian; 1 Slagstorm; 1 Impractical Joke; 2 Spell Pierce; 2 Annul; 2 Ral, Crackling Wit; 2 Quantum Riddler; 2 Broadside Barrage"
Gregorio Galeotti,Izzet Spellementals,2 Sear; 4 Sunderflock; 6 Island; 4 Eddymurk Crab; 4 Opt; 2 Spell Pierce; 4 Hearth Elemental; 4 Burst Lightning; 4 Traumatic Critique; 2 Stormcarved Coast; 4 Riverpyre Verge; 4 Prismari Charm; 4 Steam Vents; 4 Spirebluff Canal; 2 Get Out; 4 Sleight of Hand; 2 Winternight Stories,"2 Disdainful Stroke; 2 Spell Snare; 1 Emeritus of Ideation; 1 Ral, Crackling Wit; 4 Colorstorm Stallion; 3 Ghost Vacuum; 2 Broadside Barrage"
Steve Gan,Izzet Spellementals,4 Sunderflock; 6 Island; 4 Eddymurk Crab; 4 Opt; 4 Burst Lightning; 4 Traumatic Critique; 2 Get Out; 4 Winternight Stories; 2 Multiversal Passage; 1 Spell Snare; 1 Spell Pierce; 4 Hearth Elemental; 4 Riverpyre Verge; 4 Prismari Charm; 4 Steam Vents; 4 Spirebluff Canal; 4 Sleight of Hand,4 Colorstorm Stallion; 2 Get Out; 1 Impractical Joke; 2 Annul; 3 Soul-Guide Lantern; 1 Spell Pierce; 1 Spell Snare; 1 Broadside Barrage
Sergio Garcia,Selesnya Landfall,"3 Ba Sing Se; 4 Badgermole Cub; 2 Bushwhack; 2 Dyadrine, Synthesis Amalgam; 4 Earthbender Ascension; 4 Erode; 3 Escape Tunnel; 4 Fabled Passage; 7 Forest; 4 Hushwood Verge; 1 Icetill Explorer; 1 Keen-Eyed Curator; 4 Llanowar Elves; 2 Lumbering Worldwagon; 4 Mightform Harmonizer; 1 Mossborn Hydra; 2 Plains; 4 Sazh's Chocobo; 2 Surrak, Elusive Hunter; 2 Temple Garden","1 Kutzil, Malamet Exemplar; 3 Mossborn Hydra; 3 Rest in Peace; 4 Sheltered by Ghosts; 3 Snakeskin Veil; 1 Surrak, Elusive Hunter"
Andy Garcia-Romo,Mono-Green Landfall,1 Promising Vein; 4 Earthbender Ascension; 4 Mightform Harmonizer; 4 Meltstrider's Resolve; 4 Esper Origins; 4 Escape Tunnel; 2 Sapling Nursery; 4 Sazh's Chocobo; 3 Ba Sing Se; 4 Icetill Explorer; 4 Llanowar Elves; 4 Badgermole Cub; 4 Fabled Passage; 14 Forest,"3 Surrak, Elusive Hunter; 2 Pawpatch Formation; 2 Royal Treatment; 1 Glorious Decay; 3 Soul-Guide Lantern; 4 Mossborn Hydra"
Albert Queralt Garriga,Izzet Prowess,8 Island; 4 Eddymurk Crab; 4 Opt; 4 Stormchaser's Talent; 4 Burst Lightning; 1 Stormcarved Coast; 4 Boomerang Basics; 2 Get Out; 1 Roaring Furnace // Steaming Sauna; 4 Flow State; 2 Spell Pierce; 2 Prismari Charm; 4 Riverpyre Verge; 4 Steam Vents; 4 Spirebluff Canal; 4 Sleight of Hand; 4 Slickshot Show-Off,"1 Flashfreeze; 1 Wan Shi Tong, Librarian; 1 Annul; 1 Slagstorm; 1 Impractical Joke; 1 Sear; 2 Ghost Vacuum; 1 Roaring Furnace // Steaming Sauna; 2 Ral, Crackling Wit; 1 Soul-Guide Lantern; 2 Broadside Barrage; 1 Negate"
Ryan Gassaway,Izzet Prowess,7 Island; 4 Eddymurk Crab; 4 Opt; 1 Traumatic Critique; 4 Stormchaser's Talent; 4 Burst Lightning; 2 Stormcarved Coast; 3 Boomerang Basics; 3 Colorstorm Stallion; 2 Get Out; 2 Roaring Furnace // Steaming Sauna; 4 Flow State; 2 Spell Pierce; 1 Stock Up; 4 Riverpyre Verge; 4 Steam Vents; 4 Spirebluff Canal; 4 Sleight of Hand; 1 Vibrant Outburst,1 Annul; 1 Slagstorm; 1 Get Out; 1 Torpor Orb; 1 Impractical Joke; 1 Sear; 1 Spider-Sense; 2 Soul-Guide Lantern; 1 Spell Pierce; 2 Broadside Barrage; 1 Negate; 2 Sunderflock
Haven Gilbert-Avila,Izzet Spellementals,4 Sunderflock; 6 Island; 4 Eddymurk Crab; 4 Opt; 4 Burst Lightning; 4 Traumatic Critique; 2 Get Out; 4 Winternight Stories; 2 Multiversal Passage; 1 Spell Snare; 1 Spell Pierce; 4 Hearth Elemental; 4 Riverpyre Verge; 4 Prismari Charm; 4 Steam Vents; 4 Spirebluff Canal; 4 Sleight of Hand,4 Colorstorm Stallion; 2 Get Out; 1 Impractical Joke; 2 Annul; 3 Soul-Guide Lantern; 1 Spell Pierce; 1 Spell Snare; 1 Broadside Barrage
Luis Gobern,Dimir Excruciator,3 Bitter Triumph; 10 Swamp; 2 Day of Black Sun; 1 Deadly Cover-Up; 4 Gloomlake Verge; 3 Duress; 2 Emeritus of Ideation; 4 Doomsday Excruciator; 4 Requiting Hex; 4 Restless Reef; 2 Stock Up; 2 Strategic Betrayal; 4 Deceit; 2 Undercity Sewers; 2 Cavern of Souls; 3 Winternight Stories; 4 Watery Grave; 4 Superior Spider-Man,1 Decorum Dissertation; 3 Oildeep Gearhulk; 1 Duress; 1 Day of Black Sun; 1 Deadly Cover-Up; 1 Disdainful Stroke; 2 Qarsi Revenant; 2 Flashfreeze; 1 Strategic Betrayal; 1 The End; 1 Long Goodbye
Daniel Goetschel,Izzet Lessons,2 Multiversal Passage; 4 Firebending Lesson; 6 Island; 4 Gran-Gran; 4 Monument to Endurance; 4 Stormchaser's Talent; 4 Accumulate Wisdom; 4 Abandon Attachments; 2 It'll Quench Ya!; 4 Riverpyre Verge; 4 Artist's Talent; 4 Steam Vents; 4 Boomerang Basics; 2 Agna Qel'a; 4 Spirebluff Canal; 4 Combustion Technique,"3 Spell Pierce; 2 Annul; 3 Ral, Crackling Wit; 2 Slagstorm; 2 Soul-Guide Lantern; 1 It'll Quench Ya!; 2 Broadside Barrage"
Jaime Gonzalo,Jeskai Control,1 Mistrise Village; 1 Traumatic Critique; 1 Stormcarved Coast; 2 Pyroclasm; 4 Thunder Magic; 2 Flashback; 4 Great Hall of the Biblioplex; 4 Consult the Star Charts; 2 Hallowed Fountain; 4 Jeskai Revelation; 2 Sundown Pass; 1 Impractical Joke; 3 Island; 3 Mountain; 2 Sear; 1 Into the Flood Maw; 4 Stock Up; 4 Riverpyre Verge; 4 Tablet of Discovery; 4 Steam Vents; 1 Essence Scatter; 2 Broadside Barrage; 2 Swallowed by Leviathan; 2 Petrified Hamlet,1 Disdainful Stroke; 1 Annul; 1 Slagstorm; 1 Impractical Joke; 2 Spell Pierce; 3 Emeritus of Ideation; 3 Flashfreeze; 1 Petrified Hamlet; 1 Erode; 1 Broadside Barrage
Paul Green,Mono-Green Landfall,3 Ba Sing Se; 4 Badgermole Cub; 4 Earthbender Ascension; 4 Escape Tunnel; 4 Esper Origins; 4 Fabled Passage; 14 Forest; 4 Icetill Explorer; 4 Llanowar Elves; 4 Meltstrider's Resolve; 4 Mightform Harmonizer; 1 Promising Vein; 2 Sapling Nursery; 4 Sazh's Chocobo,"2 Pawpatch Formation; 4 Mossborn Hydra; 3 Surrak, Elusive Hunter; 3 Soul-Guide Lantern; 2 Royal Treatment; 1 Glorious Decay"
Jonny Guttman,Mono-Green Landfall,1 Cavern of Souls; 4 Earthbender Ascension; 4 Mightform Harmonizer; 4 Esper Origins; 4 Meltstrider's Resolve; 4 Escape Tunnel; 2 Dragon Sniper; 4 Sazh's Chocobo; 4 Ba Sing Se; 4 Icetill Explorer; 4 Llanowar Elves; 4 Badgermole Cub; 4 Fabled Passage; 13 Forest,1 Pawpatch Formation; 1 Cavern of Souls; 2 Royal Treatment; 3 Soul-Guide Lantern; 2 Edge Rover; 4 Mossborn Hydra; 2 Sapling Nursery
Wappa Hamada,Mono-Green Landfall,15 Forest; 4 Fabled Passage; 4 Escape Tunnel; 3 Ba Sing Se; 4 Llanowar Elves; 4 Sazh's Chocobo; 4 Badgermole Cub; 4 Keen-Eyed Curator; 4 Earthbender Ascension; 4 Icetill Explorer; 4 Mightform Harmonizer; 2 Sapling Nursery; 3 Meltstrider's Resolve; 1 Royal Treatment,"2 Sapling Nursery; 1 Meltstrider's Resolve; 4 Mossborn Hydra; 2 Origin of Metalbending; 2 Pawpatch Formation; 2 Torpor Orb; 2 Surrak, Elusive Hunter"
Masakuni Hamaguchi,Mono-Green Landfall,2 Esper Origins; 1 Promising Vein; 4 Earthbender Ascension; 4 Mightform Harmonizer; 4 Meltstrider's Resolve; 4 Escape Tunnel; 4 Keen-Eyed Curator; 4 Sazh's Chocobo; 3 Ba Sing Se; 4 Icetill Explorer; 4 Llanowar Elves; 4 Badgermole Cub; 4 Fabled Passage; 14 Forest,"2 Origin of Metalbending; 2 Surrak, Elusive Hunter; 2 Pawpatch Formation; 2 Soul-Guide Lantern; 4 Mossborn Hydra; 3 Sapling Nursery"
Shinnosuke Hando,Izzet Prowess,2 Elusive Otter; 4 Slickshot Show-Off; 3 Eddymurk Crab; 4 Opt; 4 Burst Lightning; 1 Prismari Charm; 1 Sear; 4 Boomerang Basics; 4 Sleight of Hand; 4 Flow State; 1 Stock Up; 4 Stormchaser's Talent; 6 Island; 2 Multiversal Passage; 4 Riverpyre Verge; 4 Spirebluff Canal; 4 Steam Vents; 1 Stormcarved Coast; 1 Get Out; 1 Colorstorm Stallion; 1 Impractical Joke,"1 Elusive Otter; 1 Spell Pierce; 2 Ghost Vacuum; 2 Disdainful Stroke; 1 Get Out; 1 Sear; 2 Colorstorm Stallion; 1 Slagstorm; 1 Annul; 1 Ral, Crackling Wit; 1 Roaring Furnace // Steaming Sauna; 1 Soul-Guide Lantern"
Koki Hara,Bant Rhythm,2 Mockingbird; 4 Gene Pollinator; 4 Llanowar Elves; 4 Spider Manifestation; 4 Badgermole Cub; 1 Keen-Eyed Curator; 2 Brightglass Gearhulk; 2 Ouroboroid; 4 Quantum Riddler; 1 Craterhoof Behemoth; 4 Nature's Rhythm; 4 Seam Rip; 1 Unable to Scream; 1 Meltstrider's Resolve; 2 Botanical Sanctum; 4 Breeding Pool; 1 Floodfarm Verge; 1 Forest; 2 Hallowed Fountain; 4 Hushwood Verge; 4 Starting Town; 4 Temple Garden,1 Get Lost; 3 Rest in Peace; 2 Disdainful Stroke; 3 Spider-Sense; 3 Sage of the Skies; 2 Wistfulness; 1 Keen-Eyed Curator
Clément Harvey,Mono-Green Landfall,3 Esper Origins; 1 Promising Vein; 4 Earthbender Ascension; 4 Mightform Harmonizer; 4 Escape Tunnel; 3 Meltstrider's Resolve; 3 Sapling Nursery; 1 Royal Treatment; 4 Sazh's Chocobo; 3 Ba Sing Se; 4 Icetill Explorer; 4 Llanowar Elves; 4 Badgermole Cub; 4 Fabled Passage; 14 Forest,2 Origin of Metalbending; 1 Meltstrider's Resolve; 2 Pawpatch Formation; 2 Torpor Orb; 3 Keen-Eyed Curator; 4 Mossborn Hydra; 1 Sapling Nursery
Takuya Hasegawa,Izzet Prowess,6 Island; 3 Eddymurk Crab; 4 Opt; 4 Stormchaser's Talent; 4 Burst Lightning; 1 Stormcarved Coast; 1 Bounce Off; 4 Boomerang Basics; 2 Get Out; 2 Roaring Furnace // Steaming Sauna; 4 Flow State; 2 Multiversal Passage; 1 Spell Pierce; 1 Stock Up; 4 Riverpyre Verge; 4 Steam Vents; 4 Spirebluff Canal; 4 Sleight of Hand; 1 Unsummon; 4 Slickshot Show-Off,"1 Eddymurk Crab; 1 Get Out; 1 Impractical Joke; 3 Ghost Vacuum; 1 Sear; 1 Roaring Furnace // Steaming Sauna; 1 Prismari Charm; 2 Ral, Crackling Wit; 1 Fire Magic; 1 Spell Pierce; 1 Negate; 1 Broadside Barrage"
Victor Hawkins,Selesnya Landfall,"4 Erode; 2 Surrak, Elusive Hunter; 2 Lumbering Worldwagon; 2 Bushwhack; 4 Earthbender Ascension; 4 Sazh's Chocobo; 7 Forest; 1 Icetill Explorer; 2 Temple Garden; 1 Keen-Eyed Curator; 4 Llanowar Elves; 4 Badgermole Cub; 4 Fabled Passage; 2 Dyadrine, Synthesis Amalgam; 4 Hushwood Verge; 4 Mightform Harmonizer; 3 Escape Tunnel; 2 Plains; 3 Ba Sing Se; 1 Mossborn Hydra","1 Surrak, Elusive Hunter; 4 Sheltered by Ghosts; 1 Kutzil, Malamet Exemplar; 3 Mossborn Hydra; 3 Rest in Peace; 3 Snakeskin Veil"
Yang He,Four-Color Control,1 Cori Mountain Monastery; 1 Elegant Parlor; 1 Thundering Falls; 1 Mistrise Village; 1 Negate; 3 Shattered Sanctum; 1 Burst Lightning; 3 Inevitable Defeat; 1 Flashback; 4 Great Hall of the Biblioplex; 4 Consult the Star Charts; 2 Get Lost; 1 Pest Control; 3 Hallowed Fountain; 3 Jeskai Revelation; 1 Mountain; 1 Island; 3 No More Lies; 1 Day of Judgment; 4 Lightning Helix; 3 Sacred Foundry; 1 Meticulous Archive; 3 Stock Up; 3 Resonating Lute; 1 Plains; 3 Steam Vents; 3 Gloomlake Verge; 1 North Wind Avatar; 2 Improvisation Capstone,1 Disdainful Stroke; 1 High Noon; 1 Flashfreeze; 1 Pest Control; 1 Torpor Orb; 1 Mathemagics; 1 Arcane Omens; 1 Emeritus of Ideation; 2 Rest in Peace; 1 Fire Magic; 1 Day of Judgment; 1 Erode; 1 Negate; 1 Clarion Conqueror
Julien Henry,Izzet Prowess,4 Boomerang Basics; 2 Secret Identity; 4 Flow State; 2 Colorstorm Stallion; 1 Impractical Joke; 2 Multiversal Passage; 4 Riverpyre Verge; 4 Slickshot Show-Off; 4 Opt; 4 Stormchaser's Talent; 4 Burst Lightning; 7 Island; 1 Into the Flood Maw; 4 Sleight of Hand; 4 Spirebluff Canal; 4 Steam Vents; 1 Drake Hatcher; 2 Eddymurk Crab; 1 Spell Pierce; 1 Prismari Charm,"2 Annul; 1 Stock Up; 1 Ral, Crackling Wit; 2 Sear; 2 Soul-Guide Lantern; 1 Spell Pierce; 2 Get Out; 1 Disdainful Stroke; 2 Roaring Furnace // Steaming Sauna; 1 Hydro-Man, Fluid Felon"
Shaun Henry,Mono-Green Landfall,3 Esper Origins; 1 Promising Vein; 4 Earthbender Ascension; 3 Mightform Harmonizer; 4 Meltstrider's Resolve; 4 Escape Tunnel; 2 Keen-Eyed Curator; 2 Sapling Nursery; 4 Sazh's Chocobo; 3 Ba Sing Se; 4 Icetill Explorer; 4 Llanowar Elves; 4 Badgermole Cub; 4 Fabled Passage; 14 Forest,1 Torpor Orb; 1 Esper Origins; 1 Pawpatch Formation; 1 Royal Treatment; 2 Heritage Reclamation; 2 Soul-Guide Lantern; 4 Mossborn Hydra; 2 Eumidian Terrabotanist; 1 Sapling Nursery
Elijah Herr,Dimir Excruciator,3 Doomsday Excruciator; 4 Restless Reef; 4 Deceit; 2 Winternight Stories; 2 Duress; 8 Swamp; 2 Multiversal Passage; 4 Superior Spider-Man; 4 Bitter Triumph; 2 Cavern of Souls; 2 Undercity Sewers; 4 Requiting Hex; 2 Day of Black Sun; 3 Stock Up; 4 Watery Grave; 2 Strategic Betrayal; 4 Gloomlake Verge; 4 Emeritus of Ideation,1 Disdainful Stroke; 1 Strategic Betrayal; 1 Decorum Dissertation; 4 Oildeep Gearhulk; 2 Cruelclaw's Heist; 2 Duress; 2 Deadly Cover-Up; 2 Flashfreeze
Evan Higgins,Izzet Spellementals,1 Broadside Barrage; 4 Burst Lightning; 4 Eddymurk Crab; 2 Get Out; 4 Hearth Elemental; 6 Island; 2 Multiversal Passage; 4 Opt; 2 Prismari Charm; 4 Riverpyre Verge; 1 Sear; 4 Sleight of Hand; 1 Spell Pierce; 3 Spell Snare; 4 Spirebluff Canal; 4 Steam Vents; 3 Sunderflock; 4 Traumatic Critique; 3 Winternight Stories,1 Abrade; 2 Annul; 3 Colorstorm Stallion; 1 Disdainful Stroke; 2 Fire Magic; 1 Sear; 2 Soul-Guide Lantern; 2 The Legend of Kuruk; 1 Broadside Barrage
Ethan Hollen,Izzet Prowess,4 Colorstorm Stallion; 4 Eddymurk Crab; 4 Stormchaser's Talent; 4 Steam Vents; 4 Spirebluff Canal; 4 Riverpyre Verge; 1 Multiversal Passage; 8 Island; 4 Opt; 4 Sleight of Hand; 3 Flow State; 1 Broadside Barrage; 2 Vibrant Outburst; 1 Traumatic Critique; 1 Winternight Stories; 4 Boomerang Basics; 4 Burst Lightning; 1 Spell Snare; 1 Prismari Charm; 1 Spell Pierce,"2 Slagstorm; 2 Emeritus of Ideation; 2 Ral, Crackling Wit; 2 Ghost Vacuum; 2 Impractical Joke; 1 Roaring Furnace // Steaming Sauna; 1 Broadside Barrage; 1 Negate; 1 Disdainful Stroke; 1 Spell Snare"
Jude Hopkins,Izzet Lessons,4 Abandon Attachments; 4 Accumulate Wisdom; 2 Agna Qel'a; 4 Artist's Talent; 4 Combustion Technique; 4 Firebending Lesson; 4 Gran-Gran; 2 Impractical Joke; 2 Iroh's Demonstration; 4 Island; 4 It'll Quench Ya!; 4 Monument to Endurance; 2 Mountain; 4 Riverpyre Verge; 4 Spirebluff Canal; 4 Steam Vents; 2 Stormcarved Coast; 2 Three Steps Ahead,"2 Ral, Crackling Wit; 2 Iroh's Demonstration; 4 Price of Freedom; 2 Quantum Riddler; 2 Soul-Guide Lantern; 1 Torpor Orb; 2 Negate"
Masataka Hori,Izzet Prowess,4 Colorstorm Stallion; 3 Flow State; 2 Impractical Joke; 1 Prismari Charm; 4 Boomerang Basics; 3 Multiversal Passage; 4 Riverpyre Verge; 1 Get Out; 1 Spell Pierce; 1 Roaring Furnace // Steaming Sauna; 3 Burst Lightning; 4 Spirebluff Canal; 7 Island; 4 Stormchaser's Talent; 4 Sleight of Hand; 3 Eddymurk Crab; 4 Steam Vents; 1 Bounce Off; 4 Opt; 2 Stock Up,"3 Sunderflock; 1 Abrade; 1 Spell Pierce; 1 Get Out; 2 Broadside Barrage; 1 Disdainful Stroke; 2 Ral, Crackling Wit; 1 Slagstorm; 2 Ghost Vacuum; 1 Stock Up"
Yuta Hori,Izzet Prowess,6 Island; 4 Eddymurk Crab; 4 Opt; 4 Stormchaser's Talent; 4 Burst Lightning; 1 Stormcarved Coast; 4 Boomerang Basics; 3 Colorstorm Stallion; 1 Get Out; 4 Flow State; 1 Impractical Joke; 2 Multiversal Passage; 2 Slickshot Show-Off; 2 Spell Pierce; 2 Prismari Charm; 4 Riverpyre Verge; 4 Steam Vents; 4 Spirebluff Canal; 4 Sleight of Hand,"1 Disdainful Stroke; 1 Annul; 1 Impractical Joke; 1 Sear; 1 Ghost Vacuum; 1 Roaring Furnace // Steaming Sauna; 1 Emeritus of Ideation; 1 Ral, Crackling Wit; 2 Soul-Guide Lantern; 1 Fire Magic; 1 Spell Snare; 1 Negate; 1 Broadside Barrage; 1 Sunderflock"
Yuya Hosokawa,Izzet Lessons,7 Island; 4 Gran-Gran; 1 Three Steps Ahead; 1 Agna Qel'a; 4 Combustion Technique; 2 Multiversal Passage; 2 Spell Snare; 2 Iroh's Demonstration; 4 Firebending Lesson; 4 Monument to Endurance; 2 Spell Pierce; 4 Accumulate Wisdom; 4 Abandon Attachments; 4 Riverpyre Verge; 2 It'll Quench Ya!; 4 Artist's Talent; 4 Steam Vents; 4 Spirebluff Canal; 1 Emeritus of Ideation,"1 Essence Scatter; 4 Price of Freedom; 1 Slagstorm; 2 Ghost Vacuum; 1 Iroh's Demonstration; 2 Ral, Crackling Wit; 1 Emeritus of Ideation; 2 Flashfreeze; 1 Broadside Barrage"
Manato Hosomi,Izzet Prowess,7 Island; 4 Eddymurk Crab; 4 Opt; 4 Stormchaser's Talent; 4 Burst Lightning; 1 Stormcarved Coast; 1 Bounce Off; 4 Boomerang Basics; 2 Colorstorm Stallion; 2 Get Out; 1 Roaring Furnace // Steaming Sauna; 4 Flow State; 1 Multiversal Passage; 3 Slickshot Show-Off; 1 Stock Up; 4 Riverpyre Verge; 4 Steam Vents; 4 Spirebluff Canal; 4 Sleight of Hand; 1 Unsummon,"1 Disdainful Stroke; 2 Elusive Otter; 1 Annul; 1 Slagstorm; 1 Colorstorm Stallion; 2 Ghost Vacuum; 2 Spell Pierce; 1 Slickshot Show-Off; 2 Ral, Crackling Wit; 1 Sunderflock; 1 Broadside Barrage"
Brendan Hsu,Golgari Midrange,1 Restless Cottage; 3 Swamp; 3 Forest; 2 Firdoch Core; 1 Long Goodbye; 3 Keen-Eyed Curator; 1 Underground Mortuary; 4 Llanowar Elves; 4 Badgermole Cub; 3 Duress; 2 Emeritus of Abundance; 4 Blooming Marsh; 1 Multiversal Passage; 4 Wastewood Verge; 2 Maelstrom Pulse; 1 Bitter Triumph; 4 Professor Dellian Fel; 4 Overgrown Tomb; 1 Shoot the Sheriff; 4 Requiting Hex; 4 Unholy Annex // Ritual Chamber; 2 Soulstone Sanctuary; 1 Strategic Betrayal; 1 Deathcap Glade,"1 Surrak, Elusive Hunter; 1 Strategic Betrayal; 1 Decorum Dissertation; 2 Intimidation Tactics; 2 Qarsi Revenant; 2 Torpor Orb; 1 Leatherhead, Swamp Stalker; 1 Duress; 1 Maelstrom Pulse; 2 Day of Black Sun; 1 Heritage Reclamation"
Nathan Hu,Jeskai Control,2 Flashback; 1 Plains; 1 Thundering Falls; 1 Negate; 2 Day of Judgment; 3 Hallowed Fountain; 4 Steam Vents; 4 Lightning Helix; 2 Sacred Foundry; 2 Floodfarm Verge; 3 Sunbillow Verge; 4 No More Lies; 4 Stock Up; 2 Get Lost; 4 Jeskai Revelation; 1 Cori Mountain Monastery; 2 Mistrise Village; 4 Consult the Star Charts; 3 Resonating Lute; 3 Great Hall of the Biblioplex; 2 Fire Magic; 1 Abrade; 2 Meticulous Archive; 1 Spell Snare; 1 Elegant Parlor; 1 Island,2 Disdainful Stroke; 2 Negate; 1 Day of Judgment; 1 Flashfreeze; 2 Rest in Peace; 2 High Noon; 1 Abrade; 2 Torpor Orb; 1 Get Lost; 1 The Unagi of Kyoshi Island
Alan Hubbard,Simic Rhythm,1 Craterhoof Behemoth; 4 Botanical Sanctum; 4 Willowrush Verge; 2 Mockingbird; 3 Keen-Eyed Curator; 4 Llanowar Elves; 6 Forest; 4 Badgermole Cub; 4 Gene Pollinator; 4 Breeding Pool; 4 Nature's Rhythm; 4 Multiversal Passage; 2 Meltstrider's Resolve; 1 Royal Treatment; 4 Spider Manifestation; 4 Ouroboroid; 4 Quantum Riddler; 1 Marang River Regent,"2 Surrak, Elusive Hunter; 2 Origin of Metalbending; 1 Unsummon; 1 Keen-Eyed Curator; 2 Oko, Lorwyn Liege; 1 Ba Sing Se; 2 Unable to Scream; 2 Spider-Sense; 1 Disdainful Stroke; 1 Emeritus of Ideation"
Arne Huschenbeth,Mono-Green Landfall,3 Ba Sing Se; 4 Badgermole Cub; 4 Earthbender Ascension; 4 Escape Tunnel; 4 Esper Origins; 4 Fabled Passage; 14 Forest; 4 Icetill Explorer; 4 Llanowar Elves; 4 Meltstrider's Resolve; 4 Mightform Harmonizer; 1 Cavern of Souls; 4 Sazh's Chocobo; 1 Dragon Sniper; 1 Edge Rover,3 Soul-Guide Lantern; 4 Mossborn Hydra; 2 Royal Treatment; 2 Sapling Nursery; 2 Pawpatch Formation; 2 Edge Rover
Yuuki Ichikawa,Izzet Spellementals,4 Burst Lightning; 2 Get Out; 4 Traumatic Critique; 4 Sleight of Hand; 4 Opt; 3 Winternight Stories; 4 Prismari Charm; 4 Hearth Elemental; 4 Sunderflock; 4 Eddymurk Crab; 2 Thundering Falls; 1 Great Hall of the Biblioplex; 4 Island; 4 Riverpyre Verge; 4 Spirebluff Canal; 4 Steam Vents; 2 Three Steps Ahead; 1 Multiversal Passage; 1 Spell Snare,"2 Hydro-Man, Fluid Felon; 1 Broadside Barrage; 1 Soul-Guide Lantern; 2 Annul; 1 Spell Snare; 1 Disdainful Stroke; 4 Colorstorm Stallion; 1 Cavern of Souls; 1 Ghost Vacuum; 1 Ill-Timed Explosion"
David Inglis,Mono-Green Landfall,4 Escape Tunnel; 4 Fabled Passage; 13 Forest; 4 Icetill Explorer; 4 Llanowar Elves; 4 Earthbender Ascension; 4 Mightform Harmonizer; 4 Sazh's Chocobo; 4 Esper Origins; 4 Meltstrider's Resolve; 4 Ba Sing Se; 4 Badgermole Cub; 1 Cavern of Souls; 2 Dragon Sniper,1 Cavern of Souls; 4 Mossborn Hydra; 1 Pawpatch Formation; 2 Royal Treatment; 2 Sapling Nursery; 2 Edge Rover; 3 Soul-Guide Lantern
Toru Inoue,Izzet Spellementals,2 Thundering Falls; 4 Sunderflock; 4 Eddymurk Crab; 4 Opt; 2 Three Steps Ahead; 4 Burst Lightning; 4 Traumatic Critique; 1 Great Hall of the Biblioplex; 2 Get Out; 3 Winternight Stories; 4 Island; 1 Multiversal Passage; 1 Spell Snare; 4 Hearth Elemental; 4 Riverpyre Verge; 4 Prismari Charm; 4 Steam Vents; 4 Spirebluff Canal; 4 Sleight of Hand,"1 Disdainful Stroke; 2 Hydro-Man, Fluid Felon; 4 Colorstorm Stallion; 1 Ghost Vacuum; 1 Ill-Timed Explosion; 1 Cavern of Souls; 2 Annul; 1 Soul-Guide Lantern; 1 Spell Snare; 1 Broadside Barrage"
Mauricio Iriarte,Azorius Tempo,"4 Aven Interrupter; 4 Voice of Victory; 4 High Noon; 4 Floodpits Drowner; 3 Aang, Swift Savior; 2 Wan Shi Tong, Librarian; 3 Seam Rip; 2 Erode; 2 Enduring Curiosity; 1 Donatello's Technique; 2 Spell Snare; 2 Avatar's Wrath; 2 Skycoach Conductor; 1 Three Steps Ahead; 4 Hallowed Fountain; 1 Fountainport; 3 Plains; 2 Island; 2 Abandoned Air Temple; 4 Floodfarm Verge; 2 Restless Anchorage; 2 Multiversal Passage; 4 Starting Town","2 Tishana's Tidebinder; 1 Seam Rip; 1 Avatar's Wrath; 2 Ajani, Outland Chaperone; 3 Rest in Peace; 2 Spell Pierce; 1 Three Steps Ahead; 1 Annul; 1 Requisition Raid; 1 The Unagi of Kyoshi Island"
Valerie Jade,Izzet Maestro,2 Mistrise Village; 2 Thundering Falls; 3 Sorceress's Schemes; 3 Three Steps Ahead; 2 Willowrush Verge; 1 Abrade; 3 Molten-Core Maestro; 1 Hedge Maze; 3 Great Hall of the Biblioplex; 1 Fountainport; 4 Combustion Technique; 3 Ashling's Command; 2 Island; 4 Firebending Lesson; 1 Spell Pierce; 2 Abandon Attachments; 4 Accumulate Wisdom; 1 Stock Up; 1 Prismari Charm; 2 It'll Quench Ya!; 4 Riverpyre Verge; 4 Steam Vents; 4 Tablet of Discovery; 3 Spirebluff Canal,2 Origin of Metalbending; 2 Negate; 2 Mathemagics; 1 Ill-Timed Explosion; 2 Annul; 2 Flashfreeze; 2 Soul-Guide Lantern; 1 Spell Pierce; 1 Broadside Barrage
Amy James,Izzet Lessons,6 Island; 4 Gran-Gran; 2 Three Steps Ahead; 2 Agna Qel'a; 2 Boomerang Basics; 4 Combustion Technique; 2 Mountain; 2 Iroh's Demonstration; 4 Firebending Lesson; 4 Monument to Endurance; 4 Accumulate Wisdom; 4 Abandon Attachments; 4 It'll Quench Ya!; 4 Riverpyre Verge; 4 Artist's Talent; 4 Steam Vents; 4 Spirebluff Canal,1 Essence Scatter; 1 Flashfreeze; 3 Price of Freedom; 1 Annul; 2 Slagstorm; 3 Spell Pierce; 2 Emeritus of Ideation; 2 Broadside Barrage
Jeff Jao,Simic Omniscience,"4 Kona, Rescue Beastie; 4 Dispelling Exhale; 4 Uthros, Titanic Godcore; 4 Willowrush Verge; 4 Cavern of Souls; 4 Stock Up; 4 Marang River Regent; 4 Evendo, Waking Haven; 1 Terror of the Peaks; 4 Consult the Star Charts; 4 Omniscience; 4 Lost in the Maze; 4 Breeding Pool; 4 Flow State; 3 Formidable Speaker; 4 Island",4 Unable to Scream; 4 Bounce Off; 4 Spider-Sense; 3 Soul-Guide Lantern
Maciej Jezyna,Mono-Green Landfall,4 Icetill Explorer; 3 Ba Sing Se; 14 Forest; 4 Escape Tunnel; 4 Fabled Passage; 4 Llanowar Elves; 4 Mightform Harmonizer; 1 Promising Vein; 4 Sazh's Chocobo; 4 Meltstrider's Resolve; 2 Royal Treatment; 4 Badgermole Cub; 4 Keen-Eyed Curator; 4 Earthbender Ascension,"1 Origin of Metalbending; 3 Pawpatch Formation; 1 Leatherhead, Swamp Stalker; 3 Mossborn Hydra; 4 Sapling Nursery; 2 Surrak, Elusive Hunter; 1 Soul-Guide Lantern"
Yiren Jiang,Izzet Spellementals,4 Eddymurk Crab; 4 Hearth Elemental; 4 Sleight of Hand; 4 Burst Lightning; 1 Spell Snare; 4 Opt; 4 Riverpyre Verge; 2 Winternight Stories; 4 Prismari Charm; 3 Traumatic Critique; 6 Island; 2 Stormcarved Coast; 4 Spirebluff Canal; 4 Steam Vents; 4 Sunderflock; 2 Get Out; 4 Flow State,"1 Soul-Guide Lantern; 2 Broadside Barrage; 1 Abrade; 2 Ghost Vacuum; 2 Disdainful Stroke; 2 Ral, Crackling Wit; 4 Colorstorm Stallion; 1 Negate"
Gabriel Joglar,Mono-Green Landfall,"4 Keen-Eyed Curator; 4 Earthbender Ascension; 1 Promising Vein; 4 Fabled Passage; 4 Mightform Harmonizer; 4 Sazh's Chocobo; 4 Escape Tunnel; 4 Badgermole Cub; 14 Forest; 3 Ba Sing Se; 4 Icetill Explorer; 4 Llanowar Elves; 2 Esper Origins; 3 Meltstrider's Resolve; 1 Surrak, Elusive Hunter","1 Surrak, Elusive Hunter; 4 Mossborn Hydra; 2 Origin of Metalbending; 2 Torpor Orb; 1 Leatherhead, Swamp Stalker; 4 Sapling Nursery; 1 Meltstrider's Resolve"
Ben Jones,Jeskai Control,2 Broadside Barrage; 4 Stock Up; 2 Sear; 2 Swallowed by Leviathan; 1 Impractical Joke; 2 Flashback; 4 Tablet of Discovery; 4 Jeskai Revelation; 1 Traumatic Critique; 2 Pyroclasm; 4 Great Hall of the Biblioplex; 4 Steam Vents; 4 Riverpyre Verge; 2 Petrified Hamlet; 1 Mistrise Village; 3 Island; 2 Sundown Pass; 3 Mountain; 4 Consult the Star Charts; 4 Thunder Magic; 2 Hallowed Fountain; 1 Stormcarved Coast; 1 Essence Scatter; 1 Into the Flood Maw,1 Impractical Joke; 2 Spell Pierce; 1 Annul; 3 Emeritus of Ideation; 3 Flashfreeze; 1 Slagstorm; 1 Broadside Barrage; 1 Disdainful Stroke; 1 Erode; 1 Petrified Hamlet
Hiroki Kageyama,Izzet Prowess,3 Elusive Otter; 4 Slickshot Show-Off; 3 Eddymurk Crab; 4 Boomerang Basics; 4 Burst Lightning; 1 Impractical Joke; 4 Opt; 4 Sleight of Hand; 1 Spell Pierce; 4 Stormchaser's Talent; 1 Wild Ride; 4 Flow State; 2 Get Out; 7 Island; 2 Multiversal Passage; 4 Riverpyre Verge; 4 Spirebluff Canal; 4 Steam Vents,"1 Annul; 1 Fire Magic; 1 Ghost Vacuum; 2 Soul-Guide Lantern; 1 Spell Snare; 2 Negate; 1 Sear; 2 Broadside Barrage; 1 Slagstorm; 2 Ral, Crackling Wit; 1 Roaring Furnace // Steaming Sauna"
Matyáš Kalužný,Izzet Spellementals,8 Island; 4 Sunderflock; 4 Eddymurk Crab; 4 Opt; 4 Burst Lightning; 3 Traumatic Critique; 4 Winternight Stories; 2 Impractical Joke; 2 Spell Snare; 2 Spell Pierce; 4 Hearth Elemental; 3 Prismari Charm; 4 Riverpyre Verge; 4 Steam Vents; 4 Spirebluff Canal; 4 Sleight of Hand,2 Disdainful Stroke; 1 Annul; 4 Colorstorm Stallion; 1 Three Steps Ahead; 2 Spell Pierce; 1 The Legend of Kuruk; 2 Soul-Guide Lantern; 1 Fire Magic; 1 Broadside Barrage
Liam Kane,Izzet Prowess,4 Boomerang Basics; 2 Bounce Off; 4 Burst Lightning; 4 Colorstorm Stallion; 2 Drake Hatcher; 2 Flow State; 7 Island; 2 Multiversal Passage; 4 Opt; 4 Riverpyre Verge; 3 Secret Identity; 4 Sleight of Hand; 4 Slickshot Show-Off; 4 Spirebluff Canal; 4 Steam Vents; 4 Stormchaser's Talent; 2 Vibrant Outburst,"1 Disdainful Stroke; 2 Drake Hatcher; 2 Flow State; 2 Get Out; 2 Into the Flood Maw; 1 Ral, Crackling Wit; 1 Sear; 2 Slagstorm; 2 Spell Pierce"
Alexander Kans,Mono-Green Landfall,3 Ba Sing Se; 4 Badgermole Cub; 4 Earthbender Ascension; 4 Escape Tunnel; 4 Esper Origins; 4 Fabled Passage; 14 Forest; 4 Icetill Explorer; 4 Llanowar Elves; 4 Meltstrider's Resolve; 4 Mightform Harmonizer; 1 Promising Vein; 2 Sapling Nursery; 4 Sazh's Chocobo,"4 Mossborn Hydra; 1 Origin of Metalbending; 2 Pawpatch Formation; 2 Royal Treatment; 3 Soul-Guide Lantern; 3 Surrak, Elusive Hunter"
Eli Kassis,Izzet Spellementals,3 Sunderflock; 8 Island; 4 Eddymurk Crab; 4 Opt; 4 Burst Lightning; 4 Traumatic Critique; 1 Ill-Timed Explosion; 3 Winternight Stories; 1 Get Out; 1 Multiversal Passage; 1 Spell Snare; 4 Hearth Elemental; 4 Riverpyre Verge; 4 Prismari Charm; 4 Steam Vents; 4 Spirebluff Canal; 4 Sleight of Hand; 2 Vibrant Outburst,"2 Disdainful Stroke; 1 Wan Shi Tong, Librarian; 1 Get Out; 1 Sear; 3 Ashling, Rekindled; 1 Ill-Timed Explosion; 2 Annul; 2 Emeritus of Ideation; 1 Spell Snare; 1 Broadside Barrage"
Jody Keith,Bant Omniscience,"3 Erode; 2 Floodfarm Verge; 2 Temple Garden; 1 Hallowed Fountain; 2 Seam Rip; 2 Dreamroot Cascade; 4 Adagia, Windswept Bastion; 1 Breeding Pool; 1 Consult the Star Charts; 1 Island; 4 Kona, Rescue Beastie; 4 Multiversal Passage; 4 Uthros, Titanic Godcore; 4 Roiling Dragonstorm; 1 Springleaf Drum; 3 Cavern of Souls; 4 Stock Up; 4 Marang River Regent; 1 Plains; 4 Omniscience; 2 Emeritus of Ideation; 4 Formidable Speaker; 2 Voice of Victory","1 Seam Rip; 1 Kutzil's Flanker; 2 Day of Judgment; 2 Spell Pierce; 1 Beza, the Bounding Spring; 1 Spider-Sense; 1 Overlord of the Mistmoors; 2 Rest in Peace; 2 Voice of Victory; 2 Clarion Conqueror"
Onoda Kenji,Izzet Lessons,"4 Spirebluff Canal; 1 Agna Qel'a; 3 It'll Quench Ya!; 3 Abandon Attachments; 1 Iroh's Demonstration; 4 Firebending Lesson; 4 Combustion Technique; 4 Gran-Gran; 2 Boomerang Basics; 4 Accumulate Wisdom; 1 Stormcarved Coast; 4 Riverpyre Verge; 2 Mountain; 4 Steam Vents; 6 Island; 4 Monument to Endurance; 4 Artist's Talent; 1 Prismari Charm; 2 Spell Snare; 1 Three Steps Ahead; 1 Ral, Crackling Wit","1 Stock Up; 1 Annul; 1 Flashfreeze; 1 Slagstorm; 2 Quantum Riddler; 1 Ghost Vacuum; 1 Wan Shi Tong, Librarian; 1 Essence Scatter; 1 Splatter Technique; 1 Ral, Crackling Wit; 1 Disdainful Stroke; 1 Soul-Guide Lantern; 1 Impractical Joke; 1 Petrified Hamlet"
David Kerrigan,Simic Rhythm,"4 Badgermole Cub; 4 Llanowar Elves; 4 Gene Pollinator; 7 Forest; 3 Mockingbird; 4 Multiversal Passage; 1 Craterhoof Behemoth; 3 Quantum Riddler; 4 Breeding Pool; 4 Botanical Sanctum; 4 Nature's Rhythm; 3 Willowrush Verge; 2 Keen-Eyed Curator; 3 Ouroboroid; 2 Surrak, Elusive Hunter; 1 Dreamroot Cascade; 2 Shimmerwilds Growth; 1 Marang River Regent; 4 Spider Manifestation","2 Spider-Sense; 1 Leatherhead, Swamp Stalker; 1 Disdainful Stroke; 3 Bounce Off; 1 Chomping Changeling; 1 Oko, Lorwyn Liege; 1 Mind into Matter; 1 Soul-Guide Lantern; 1 Sentinel of Lost Lore; 2 Pawpatch Formation; 1 Ba Sing Se"
Se̍k-un Khó͘,Izzet Prowess,7 Island; 4 Eddymurk Crab; 4 Opt; 4 Stormchaser's Talent; 4 Burst Lightning; 2 Stormcarved Coast; 1 Bounce Off; 4 Boomerang Basics; 2 Get Out; 1 Roaring Furnace // Steaming Sauna; 4 Flow State; 1 Impractical Joke; 1 Spell Pierce; 1 Stock Up; 4 Riverpyre Verge; 4 Steam Vents; 4 Spirebluff Canal; 4 Sleight of Hand; 4 Slickshot Show-Off,"1 Annul; 1 Get Out; 1 Sear; 1 Ghost Vacuum; 1 Roaring Furnace // Steaming Sauna; 1 Emeritus of Ideation; 2 Ral, Crackling Wit; 2 Soul-Guide Lantern; 1 Fire Magic; 1 Spell Pierce; 2 Broadside Barrage; 1 Negate"
Andrew Kidston,Selesnya Rhythm,4 Badgermole Cub; 4 Ouroboroid; 4 Brightglass Gearhulk; 4 Nature's Rhythm; 4 Llanowar Elves; 4 Gene Pollinator; 4 Spider Manifestation; 3 Seam Rip; 1 Soul-Guide Lantern; 2 Meltstrider's Resolve; 1 Craterhoof Behemoth; 8 Forest; 2 Plains; 4 Temple Garden; 3 Abandoned Air Temple; 4 Hushwood Verge; 1 Nurturing Pixie; 2 Multiversal Passage; 1 Insidious Fungus,"4 Sage of the Skies; 2 Get Lost; 2 Surrak, Elusive Hunter; 4 Rest in Peace; 1 Beza, the Bounding Spring; 1 Pawpatch Formation; 1 Keen-Eyed Curator"
Atsuki Kihara,Sultai Control,"1 Swamp; 3 Withering Curse; 4 Starting Town; 2 Quandrix Charm; 1 Underground Mortuary; 1 Wistfulness; 1 Dreamroot Cascade; 4 Deceit; 3 Awaken the Honored Dead; 1 Island; 1 Black Cat, Cunning Thief; 3 Superior Spider-Man; 1 Multiversal Passage; 4 Wastewood Verge; 4 Rakshasa's Bargain; 4 Overgrown Tomb; 1 Shoot the Sheriff; 3 Undercity Sewers; 2 Requiting Hex; 4 Watery Grave; 2 Witherbloom Charm; 1 Strategic Betrayal; 4 Ancient Cornucopia; 1 Gloomlake Verge; 4 Emeritus of Ideation","1 Disdainful Stroke; 2 Negate; 2 Strategic Betrayal; 2 Pest Control; 1 Keen-Eyed Curator; 1 Ghost Vacuum; 2 Cavern of Souls; 1 Black Cat, Cunning Thief; 2 Duress; 1 Bitter Triumph"
Charis Kikidis,Mono-Green Landfall,3 Ba Sing Se; 4 Badgermole Cub; 1 Bushwhack; 1 Demolition Field; 4 Earthbender Ascension; 4 Escape Tunnel; 3 Esper Origins; 4 Fabled Passage; 14 Forest; 4 Icetill Explorer; 3 Keen-Eyed Curator; 4 Llanowar Elves; 2 Meltstrider's Resolve; 4 Mightform Harmonizer; 1 Royal Treatment; 4 Sazh's Chocobo,"2 Meltstrider's Resolve; 4 Mossborn Hydra; 1 Origin of Metalbending; 2 Pawpatch Formation; 3 Sapling Nursery; 1 Scrapshooter; 2 Surrak, Elusive Hunter"
Adam Kinnaird,Azorius Momo,"3 Abandoned Air Temple; 2 Cosmogrand Zenith; 1 Curious Farm Animals; 3 Daydream; 4 Floodfarm Verge; 4 Get Lost; 2 Haliya, Guided by Light; 4 Hallowed Fountain; 4 Momo, Friendly Flier; 3 Multiversal Passage; 2 Nurturing Pixie; 2 Parting Gust; 8 Plains; 4 Quantum Riddler; 4 Sage of the Skies; 3 Seam Rip; 4 Springleaf Drum; 3 Starfield Shepherd",2 Avatar's Wrath; 3 Clarion Conqueror; 1 Kinbinding; 4 Rest in Peace; 1 Seam Rip; 2 Spell Pierce; 2 Spider-Sense
Nathan Kirner,Mono-Green Landfall,4 Ba Sing Se; 4 Badgermole Cub; 4 Earthbender Ascension; 3 Escape Tunnel; 2 Esper Origins; 4 Fabled Passage; 14 Forest; 4 Icetill Explorer; 3 Keen-Eyed Curator; 4 Llanowar Elves; 3 Meltstrider's Resolve; 4 Mightform Harmonizer; 1 Mossborn Hydra; 1 Promising Vein; 1 Royal Treatment; 4 Sazh's Chocobo,3 Mossborn Hydra; 2 Tifa Lockhart; 2 Origin of Metalbending; 3 Sapling Nursery; 2 Torpor Orb; 1 Pawpatch Formation; 1 Scrapshooter; 1 Soul-Guide Lantern
Jake Koenig,Azorius Momo,"4 Springleaf Drum; 4 Momo, Friendly Flier; 2 Floodpits Drowner; 4 Quantum Riddler; 4 Sage of the Skies; 2 Nurturing Pixie; 4 Starfield Shepherd; 3 Haliya, Guided by Light; 1 Cosmogrand Zenith; 4 Seam Rip; 2 Get Lost; 4 Floodfarm Verge; 4 Hallowed Fountain; 4 Multiversal Passage; 2 Starting Town; 6 Plains; 2 Abandoned Air Temple; 4 Daydream",2 Clarion Conqueror; 1 Curious Farm Animals; 1 Figure of Fable; 2 Emeritus of Truce; 3 Rest in Peace; 2 Flashfreeze; 2 Disdainful Stroke; 2 Requisition Raid
Brandon Kohrs,Four-Color Control,2 Mistrise Village; 1 Elegant Parlor; 1 Cori Mountain Monastery; 4 Thundering Falls; 1 Three Steps Ahead; 1 Erode; 4 Shattered Sanctum; 2 Traumatic Critique; 4 Inevitable Defeat; 4 Great Hall of the Biblioplex; 4 Consult the Star Charts; 1 Hallowed Fountain; 3 Jeskai Revelation; 1 Island; 4 No More Lies; 2 Day of Judgment; 4 Lightning Helix; 3 Sacred Foundry; 1 Meticulous Archive; 2 Stock Up; 3 Resonating Lute; 1 Riverpyre Verge; 1 Plains; 3 Steam Vents; 1 Fire Magic; 2 Improvisation Capstone,1 Ultima; 2 Negate; 2 High Noon; 1 Get Lost; 1 Abrade; 1 Pyroclasm; 2 Emeritus of Ideation; 2 Arcane Omens; 2 Rest in Peace; 1 Fire Magic
Maxx Kominowski,Izzet Spellementals,4 Sunderflock; 5 Island; 4 Eddymurk Crab; 4 Opt; 3 Burst Lightning; 4 Prismari Charm; 3 Winternight Stories; 2 Impractical Joke; 3 Spell Snare; 3 Flow State; 4 Hearth Elemental; 4 Riverpyre Verge; 4 Steam Vents; 4 Spirebluff Canal; 4 Sleight of Hand; 2 Multiversal Passage; 1 Get Out; 1 Spell Pierce; 1 Heroes' Hangout,"1 Abrade; 1 Annul; 1 Disdainful Stroke; 2 Ral, Crackling Wit; 1 Ghost Vacuum; 2 Pit of Offerings; 1 Get Out; 2 Hexing Squelcher; 1 Skycrash; 1 Broadside Barrage; 2 Hydro-Man, Fluid Felon"
Kevin Kong,Izzet Lessons,"7 Island; 4 Gran-Gran; 2 Eddymurk Crab; 1 Burst Lightning; 4 Stormchaser's Talent; 2 Stormcarved Coast; 2 Ral, Crackling Wit; 1 Great Hall of the Biblioplex; 4 Boomerang Basics; 4 Combustion Technique; 1 Impractical Joke; 2 Flow State; 1 Iroh's Demonstration; 4 Firebending Lesson; 4 Accumulate Wisdom; 4 Abandon Attachments; 4 Riverpyre Verge; 1 It'll Quench Ya!; 4 Steam Vents; 4 Spirebluff Canal","1 Disdainful Stroke; 2 Eddymurk Crab; 1 Wan Shi Tong, Librarian; 1 Impractical Joke; 2 Annul; 1 Emeritus of Ideation; 2 It'll Quench Ya!; 2 Soul-Guide Lantern; 1 Spell Pierce; 2 Sunderflock"
Chris Kral,Mardu Discard,"4 Concealed Courtyard; 2 Erode; 4 Iron-Shield Elf; 2 Inspiring Vantage; 3 Burst Lightning; 1 Cecil, Dark Knight; 4 Starting Town; 4 Practiced Offense; 1 Mountain; 1 Shardmage's Rescue; 1 Multiversal Passage; 4 Moonshadow; 4 Hardened Academic; 4 Marauding Mako; 4 Sacred Foundry; 4 Cool but Rude; 1 Blazemire Verge; 3 Tersa Lightshatter; 4 Bloodghast; 4 Blood Crypt; 1 Godless Shrine","1 Inti, Seneschal of the Sun; 2 Strategic Betrayal; 1 Seam Rip; 1 Shoot the Sheriff; 2 Case of the Crimson Pulse; 1 Erode; 3 Voice of Victory; 4 Leyline of the Void"
Will Krueger,Izzet Prowess,7 Island; 4 Eddymurk Crab; 4 Opt; 4 Stormchaser's Talent; 4 Burst Lightning; 4 Boomerang Basics; 2 Get Out; 1 Roaring Furnace // Steaming Sauna; 4 Flow State; 1 Impractical Joke; 2 Multiversal Passage; 1 Spell Pierce; 2 Stock Up; 4 Riverpyre Verge; 4 Steam Vents; 4 Spirebluff Canal; 4 Sleight of Hand; 4 Slickshot Show-Off,1 Disdainful Stroke; 1 Annul; 2 Slagstorm; 1 Get Out; 1 Impractical Joke; 1 Sear; 1 Soul-Guide Lantern; 2 The Legend of Kuruk; 1 Spell Pierce; 1 Spell Snare; 1 Negate; 2 Sunderflock
Prez Kuhnke,Izzet Lessons,4 Stormchaser's Talent; 1 It'll Quench Ya!; 2 Iroh's Demonstration; 1 Impractical Joke; 3 Flow State; 4 Firebending Lesson; 4 Combustion Technique; 4 Boomerang Basics; 4 Accumulate Wisdom; 3 Abandon Attachments; 4 Eddymurk Crab; 4 Gran-Gran; 4 Steam Vents; 4 Spirebluff Canal; 4 Riverpyre Verge; 2 Multiversal Passage; 1 Mountain; 6 Island; 1 Great Hall of the Biblioplex,"2 Annul; 1 Emeritus of Ideation; 1 Impractical Joke; 1 It'll Quench Ya!; 1 Negate; 1 Spell Snare; 3 Sunderflock; 1 Spell Pierce; 1 The Legend of Kuruk; 2 Ral, Crackling Wit; 1 Flashfreeze"
Masashiro Kuroda,Izzet Spellementals,3 Sunderflock; 2 Thundering Falls; 5 Island; 4 Eddymurk Crab; 4 Opt; 1 Three Steps Ahead; 4 Burst Lightning; 4 Traumatic Critique; 1 Great Hall of the Biblioplex; 2 Get Out; 3 Winternight Stories; 2 Spell Snare; 1 Multiversal Passage; 4 Hearth Elemental; 4 Riverpyre Verge; 4 Prismari Charm; 4 Steam Vents; 4 Spirebluff Canal; 4 Sleight of Hand,"1 Disdainful Stroke; 2 Hydro-Man, Fluid Felon; 4 Colorstorm Stallion; 1 Ill-Timed Explosion; 1 Cavern of Souls; 2 Annul; 1 Ral, Crackling Wit; 2 Soul-Guide Lantern; 1 Broadside Barrage"
Etai Kurtzman,Izzet Prowess,7 Island; 4 Eddymurk Crab; 4 Opt; 4 Stormchaser's Talent; 2 Traumatic Critique; 4 Burst Lightning; 1 Stormcarved Coast; 1 Great Hall of the Biblioplex; 4 Boomerang Basics; 2 Get Out; 4 Colorstorm Stallion; 4 Flow State; 1 Impractical Joke; 1 Sear; 1 Spell Pierce; 4 Riverpyre Verge; 4 Steam Vents; 4 Spirebluff Canal; 4 Sleight of Hand,"1 Flashfreeze; 1 Annul; 1 Slagstorm; 2 Hearth Elemental; 1 Ghost Vacuum; 2 Ral, Crackling Wit; 1 Soul-Guide Lantern; 1 Spell Pierce; 2 Broadside Barrage; 3 Sunderflock"
Curtis Lam,Golgari Midrange,4 Badgermole Cub; 1 Bitter Triumph; 4 Blooming Marsh; 1 Deathcap Glade; 3 Duress; 2 Emeritus of Abundance; 2 Firdoch Core; 3 Forest; 3 Keen-Eyed Curator; 4 Llanowar Elves; 1 Long Goodbye; 2 Maelstrom Pulse; 1 Multiversal Passage; 4 Overgrown Tomb; 4 Professor Dellian Fel; 4 Requiting Hex; 1 Restless Cottage; 1 Shoot the Sheriff; 2 Soulstone Sanctuary; 1 Strategic Betrayal; 3 Swamp; 1 Underground Mortuary; 4 Unholy Annex // Ritual Chamber; 4 Wastewood Verge,"2 Day of Black Sun; 1 Decorum Dissertation; 1 Duress; 1 Heritage Reclamation; 1 Intimidation Tactics; 1 Leatherhead, Swamp Stalker; 1 Long Goodbye; 2 Qarsi Revenant; 1 Surrak, Elusive Hunter; 1 The Ooze; 2 Torpor Orb; 1 Maelstrom Pulse"
Christoffer Larsen,Selesnya Landfall,"2 Surrak, Elusive Hunter; 2 Plains; 4 Earthbender Ascension; 4 Mightform Harmonizer; 2 Temple Garden; 3 Escape Tunnel; 2 Lumbering Worldwagon; 4 Sazh's Chocobo; 3 Ba Sing Se; 4 Llanowar Elves; 1 Keen-Eyed Curator; 4 Badgermole Cub; 4 Fabled Passage; 7 Forest; 2 Bushwhack; 4 Erode; 4 Hushwood Verge; 2 Dyadrine, Synthesis Amalgam; 1 Mossborn Hydra; 1 Icetill Explorer","3 Mossborn Hydra; 4 Sheltered by Ghosts; 3 Rest in Peace; 3 Snakeskin Veil; 1 Kutzil, Malamet Exemplar; 1 Surrak, Elusive Hunter"
Benji Leaf,Boros Discard,"6 Mountain; 2 Erode; 4 Inspiring Vantage; 2 Starting Town; 3 Burst Lightning; 3 Inti, Seneschal of the Sun; 4 Hired Claw; 2 Practiced Offense; 2 Multiversal Passage; 4 Hardened Academic; 4 Marauding Mako; 4 Sacred Foundry; 4 Cool but Rude; 4 Fear of Missing Out; 4 Bloodghast; 2 Tersa Lightshatter; 2 Casey Jones, Vigilante; 4 Sunbillow Verge",2 Erode; 2 Sheltered by Ghosts; 2 Scorching Shot; 2 Ghost Vacuum; 4 Magebane Lizard; 1 Sunspine Lynx; 2 Case of the Crimson Pulse
Anthony Lee,Izzet Prowess,4 Boomerang Basics; 2 Bounce Off; 4 Burst Lightning; 4 Colorstorm Stallion; 2 Drake Hatcher; 1 Flow State; 1 Prismari Charm; 7 Island; 2 Multiversal Passage; 4 Opt; 4 Riverpyre Verge; 3 Secret Identity; 4 Sleight of Hand; 4 Slickshot Show-Off; 4 Spirebluff Canal; 4 Steam Vents; 4 Stormchaser's Talent; 2 Vibrant Outburst,1 Disdainful Stroke; 2 Drake Hatcher; 3 Flow State; 2 Get Out; 2 Into the Flood Maw; 1 Sear; 2 Slagstorm; 2 Spell Pierce
Rick Hup Beng Lee,Dimir Excruciator,3 Bitter Triumph; 2 Cavern of Souls; 1 Day of Black Sun; 1 Deadly Cover-Up; 4 Deceit; 2 Doomsday Excruciator; 3 Emeritus of Ideation; 4 Gloomlake Verge; 1 Multiversal Passage; 4 Requiting Hex; 4 Restless Reef; 1 Shoot the Sheriff; 9 Swamp; 1 Undercity Sewers; 4 Watery Grave; 4 Winternight Stories; 4 Superior Spider-Man; 1 Nowhere to Run; 3 Overlord of the Balemurk; 2 Harvester of Misery; 2 Oildeep Gearhulk,1 Agatha's Soul Cauldron; 1 Dauntless Scrapbot; 2 Qarsi Revenant; 1 Decorum Dissertation; 4 Duress; 2 Flashfreeze; 1 Negate; 1 Quantum Riddler; 1 Strategic Betrayal; 1 Deadly Cover-Up
Shi Tian Lee,Simic Omniscience,"4 Willowrush Verge; 3 Opt; 4 Bounce Off; 2 Winternight Stories; 4 Breeding Pool; 3 Island; 2 Multiversal Passage; 4 Kona, Rescue Beastie; 4 Uthros, Titanic Godcore; 4 Cavern of Souls; 2 Spell Pierce; 3 Spell Snare; 4 Stock Up; 3 Marang River Regent; 4 Evendo, Waking Haven; 4 Omniscience; 4 Formidable Speaker; 2 North Wind Avatar",1 Consult the Star Charts; 1 Omni-Changeling; 2 Ghost Vacuum; 2 Into the Flood Maw; 1 Marang River Regent; 2 Spider-Sense; 2 Emeritus of Ideation; 3 Voice of Victory; 1 Terror of the Peaks
Avi Lessure,Azorius Momo,"2 Floodpits Drowner; 4 Momo, Friendly Flier; 2 Starting Town; 4 Seam Rip; 2 Get Lost; 3 Haliya, Guided by Light; 4 Floodfarm Verge; 4 Hallowed Fountain; 4 Springleaf Drum; 4 Daydream; 4 Multiversal Passage; 2 Abandoned Air Temple; 4 Sage of the Skies; 4 Starfield Shepherd; 6 Plains; 1 Cosmogrand Zenith; 2 Nurturing Pixie; 4 Quantum Riddler",2 Disdainful Stroke; 2 Requisition Raid; 2 Emeritus of Truce; 1 Curious Farm Animals; 1 Figure of Fable; 2 Flashfreeze; 3 Rest in Peace; 2 Clarion Conqueror
Phillip Li,Izzet Prowess,4 Sleight of Hand; 4 Opt; 4 Stormchaser's Talent; 4 Flow State; 4 Burst Lightning; 4 Slickshot Show-Off; 4 Boomerang Basics; 3 Elusive Otter; 3 Eddymurk Crab; 1 Spell Pierce; 1 Shore Up; 1 Get Out; 2 Flashback; 4 Spirebluff Canal; 4 Riverpyre Verge; 4 Multiversal Passage; 5 Island; 4 Steam Vents,"1 Soul-Guide Lantern; 1 Sear; 2 Annul; 1 Cut Propulsion; 1 Ral, Crackling Wit; 3 Sunderflock; 1 Eddymurk Crab; 1 Roaring Furnace // Steaming Sauna; 1 Emeritus of Ideation; 1 Negate; 1 Spell Pierce; 1 Get Out"
Jeff Lin,Mono-Green Landfall,15 Forest; 4 Fabled Passage; 4 Escape Tunnel; 3 Ba Sing Se; 4 Llanowar Elves; 4 Sazh's Chocobo; 4 Badgermole Cub; 4 Keen-Eyed Curator; 4 Earthbender Ascension; 4 Icetill Explorer; 4 Mightform Harmonizer; 2 Sapling Nursery; 3 Meltstrider's Resolve; 1 Royal Treatment,"2 Sapling Nursery; 1 Meltstrider's Resolve; 4 Mossborn Hydra; 2 Origin of Metalbending; 2 Pawpatch Formation; 2 Torpor Orb; 2 Surrak, Elusive Hunter"
Yuchen Liu,Izzet Prowess,7 Island; 4 Eddymurk Crab; 4 Opt; 4 Stormchaser's Talent; 4 Burst Lightning; 2 Stormcarved Coast; 4 Boomerang Basics; 2 Get Out; 1 Roaring Furnace // Steaming Sauna; 4 Flow State; 2 Spell Pierce; 1 Stock Up; 1 Prismari Charm; 4 Riverpyre Verge; 4 Steam Vents; 4 Spirebluff Canal; 4 Sleight of Hand; 4 Slickshot Show-Off,"1 Annul; 1 Get Out; 1 Sear; 1 Ghost Vacuum; 1 Roaring Furnace // Steaming Sauna; 2 Impractical Joke; 2 Ral, Crackling Wit; 2 Soul-Guide Lantern; 1 Spell Pierce; 2 Broadside Barrage; 1 Negate"
Guillermo Loli,Rakdos Discard,"1 Inti, Seneschal of the Sun; 2 Swamp; 2 Starting Town; 4 Iron-Shield Elf; 4 Mountain; 3 Bitter Triumph; 3 Monument to Endurance; 4 Multiversal Passage; 4 Moonshadow; 4 Marauding Mako; 3 Requiting Hex; 4 Cool but Rude; 4 Blazemire Verge; 1 Oscorp Industries; 3 Bloodghast; 3 Flamewake Phoenix; 1 Carnage, Crimson Chaos; 1 Restless Vents; 4 Blood Crypt; 4 Bloodthorn Flail; 1 Casey Jones, Vigilante",3 Strategic Betrayal; 1 Qarsi Revenant; 3 Duress; 2 Pyroclasm; 1 Case of the Crimson Pulse; 2 Sunspine Lynx; 3 Magebane Lizard
Jorge Lopez,Mono-Green Landfall,4 Badgermole Cub; 4 Icetill Explorer; 4 Llanowar Elves; 4 Mightform Harmonizer; 4 Sazh's Chocobo; 4 Meltstrider's Resolve; 4 Earthbender Ascension; 13 Forest; 4 Fabled Passage; 3 Ba Sing Se; 4 Escape Tunnel; 2 Promising Vein; 3 Keen-Eyed Curator; 3 Royal Treatment,"1 Heritage Reclamation; 2 Torpor Orb; 2 Origin of Metalbending; 2 Pawpatch Formation; 3 Mossborn Hydra; 3 Sapling Nursery; 1 Eumidian Terrabotanist; 1 Surrak, Elusive Hunter"
Guglielmo Lupi,Mono-Green Landfall,1 Cavern of Souls; 4 Earthbender Ascension; 3 Mightform Harmonizer; 4 Esper Origins; 4 Meltstrider's Resolve; 4 Escape Tunnel; 2 Dragon Sniper; 4 Ba Sing Se; 4 Sazh's Chocobo; 4 Icetill Explorer; 4 Llanowar Elves; 1 Edge Rover; 4 Badgermole Cub; 4 Fabled Passage; 13 Forest,1 Mightform Harmonizer; 1 Pawpatch Formation; 2 Royal Treatment; 1 Cavern of Souls; 3 Soul-Guide Lantern; 4 Mossborn Hydra; 1 Edge Rover; 2 Sapling Nursery
Nicolás Morales Macaya,Mono-Green Landfall,2 Esper Origins; 2 Promising Vein; 4 Earthbender Ascension; 4 Mightform Harmonizer; 1 Archdruid's Charm; 2 Meltstrider's Resolve; 3 Escape Tunnel; 4 Keen-Eyed Curator; 1 Royal Treatment; 4 Sazh's Chocobo; 3 Ba Sing Se; 4 Llanowar Elves; 4 Icetill Explorer; 4 Badgermole Cub; 4 Fabled Passage; 14 Forest,"2 Surrak, Elusive Hunter; 1 Origin of Metalbending; 2 Meltstrider's Resolve; 2 Pawpatch Formation; 4 Sapling Nursery; 3 Mossborn Hydra; 1 Eumidian Terrabotanist"
Edgar Magalhaes,Izzet Prowess,7 Island; 4 Eddymurk Crab; 4 Opt; 4 Stormchaser's Talent; 4 Burst Lightning; 4 Boomerang Basics; 1 Get Out; 4 Flow State; 2 Impractical Joke; 2 Multiversal Passage; 2 Spell Pierce; 2 Stock Up; 4 Riverpyre Verge; 4 Steam Vents; 4 Spirebluff Canal; 4 Sleight of Hand; 4 Slickshot Show-Off,1 Disdainful Stroke; 1 Annul; 2 Slagstorm; 2 Get Out; 1 Sear; 2 Roaring Furnace // Steaming Sauna; 2 The Legend of Kuruk; 2 Sunderflock; 1 Spell Snare; 1 Negate
Horiuchi Makoto,Izzet Prowess,6 Island; 4 Opt; 2 Eddymurk Crab; 4 Stormchaser's Talent; 4 Burst Lightning; 2 Torch the Tower; 4 Boomerang Basics; 2 Colorstorm Stallion; 1 Roaring Furnace // Steaming Sauna; 4 Flow State; 3 Multiversal Passage; 1 Quantum Riddler; 2 Prismari Charm; 4 Riverpyre Verge; 4 Steam Vents; 4 Spirebluff Canal; 4 Sleight of Hand; 4 Slickshot Show-Off; 1 Get Out,"1 Annul; 2 Ghost Vacuum; 2 Roaring Furnace // Steaming Sauna; 2 Spell Pierce; 2 Ral, Crackling Wit; 1 Abrade; 1 Quantum Riddler; 2 Fire Magic; 1 Get Out; 1 Soul-Guide Lantern"
Seth Manfield,Izzet Prowess,7 Island; 4 Eddymurk Crab; 4 Opt; 4 Stormchaser's Talent; 4 Burst Lightning; 4 Boomerang Basics; 2 Get Out; 4 Flow State; 2 Impractical Joke; 2 Multiversal Passage; 2 Spell Pierce; 1 Stock Up; 4 Riverpyre Verge; 4 Steam Vents; 4 Spirebluff Canal; 4 Sleight of Hand; 4 Slickshot Show-Off,1 Disdainful Stroke; 1 Annul; 1 Get Out; 2 Slagstorm; 1 Sear; 1 Roaring Furnace // Steaming Sauna; 1 Stock Up; 1 Soul-Guide Lantern; 2 The Legend of Kuruk; 2 Sunderflock; 1 Spell Snare; 1 Negate
Rafael Marin,Izzet Lessons,6 Island; 4 Gran-Gran; 4 Eddymurk Crab; 4 Stormchaser's Talent; 1 Stormcarved Coast; 1 Great Hall of the Biblioplex; 4 Boomerang Basics; 1 Roaring Furnace // Steaming Sauna; 4 Combustion Technique; 3 Flow State; 1 Iroh's Demonstration; 2 Multiversal Passage; 4 Firebending Lesson; 4 Accumulate Wisdom; 3 Abandon Attachments; 4 Riverpyre Verge; 2 It'll Quench Ya!; 4 Steam Vents; 4 Spirebluff Canal,"1 Slagstorm; 2 Get Out; 1 Ghost Vacuum; 1 Roaring Furnace // Steaming Sauna; 2 Spell Pierce; 2 Ral, Crackling Wit; 2 Emeritus of Ideation; 1 Fire Magic; 3 Sunderflock"
Carlos Martinez,Dimir Midrange,"4 Spyglass Siren; 4 Dream Beavers; 4 Floodpits Drowner; 2 Deep-Cavern Bat; 3 Tishana's Tidebinder; 2 Preacher of the Schism; 3 Enduring Curiosity; 1 Wan Shi Tong, Librarian; 4 Kaito, Bane of Nightmares; 1 Phantom Interference; 1 Spell Snare; 3 Requiting Hex; 2 Bitter Triumph; 2 Shoot the Sheriff; 2 Soulstone Sanctuary; 2 Starting Town; 2 Restless Reef; 3 Swamp; 3 Island; 4 Gloomlake Verge; 4 Watery Grave; 4 Multiversal Passage",2 Annul; 1 Spell Pierce; 2 Duress; 1 Requiting Hex; 1 Soul-Guide Lantern; 1 Essence Scatter; 2 Disdainful Stroke; 1 Strategic Betrayal; 1 The Unagi of Kyoshi Island; 2 Day of Black Sun; 1 The Ooze
Toni Martos,Izzet Prowess,7 Island; 4 Eddymurk Crab; 4 Opt; 2 Traumatic Critique; 4 Stormchaser's Talent; 4 Burst Lightning; 1 Stormcarved Coast; 4 Boomerang Basics; 3 Colorstorm Stallion; 2 Get Out; 3 Flow State; 1 Multiversal Passage; 2 Spell Pierce; 2 Prismari Charm; 4 Riverpyre Verge; 4 Steam Vents; 4 Spirebluff Canal; 4 Sleight of Hand; 1 Vibrant Outburst,"2 Wan Shi Tong, Librarian; 1 Annul; 1 Get Out; 1 Three Steps Ahead; 2 Ghost Vacuum; 1 Sear; 2 Impractical Joke; 1 Roaring Furnace // Steaming Sauna; 1 Soul-Guide Lantern; 1 Ral, Crackling Wit; 1 Negate; 1 Broadside Barrage"
Adrià Martín,Rakdos Discard,"4 Moonshadow; 4 Iron-Shield Elf; 4 Monument to Endurance; 4 Blood Crypt; 4 Bloodthorn Flail; 3 Casey Jones, Vigilante; 4 Cool but Rude; 4 Marauding Mako; 2 Requiting Hex; 4 Mountain; 2 Swamp; 1 Greasewrench Goblin; 2 Bloodghast; 4 Multiversal Passage; 2 Bitter Triumph; 2 Starting Town; 4 Flamewake Phoenix; 1 Oscorp Industries; 1 Restless Vents; 4 Blazemire Verge",1 Vengeful Possession; 1 Soul-Guide Lantern; 2 Pyroclasm; 3 Magebane Lizard; 4 Strategic Betrayal; 1 Requiting Hex; 3 Sunspine Lynx
Kenta Masukado,Izzet Spellementals,4 Sunderflock; 2 Thundering Falls; 4 Eddymurk Crab; 4 Opt; 2 Three Steps Ahead; 4 Burst Lightning; 4 Traumatic Critique; 1 Great Hall of the Biblioplex; 3 Winternight Stories; 2 Get Out; 4 Island; 1 Multiversal Passage; 1 Spell Snare; 4 Hearth Elemental; 4 Riverpyre Verge; 4 Prismari Charm; 4 Steam Vents; 4 Spirebluff Canal; 4 Sleight of Hand,"1 Disdainful Stroke; 2 Hydro-Man, Fluid Felon; 4 Colorstorm Stallion; 1 Ghost Vacuum; 1 Cavern of Souls; 2 Annul; 2 Soul-Guide Lantern; 1 Spell Snare; 1 Broadside Barrage"
Spencer Mazur,Mono-Green Landfall,4 Earthbender Ascension; 3 Mightform Harmonizer; 1 Archdruid's Charm; 4 Escape Tunnel; 2 Meltstrider's Resolve; 4 Sapling Nursery; 2 Royal Treatment; 4 Ba Sing Se; 4 Sazh's Chocobo; 1 Keen-Eyed Curator; 4 Llanowar Elves; 4 Icetill Explorer; 4 Badgermole Cub; 4 Fabled Passage; 1 Emeritus of Abundance; 14 Forest,"1 Scrapshooter; 2 Meltstrider's Resolve; 1 Surrak, Elusive Hunter; 2 Pawpatch Formation; 1 Soul-Guide Lantern; 1 Keen-Eyed Curator; 4 Mossborn Hydra; 3 Eumidian Terrabotanist"
Gavin Meagher,Mardu Discard,"4 Concealed Courtyard; 2 Erode; 2 Inspiring Vantage; 4 Iron-Shield Elf; 3 Burst Lightning; 1 Cecil, Dark Knight; 4 Starting Town; 4 Practiced Offense; 1 Mountain; 1 Shardmage's Rescue; 1 Multiversal Passage; 4 Moonshadow; 4 Hardened Academic; 4 Marauding Mako; 4 Sacred Foundry; 4 Cool but Rude; 1 Blazemire Verge; 3 Tersa Lightshatter; 4 Bloodghast; 4 Blood Crypt; 1 Godless Shrine","1 Inti, Seneschal of the Sun; 2 Strategic Betrayal; 1 Seam Rip; 1 Shoot the Sheriff; 2 Case of the Crimson Pulse; 1 Erode; 3 Voice of Victory; 4 Leyline of the Void"
Jonathan Melamed,Mono-Green Landfall,3 Ba Sing Se; 4 Badgermole Cub; 1 Demolition Field; 4 Earthbender Ascension; 4 Escape Tunnel; 3 Esper Origins; 4 Fabled Passage; 14 Forest; 4 Icetill Explorer; 3 Keen-Eyed Curator; 4 Llanowar Elves; 3 Meltstrider's Resolve; 4 Mightform Harmonizer; 1 Royal Treatment; 4 Sazh's Chocobo,"1 Meltstrider's Resolve; 4 Mossborn Hydra; 1 Origin of Metalbending; 2 Pawpatch Formation; 3 Sapling Nursery; 1 Scrapshooter; 2 Surrak, Elusive Hunter; 1 Sandman, Shifting Scoundrel"
Adriano Melo,Izzet Lessons,6 Island; 4 Gran-Gran; 4 Stormchaser's Talent; 1 Stormcarved Coast; 4 Boomerang Basics; 4 Combustion Technique; 2 Mountain; 1 Iroh's Demonstration; 1 Multiversal Passage; 4 Firebending Lesson; 4 Monument to Endurance; 4 Accumulate Wisdom; 4 Abandon Attachments; 4 Riverpyre Verge; 1 It'll Quench Ya!; 4 Artist's Talent; 4 Steam Vents; 4 Spirebluff Canal,"1 Disdainful Stroke; 1 Annul; 1 Impractical Joke; 1 Iroh's Demonstration; 1 Ghost Vacuum; 2 Spell Pierce; 2 Ral, Crackling Wit; 1 Pyroclasm; 2 Flashfreeze; 1 Fire Magic; 1 Spell Snare; 1 Broadside Barrage"
Guilherme Merjam,Mono-Green Landfall,1 Promising Vein; 4 Earthbender Ascension; 4 Mightform Harmonizer; 4 Meltstrider's Resolve; 2 Esper Origins; 4 Keen-Eyed Curator; 4 Sazh's Chocobo; 3 Ba Sing Se; 4 Fabled Passage; 4 Icetill Explorer; 4 Llanowar Elves; 4 Escape Tunnel; 14 Forest; 4 Badgermole Cub,1 Archdruid's Charm; 2 Pawpatch Formation; 4 Mossborn Hydra; 2 Eumidian Terrabotanist; 4 Sapling Nursery; 2 Royal Treatment
Suorsa Miitri,Izzet Lessons,4 Abandon Attachments; 4 Accumulate Wisdom; 1 Agna Qel'a; 4 Artist's Talent; 4 Combustion Technique; 4 Firebending Lesson; 4 Gran-Gran; 3 Iroh's Demonstration; 7 Island; 4 It'll Quench Ya!; 4 Monument to Endurance; 1 Mountain; 4 Riverpyre Verge; 4 Spirebluff Canal; 4 Steam Vents; 1 Stormcarved Coast; 2 Three Steps Ahead; 1 Traumatic Critique,"1 Annul; 2 Broadside Barrage; 1 Ghost Vacuum; 4 Price of Freedom; 2 Quantum Riddler; 1 Ral, Crackling Wit; 1 Soul-Guide Lantern; 2 Spell Pierce; 1 The Legend of Kuruk"
Aidan Mirabelli,Izzet Prowess,7 Island; 4 Opt; 4 Stormchaser's Talent; 4 Burst Lightning; 2 Bounce Off; 4 Boomerang Basics; 4 Colorstorm Stallion; 3 Secret Identity; 2 Flow State; 2 Multiversal Passage; 2 Drake Hatcher; 4 Riverpyre Verge; 4 Steam Vents; 4 Spirebluff Canal; 4 Sleight of Hand; 2 Vibrant Outburst; 4 Slickshot Show-Off,"1 Disdainful Stroke; 2 Slagstorm; 2 Get Out; 2 Flow State; 1 Sear; 2 Spell Pierce; 2 Into the Flood Maw; 2 Drake Hatcher; 1 Ral, Crackling Wit"
Ryouta Mishina,Izzet Prowess,2 Willowrush Verge; 4 Opt; 4 Elusive Otter; 4 Stormchaser's Talent; 4 Burst Lightning; 4 Boomerang Basics; 2 Colorstorm Stallion; 1 Roaring Furnace // Steaming Sauna; 2 Secret Identity; 4 Island; 3 Flow State; 1 Wild Ride; 3 Multiversal Passage; 2 Stock Up; 4 Riverpyre Verge; 4 Steam Vents; 4 Spirebluff Canal; 4 Sleight of Hand; 4 Slickshot Show-Off,"2 Eddymurk Crab; 1 Splatter Technique; 1 Slagstorm; 2 Get Out; 1 Impractical Joke; 2 Ghost Vacuum; 1 Roaring Furnace // Steaming Sauna; 2 Spell Pierce; 1 Ral, Crackling Wit; 2 Broadside Barrage"
Jacob Mitchell-Rabaey,Izzet Prowess,7 Island; 4 Eddymurk Crab; 4 Opt; 4 Stormchaser's Talent; 2 Traumatic Critique; 4 Burst Lightning; 1 Stormcarved Coast; 1 Great Hall of the Biblioplex; 4 Boomerang Basics; 4 Colorstorm Stallion; 2 Get Out; 4 Flow State; 1 Impractical Joke; 1 Sear; 1 Spell Pierce; 4 Riverpyre Verge; 4 Steam Vents; 4 Spirebluff Canal; 4 Sleight of Hand,"1 Flashfreeze; 1 Annul; 1 Slagstorm; 2 Hearth Elemental; 1 Ghost Vacuum; 2 Ral, Crackling Wit; 1 Soul-Guide Lantern; 1 Spell Pierce; 2 Broadside Barrage; 3 Sunderflock"
Pedro Molina,Mono-Green Landfall,4 Mightform Harmonizer; 4 Earthbender Ascension; 3 Ba Sing Se; 14 Forest; 4 Sazh's Chocobo; 4 Keen-Eyed Curator; 4 Badgermole Cub; 4 Llanowar Elves; 4 Icetill Explorer; 1 Promising Vein; 2 Esper Origins; 4 Fabled Passage; 4 Escape Tunnel; 4 Meltstrider's Resolve,"2 Pawpatch Formation; 4 Sapling Nursery; 2 Torpor Orb; 2 Surrak, Elusive Hunter; 2 Origin of Metalbending; 3 Mossborn Hydra"
Vasilios Morikis,Izzet Prowess,4 Eddymurk Crab; 7 Island; 4 Boomerang Basics; 4 Burst Lightning; 4 Opt; 4 Sleight of Hand; 4 Flow State; 1 Great Hall of the Biblioplex; 4 Stormchaser's Talent; 2 Spell Pierce; 4 Riverpyre Verge; 4 Spirebluff Canal; 4 Steam Vents; 1 Soul-Guide Lantern; 2 Traumatic Critique; 1 Multiversal Passage; 4 Colorstorm Stallion; 2 Get Out,"1 Impractical Joke; 1 Negate; 1 Disdainful Stroke; 1 Get Out; 1 Annul; 1 Sear; 1 Roaring Furnace // Steaming Sauna; 2 Ral, Crackling Wit; 2 Broadside Barrage; 2 Soul-Guide Lantern; 1 Slagstorm; 1 Sunderflock"
Masahide Moriyama,Izzet Spellementals,3 Sunderflock; 2 Thundering Falls; 5 Island; 4 Eddymurk Crab; 4 Opt; 2 Three Steps Ahead; 4 Burst Lightning; 4 Traumatic Critique; 2 Great Hall of the Biblioplex; 2 Get Out; 3 Winternight Stories; 1 Spell Pierce; 4 Hearth Elemental; 4 Riverpyre Verge; 4 Prismari Charm; 4 Steam Vents; 4 Spirebluff Canal; 4 Sleight of Hand,"1 Disdainful Stroke; 2 Hydro-Man, Fluid Felon; 4 Colorstorm Stallion; 1 Ill-Timed Explosion; 2 Annul; 1 Ral, Crackling Wit; 2 Soul-Guide Lantern; 1 Spell Snare; 1 Broadside Barrage"
Pier Paolo Moro,Izzet Lessons,"7 Island; 4 Gran-Gran; 4 Stormchaser's Talent; 2 Ral, Crackling Wit; 4 Boomerang Basics; 1 Roaring Furnace // Steaming Sauna; 4 Combustion Technique; 4 Flow State; 2 Iroh's Demonstration; 3 Multiversal Passage; 4 Firebending Lesson; 4 Accumulate Wisdom; 3 Abandon Attachments; 1 The Legend of Kuruk; 4 Riverpyre Verge; 1 It'll Quench Ya!; 4 Steam Vents; 4 Spirebluff Canal",1 Disdainful Stroke; 1 Flashfreeze; 3 Roaring Furnace // Steaming Sauna; 2 Spell Pierce; 2 Ill-Timed Explosion; 2 Annul; 1 Emeritus of Ideation; 2 It'll Quench Ya!; 1 Negate
Collins Mullen,Mono-Green Landfall,1 Promising Vein; 4 Earthbender Ascension; 4 Mightform Harmonizer; 4 Meltstrider's Resolve; 4 Esper Origins; 4 Escape Tunnel; 2 Sapling Nursery; 4 Sazh's Chocobo; 3 Ba Sing Se; 4 Icetill Explorer; 4 Llanowar Elves; 4 Badgermole Cub; 4 Fabled Passage; 14 Forest,"3 Surrak, Elusive Hunter; 2 Pawpatch Formation; 2 Royal Treatment; 1 Glorious Decay; 3 Soul-Guide Lantern; 4 Mossborn Hydra"
Ryan Mullens,Izzet Prowess,7 Island; 4 Eddymurk Crab; 4 Opt; 1 Traumatic Critique; 4 Stormchaser's Talent; 4 Burst Lightning; 2 Stormcarved Coast; 3 Boomerang Basics; 2 Get Out; 3 Colorstorm Stallion; 2 Roaring Furnace // Steaming Sauna; 4 Flow State; 2 Spell Pierce; 1 Stock Up; 4 Riverpyre Verge; 4 Steam Vents; 4 Spirebluff Canal; 4 Sleight of Hand; 1 Vibrant Outburst,1 Annul; 1 Slagstorm; 1 Get Out; 1 Torpor Orb; 1 Impractical Joke; 1 Sear; 1 Spider-Sense; 2 Soul-Guide Lantern; 1 Spell Pierce; 1 Negate; 2 Broadside Barrage; 2 Sunderflock
Shuhei Nakamura,Sultai Control,"1 Swamp; 3 Withering Curse; 4 Starting Town; 2 Quandrix Charm; 1 Underground Mortuary; 1 Wistfulness; 1 Analyze the Pollen; 1 Dreamroot Cascade; 4 Deceit; 3 Awaken the Honored Dead; 1 Island; 1 Black Cat, Cunning Thief; 4 Superior Spider-Man; 1 Multiversal Passage; 4 Wastewood Verge; 4 Rakshasa's Bargain; 2 Undercity Sewers; 4 Overgrown Tomb; 2 Shoot the Sheriff; 2 Requiting Hex; 4 Watery Grave; 2 Witherbloom Charm; 4 Ancient Cornucopia; 1 Gloomlake Verge; 3 Emeritus of Ideation","1 Bitter Triumph; 1 Disdainful Stroke; 2 Negate; 3 Strategic Betrayal; 2 Pest Control; 2 Keen-Eyed Curator; 1 Cavern of Souls; 1 Black Cat, Cunning Thief; 2 Duress"
Atsushi Nakashima,Izzet Prowess,7 Island; 3 Eddymurk Crab; 4 Opt; 4 Stormchaser's Talent; 4 Burst Lightning; 2 Stormcarved Coast; 4 Boomerang Basics; 2 Colorstorm Stallion; 2 Get Out; 4 Flow State; 2 Spell Pierce; 1 Shore Up; 1 Prismari Charm; 4 Riverpyre Verge; 4 Steam Vents; 4 Spirebluff Canal; 4 Sleight of Hand; 4 Slickshot Show-Off,"1 Disdainful Stroke; 1 Colorstorm Stallion; 2 Slagstorm; 1 Impractical Joke; 2 Ghost Vacuum; 1 Sear; 1 Roaring Furnace // Steaming Sauna; 2 Ral, Crackling Wit; 1 Abrade; 1 Negate; 2 Broadside Barrage"
Bassel Nasri,Izzet Spellementals,4 Steam Vents; 4 Spirebluff Canal; 8 Island; 1 Multiversal Passage; 4 Riverpyre Verge; 4 Opt; 4 Sleight of Hand; 2 Vibrant Outburst; 4 Eddymurk Crab; 4 Hearth Elemental; 3 Sunderflock; 4 Traumatic Critique; 4 Prismari Charm; 4 Burst Lightning; 3 Winternight Stories; 1 Spell Snare; 1 Ill-Timed Explosion; 1 Get Out,"1 Spell Snare; 3 Ashling, Rekindled; 2 Annul; 2 Disdainful Stroke; 2 Emeritus of Ideation; 1 Broadside Barrage; 1 Ghost Vacuum; 1 Sear; 1 Wan Shi Tong, Librarian; 1 Get Out"
Matt Nass,Selesnya Ouroboroid,4 Hushwood Verge; 4 Sage of the Skies; 2 Meltstrider's Resolve; 4 Starting Town; 4 Abandoned Air Temple; 4 Keen-Eyed Curator; 4 Pawpatch Recruit; 4 Temple Garden; 2 Plains; 3 Seam Rip; 4 Llanowar Elves; 6 Forest; 1 Nurturing Pixie; 3 Gene Pollinator; 4 Badgermole Cub; 3 Brightglass Gearhulk; 4 Ouroboroid,3 Erode; 1 Craterhoof Behemoth; 1 Focus Fire; 1 Insidious Fungus; 3 Rest in Peace; 2 Spider Manifestation; 4 Nature's Rhythm
Richard Nealston,Mono-Green Landfall,3 Ba Sing Se; 4 Badgermole Cub; 4 Earthbender Ascension; 4 Escape Tunnel; 3 Esper Origins; 4 Fabled Passage; 4 Icetill Explorer; 2 Keen-Eyed Curator; 4 Llanowar Elves; 4 Meltstrider's Resolve; 3 Mightform Harmonizer; 1 Promising Vein; 4 Sazh's Chocobo; 14 Forest; 2 Sapling Nursery,2 Heritage Reclamation; 4 Mossborn Hydra; 2 Eumidian Terrabotanist; 1 Pawpatch Formation; 1 Sapling Nursery; 1 Royal Treatment; 2 Soul-Guide Lantern; 1 Esper Origins; 1 Torpor Orb
Kye Nelson,Golgari Midrange,4 Llanowar Elves; 4 Badgermole Cub; 3 Keen-Eyed Curator; 4 Professor Dellian Fel; 4 Requiting Hex; 2 Emeritus of Abundance; 3 Duress; 1 Bitter Triumph; 1 Shoot the Sheriff; 1 Strategic Betrayal; 1 Long Goodbye; 2 Maelstrom Pulse; 2 Firdoch Core; 4 Unholy Annex // Ritual Chamber; 3 Forest; 3 Swamp; 4 Wastewood Verge; 4 Blooming Marsh; 4 Overgrown Tomb; 2 Soulstone Sanctuary; 1 Restless Cottage; 1 Underground Mortuary; 1 Deathcap Glade; 1 Multiversal Passage,"1 Heritage Reclamation; 2 Qarsi Revenant; 1 Duress; 2 Day of Black Sun; 1 Leatherhead, Swamp Stalker; 1 Surrak, Elusive Hunter; 1 Scrapshooter; 2 Torpor Orb; 1 Intimidation Tactics; 1 Strategic Betrayal; 1 Decorum Dissertation; 1 Long Goodbye"
"Hei Wo, Johnathan Ng",Mono-Green Landfall,"2 Esper Origins; 2 Promising Vein; 4 Earthbender Ascension; 4 Mightform Harmonizer; 2 Leatherhead, Swamp Stalker; 2 Meltstrider's Resolve; 3 Escape Tunnel; 4 Keen-Eyed Curator; 4 Sazh's Chocobo; 3 Ba Sing Se; 4 Llanowar Elves; 4 Icetill Explorer; 4 Badgermole Cub; 4 Fabled Passage; 14 Forest","2 Origin of Metalbending; 2 Meltstrider's Resolve; 1 Surrak, Elusive Hunter; 2 Pawpatch Formation; 2 Archdruid's Charm; 3 Mossborn Hydra; 3 Sapling Nursery"
Truong Hai Nguyen,Izzet Maestro,2 Mistrise Village; 2 Thundering Falls; 3 Sorceress's Schemes; 3 Three Steps Ahead; 2 Willowrush Verge; 1 Abrade; 1 Hedge Maze; 3 Molten-Core Maestro; 3 Great Hall of the Biblioplex; 1 Fountainport; 4 Combustion Technique; 3 Ashling's Command; 2 Island; 4 Firebending Lesson; 1 Spell Pierce; 2 Abandon Attachments; 4 Accumulate Wisdom; 1 Stock Up; 1 Prismari Charm; 2 It'll Quench Ya!; 4 Riverpyre Verge; 4 Steam Vents; 4 Tablet of Discovery; 3 Spirebluff Canal,2 Origin of Metalbending; 2 Negate; 2 Mathemagics; 1 Ill-Timed Explosion; 2 Annul; 2 Flashfreeze; 2 Soul-Guide Lantern; 1 Spell Pierce; 1 Broadside Barrage
Gabriel Nicholas,Izzet Prowess,4 Boomerang Basics; 4 Burst Lightning; 4 Eddymurk Crab; 4 Flow State; 2 Get Out; 1 Impractical Joke; 7 Island; 1 Multiversal Passage; 4 Opt; 1 Prismari Charm; 4 Riverpyre Verge; 1 Roaring Furnace // Steaming Sauna; 4 Sleight of Hand; 4 Slickshot Show-Off; 1 Spell Pierce; 1 Spell Snare; 4 Spirebluff Canal; 4 Steam Vents; 1 Stormcarved Coast; 4 Stormchaser's Talent,"1 Annul; 2 Broadside Barrage; 1 Get Out; 1 Negate; 2 Ral, Crackling Wit; 1 Roaring Furnace // Steaming Sauna; 1 Sear; 1 Slagstorm; 2 Soul-Guide Lantern; 1 Stock Up; 2 Molten-Core Maestro"
Simon Nielsen,Mono-Green Landfall,4 Ba Sing Se; 4 Badgermole Cub; 4 Earthbender Ascension; 4 Escape Tunnel; 4 Esper Origins; 4 Fabled Passage; 13 Forest; 4 Icetill Explorer; 4 Llanowar Elves; 4 Meltstrider's Resolve; 3 Mightform Harmonizer; 1 Cavern of Souls; 4 Sazh's Chocobo; 2 Dragon Sniper; 1 Edge Rover,4 Mossborn Hydra; 2 Royal Treatment; 3 Soul-Guide Lantern; 2 Sapling Nursery; 1 Cavern of Souls; 1 Pawpatch Formation; 1 Edge Rover; 1 Mightform Harmonizer
Ma Noah,Selesnya Ouroboroid,4 Hushwood Verge; 4 Sage of the Skies; 2 Meltstrider's Resolve; 4 Starting Town; 4 Abandoned Air Temple; 4 Keen-Eyed Curator; 4 Pawpatch Recruit; 4 Temple Garden; 2 Plains; 3 Seam Rip; 4 Llanowar Elves; 6 Forest; 1 Nurturing Pixie; 3 Gene Pollinator; 4 Badgermole Cub; 3 Brightglass Gearhulk; 4 Ouroboroid,3 Erode; 1 Craterhoof Behemoth; 1 Focus Fire; 1 Insidious Fungus; 3 Rest in Peace; 2 Spider Manifestation; 4 Nature's Rhythm
Dylan Nollen,Izzet Spellementals,4 Steam Vents; 4 Spirebluff Canal; 8 Island; 1 Multiversal Passage; 4 Riverpyre Verge; 4 Opt; 4 Sleight of Hand; 2 Vibrant Outburst; 4 Eddymurk Crab; 4 Hearth Elemental; 3 Sunderflock; 4 Traumatic Critique; 4 Prismari Charm; 4 Burst Lightning; 3 Winternight Stories; 1 Spell Snare; 1 Ill-Timed Explosion; 1 Get Out,"1 Spell Snare; 3 Ashling, Rekindled; 2 Annul; 2 Disdainful Stroke; 2 Emeritus of Ideation; 1 Ill-Timed Explosion; 1 Broadside Barrage; 1 Get Out; 1 Sear; 1 Wan Shi Tong, Librarian"
Allen Norman,Mono-Green Landfall,2 Esper Origins; 1 Promising Vein; 4 Earthbender Ascension; 4 Mightform Harmonizer; 2 Archdruid's Charm; 4 Escape Tunnel; 3 Sapling Nursery; 1 Royal Treatment; 4 Sazh's Chocobo; 3 Ba Sing Se; 2 Mossborn Hydra; 4 Icetill Explorer; 4 Llanowar Elves; 4 Badgermole Cub; 4 Fabled Passage; 14 Forest,"4 Meltstrider's Resolve; 2 Surrak, Elusive Hunter; 1 Origin of Metalbending; 1 Pawpatch Formation; 2 Torpor Orb; 2 Mossborn Hydra; 2 Soul-Guide Lantern; 1 Keen-Eyed Curator"
Ryan Normandin,Mono-Green Landfall,14 Forest; 3 Ba Sing Se; 4 Llanowar Elves; 4 Fabled Passage; 1 Promising Vein; 4 Escape Tunnel; 4 Keen-Eyed Curator; 2 Esper Origins; 4 Sazh's Chocobo; 4 Icetill Explorer; 4 Meltstrider's Resolve; 4 Mightform Harmonizer; 4 Badgermole Cub; 4 Earthbender Ascension,"2 Pawpatch Formation; 3 Mossborn Hydra; 2 Heritage Reclamation; 2 Surrak, Elusive Hunter; 2 Origin of Metalbending; 4 Sapling Nursery"
Nicholas Odenheimer,Izzet Prowess,6 Island; 4 Eddymurk Crab; 4 Opt; 4 Stormchaser's Talent; 4 Burst Lightning; 1 Stormcarved Coast; 1 Bounce Off; 1 Great Hall of the Biblioplex; 4 Boomerang Basics; 1 Get Out; 1 Roaring Furnace // Steaming Sauna; 4 Flow State; 1 Impractical Joke; 1 Multiversal Passage; 1 Spell Pierce; 1 Stock Up; 1 Prismari Charm; 4 Riverpyre Verge; 4 Steam Vents; 4 Spirebluff Canal; 4 Sleight of Hand; 4 Slickshot Show-Off,"1 Disdainful Stroke; 1 Wan Shi Tong, Librarian; 1 Slagstorm; 1 Get Out; 1 Ghost Vacuum; 1 Roaring Furnace // Steaming Sauna; 2 Ral, Crackling Wit; 1 Pyroclasm; 1 Abrade; 1 Soul-Guide Lantern; 1 Spell Pierce; 1 Spell Snare; 1 Negate; 1 Broadside Barrage"
Noé Offman,Izzet Prowess,6 Island; 4 Eddymurk Crab; 4 Opt; 4 Stormchaser's Talent; 4 Burst Lightning; 1 Stormcarved Coast; 1 Bounce Off; 1 Great Hall of the Biblioplex; 4 Boomerang Basics; 1 Get Out; 1 Roaring Furnace // Steaming Sauna; 4 Flow State; 1 Impractical Joke; 1 Multiversal Passage; 1 Spell Pierce; 1 Stock Up; 1 Prismari Charm; 4 Riverpyre Verge; 4 Steam Vents; 4 Spirebluff Canal; 4 Sleight of Hand; 4 Slickshot Show-Off,"1 Disdainful Stroke; 1 Wan Shi Tong, Librarian; 1 Slagstorm; 1 Get Out; 1 Ghost Vacuum; 1 Roaring Furnace // Steaming Sauna; 2 Ral, Crackling Wit; 1 Pyroclasm; 1 Abrade; 1 Soul-Guide Lantern; 1 Spell Pierce; 1 Spell Snare; 1 Negate; 1 Broadside Barrage"
Atsuya Okuno,Mono-Green Landfall,2 Esper Origins; 1 Promising Vein; 4 Earthbender Ascension; 4 Mightform Harmonizer; 4 Meltstrider's Resolve; 4 Escape Tunnel; 1 Sapling Nursery; 3 Keen-Eyed Curator; 4 Sazh's Chocobo; 3 Ba Sing Se; 4 Llanowar Elves; 4 Icetill Explorer; 4 Badgermole Cub; 4 Fabled Passage; 14 Forest,"2 Surrak, Elusive Hunter; 2 Origin of Metalbending; 1 Leatherhead, Swamp Stalker; 1 Pick Your Poison; 2 Pawpatch Formation; 1 Soul-Guide Lantern; 1 Torpor Orb; 3 Mossborn Hydra; 2 Sapling Nursery"
Pietro Maria Oltolina,Izzet Prowess,3 Colorstorm Stallion; 4 Eddymurk Crab; 4 Stormchaser's Talent; 4 Boomerang Basics; 4 Burst Lightning; 3 Flow State; 2 Get Out; 7 Island; 1 Multiversal Passage; 4 Opt; 2 Prismari Charm; 4 Riverpyre Verge; 4 Sleight of Hand; 2 Spell Pierce; 4 Spirebluff Canal; 4 Steam Vents; 1 Stormcarved Coast; 2 Traumatic Critique; 1 Vibrant Outburst,"1 Wan Shi Tong, Librarian; 1 Soul-Guide Lantern; 1 Roaring Furnace // Steaming Sauna; 1 Three Steps Ahead; 2 Ral, Crackling Wit; 1 Negate; 2 Impractical Joke; 2 Ghost Vacuum; 1 Get Out; 1 Sear; 1 Broadside Barrage; 1 Annul"
Matthew Oomkes,Four-Color Elementals,"1 Cori Mountain Monastery; 3 Sunderflock; 4 Vibrance; 2 Burst Lightning; 1 Stormcarved Coast; 2 Bounce Off; 4 Starting Town; 1 Restless Vinestalk; 4 Wistfulness; 4 Deceit; 3 Ill-Timed Explosion; 1 Winternight Stories; 4 Secluded Courtyard; 3 Breeding Pool; 4 Flamebraider; 1 Island; 4 Ashling, Rekindled; 4 Cavern of Souls; 1 Pit of Offerings; 4 Steam Vents; 1 Spirebluff Canal; 4 Roaming Throne","2 Disdainful Stroke; 1 Bounce Off; 2 Ghost Vacuum; 1 Sear; 2 Beza, the Bounding Spring; 1 Abrade; 2 Pyroclasm; 1 Soul-Guide Lantern; 1 Quantum Riddler; 1 Sunderflock; 1 Broadside Barrage"
Valentin Orru,Izzet Prowess,4 Boomerang Basics; 2 Secret Identity; 4 Flow State; 2 Colorstorm Stallion; 1 Plasma Bolt; 2 Multiversal Passage; 4 Riverpyre Verge; 4 Slickshot Show-Off; 4 Opt; 4 Stormchaser's Talent; 4 Burst Lightning; 7 Island; 1 Into the Flood Maw; 4 Sleight of Hand; 4 Spirebluff Canal; 4 Steam Vents; 1 Drake Hatcher; 2 Eddymurk Crab; 1 Spell Pierce; 1 Prismari Charm,"1 Hydro-Man, Fluid Felon; 2 Annul; 1 Stock Up; 1 Ral, Crackling Wit; 2 Sear; 2 Soul-Guide Lantern; 1 Spell Pierce; 2 Get Out; 1 Disdainful Stroke; 2 Roaring Furnace // Steaming Sauna"
Nick Osterude,Izzet Prowess,6 Island; 4 Eddymurk Crab; 4 Opt; 4 Stormchaser's Talent; 4 Burst Lightning; 1 Stormcarved Coast; 4 Boomerang Basics; 2 Colorstorm Stallion; 1 Get Out; 1 Impractical Joke; 4 Flow State; 2 Multiversal Passage; 1 Spell Pierce; 1 Stock Up; 1 Prismari Charm; 4 Riverpyre Verge; 4 Steam Vents; 4 Spirebluff Canal; 4 Sleight of Hand; 4 Slickshot Show-Off,"1 Get Out; 1 Impractical Joke; 1 Ghost Vacuum; 1 Roaring Furnace // Steaming Sauna; 2 Annul; 2 Ral, Crackling Wit; 2 Soul-Guide Lantern; 1 Spell Pierce; 2 Broadside Barrage; 2 Sunderflock"
Kenneth Oswald,Golgari Midrange,4 Badgermole Cub; 4 Requiting Hex; 4 Duress; 2 Bitter Triumph; 1 Strategic Betrayal; 1 Shoot the Sheriff; 3 Keen-Eyed Curator; 2 Maelstrom Pulse; 2 Firdoch Core; 2 Emeritus of Abundance; 4 Overgrown Tomb; 4 Wastewood Verge; 4 Blooming Marsh; 3 Forest; 3 Swamp; 1 Restless Cottage; 1 Deathcap Glade; 3 Soulstone Sanctuary; 1 Ba Sing Se; 3 Professor Dellian Fel; 4 Llanowar Elves; 4 Unholy Annex // Ritual Chamber,"1 Leatherhead, Swamp Stalker; 1 Surrak, Elusive Hunter; 1 Strategic Betrayal; 1 Qarsi Revenant; 1 Scrapshooter; 1 Heritage Reclamation; 1 Bitter Triumph; 1 Decorum Dissertation; 2 Day of Black Sun; 2 Urgent Necropsy; 2 Long Goodbye; 1 The Ooze"
Kazutaka Oya,Izzet Prowess,6 Island; 3 Eddymurk Crab; 4 Opt; 1 Elusive Otter; 4 Stormchaser's Talent; 4 Burst Lightning; 1 Stormcarved Coast; 4 Boomerang Basics; 1 Colorstorm Stallion; 2 Get Out; 1 Roaring Furnace // Steaming Sauna; 4 Flow State; 2 Multiversal Passage; 1 Spell Pierce; 1 Stock Up; 1 Prismari Charm; 4 Riverpyre Verge; 4 Steam Vents; 4 Spirebluff Canal; 4 Sleight of Hand; 4 Slickshot Show-Off,"2 Disdainful Stroke; 2 Elusive Otter; 1 Annul; 1 Slagstorm; 2 Colorstorm Stallion; 1 Impractical Joke; 1 Sear; 2 Ghost Vacuum; 1 Ral, Crackling Wit; 1 Spell Pierce; 1 Broadside Barrage"
Takeshi Ozawa,Sultai Control,"1 Swamp; 3 Withering Curse; 4 Starting Town; 2 Quandrix Charm; 1 Underground Mortuary; 1 Wistfulness; 1 Dreamroot Cascade; 4 Deceit; 3 Awaken the Honored Dead; 1 Island; 1 Black Cat, Cunning Thief; 4 Superior Spider-Man; 4 Wastewood Verge; 1 Multiversal Passage; 4 Rakshasa's Bargain; 4 Overgrown Tomb; 2 Shoot the Sheriff; 3 Undercity Sewers; 2 Requiting Hex; 4 Watery Grave; 2 Witherbloom Charm; 4 Ancient Cornucopia; 1 Gloomlake Verge; 3 Emeritus of Ideation","1 Disdainful Stroke; 2 Negate; 2 Strategic Betrayal; 2 Pest Control; 2 Keen-Eyed Curator; 2 Cavern of Souls; 1 Black Cat, Cunning Thief; 2 Duress; 1 Bitter Triumph"
Samuel Pardee,Izzet Prowess,4 Boomerang Basics; 4 Steam Vents; 4 Eddymurk Crab; 4 Spirebluff Canal; 4 Sleight of Hand; 2 Multiversal Passage; 4 Opt; 4 Riverpyre Verge; 7 Island; 4 Slickshot Show-Off; 1 Stock Up; 4 Burst Lightning; 1 Impractical Joke; 4 Stormchaser's Talent; 4 Flow State; 2 Spell Pierce; 2 Get Out; 1 Roaring Furnace // Steaming Sauna,1 Get Out; 1 Annul; 2 The Legend of Kuruk; 2 Slagstorm; 1 Disdainful Stroke; 2 Sunderflock; 1 Spell Snare; 1 Negate; 1 Sear; 1 Stock Up; 1 Impractical Joke; 1 Gigastorm Titan
Kellen Pastore,Mono-Green Landfall,4 Earthbender Ascension; 4 Mightform Harmonizer; 4 Escape Tunnel; 3 Meltstrider's Resolve; 4 Keen-Eyed Curator; 2 Sapling Nursery; 1 Royal Treatment; 4 Sazh's Chocobo; 3 Ba Sing Se; 4 Llanowar Elves; 4 Icetill Explorer; 4 Badgermole Cub; 4 Fabled Passage; 15 Forest,"2 Origin of Metalbending; 2 Surrak, Elusive Hunter; 1 Meltstrider's Resolve; 2 Pawpatch Formation; 2 Torpor Orb; 4 Mossborn Hydra; 2 Sapling Nursery"
Alexey Paulot,Jeskai Control,1 Cori Mountain Monastery; 1 Mistrise Village; 2 Thundering Falls; 1 Erode; 1 Three Steps Ahead; 1 Traumatic Critique; 2 Burst Lightning; 1 Abrade; 1 Flashback; 1 Great Hall of the Biblioplex; 4 Consult the Star Charts; 2 Get Lost; 4 Hallowed Fountain; 4 Floodfarm Verge; 3 Sundown Pass; 4 Jeskai Revelation; 1 Mountain; 2 Spell Snare; 2 Sear; 1 Day of Judgment; 1 Spell Pierce; 1 Sacred Foundry; 4 Stock Up; 2 Resonating Lute; 1 Riverpyre Verge; 4 Tablet of Discovery; 4 Steam Vents; 2 Sunbillow Verge; 2 Fire Magic,"1 Disdainful Stroke; 1 Wan Shi Tong, Librarian; 2 Beza, the Bounding Spring; 1 No More Lies; 1 Abrade; 1 Authority of the Consuls; 2 Emeritus of Ideation; 2 Rest in Peace; 2 Flashfreeze; 1 Day of Judgment; 1 Negate"
Marc Peral,Mono-Green Landfall,3 Esper Origins; 1 Bushwhack; 4 Earthbender Ascension; 4 Mightform Harmonizer; 4 Escape Tunnel; 2 Meltstrider's Resolve; 3 Keen-Eyed Curator; 1 Demolition Field; 1 Royal Treatment; 4 Sazh's Chocobo; 3 Ba Sing Se; 4 Icetill Explorer; 4 Llanowar Elves; 4 Badgermole Cub; 4 Fabled Passage; 14 Forest,"2 Surrak, Elusive Hunter; 1 Origin of Metalbending; 1 Scrapshooter; 2 Meltstrider's Resolve; 2 Pawpatch Formation; 4 Mossborn Hydra; 3 Sapling Nursery"
Gavin Perry,Azorius Momo,"4 Momo, Friendly Flier; 1 Aang, Swift Savior; 1 Mockingbird; 3 Seam Rip; 4 Floodfarm Verge; 3 Haliya, Guided by Light; 4 Hallowed Fountain; 4 Springleaf Drum; 2 Practiced Offense; 4 Daydream; 3 Multiversal Passage; 1 Airbender Ascension; 9 Plains; 1 Abandoned Air Temple; 4 Sage of the Skies; 4 Starfield Shepherd; 1 Spider-Sense; 3 Nurturing Pixie; 4 Quantum Riddler",1 Disdainful Stroke; 3 Aven Interrupter; 2 No More Lies; 1 Spider-Sense; 2 Avatar's Wrath; 1 Curious Farm Animals; 3 Rest in Peace; 2 Clarion Conqueror
Guillaume Petri,Izzet Prowess,4 Boomerang Basics; 4 Burst Lightning; 2 Colorstorm Stallion; 1 Drake Hatcher; 2 Eddymurk Crab; 4 Flow State; 1 Impractical Joke; 1 Into the Flood Maw; 7 Island; 2 Multiversal Passage; 4 Opt; 1 Prismari Charm; 4 Riverpyre Verge; 2 Secret Identity; 4 Sleight of Hand; 4 Slickshot Show-Off; 1 Spell Pierce; 4 Spirebluff Canal; 4 Steam Vents; 4 Stormchaser's Talent,"2 Annul; 1 Disdainful Stroke; 2 Get Out; 1 Ral, Crackling Wit; 2 Roaring Furnace // Steaming Sauna; 2 Sear; 2 Soul-Guide Lantern; 1 Spell Pierce; 1 Stock Up; 1 Hydro-Man, Fluid Felon"
Rodrigo Pinheiro,Azorius Tempo,"4 Aang, Swift Savior; 2 Abandoned Air Temple; 2 Avatar's Wrath; 4 Aven Interrupter; 2 Erode; 1 Bounce Off; 4 Floodfarm Verge; 4 Floodpits Drowner; 2 Enduring Innocence; 4 Hallowed Fountain; 4 High Noon; 2 Multiversal Passage; 2 No More Lies; 1 Restless Anchorage; 3 Seam Rip; 1 Spell Snare; 4 Starting Town; 4 Voice of Victory; 3 Island; 5 Plains; 1 Enduring Curiosity; 1 Three Steps Ahead","1 Elspeth, Storm Slayer; 2 Disdainful Stroke; 2 Annul; 2 Tishana's Tidebinder; 2 Wan Shi Tong, Librarian; 2 Rest in Peace; 2 Ajani, Outland Chaperone; 2 Avatar's Wrath"
Michael Plummer,Izzet Spellementals,4 Steam Vents; 4 Spirebluff Canal; 8 Island; 1 Multiversal Passage; 4 Riverpyre Verge; 4 Opt; 4 Sleight of Hand; 2 Vibrant Outburst; 4 Eddymurk Crab; 4 Hearth Elemental; 3 Sunderflock; 4 Traumatic Critique; 4 Prismari Charm; 4 Burst Lightning; 3 Winternight Stories; 1 Spell Snare; 1 Ill-Timed Explosion; 1 Get Out,"1 Spell Snare; 3 Ashling, Rekindled; 2 Annul; 2 Disdainful Stroke; 2 Emeritus of Ideation; 1 Ill-Timed Explosion; 1 Broadside Barrage; 1 Sear; 1 Wan Shi Tong, Librarian; 1 Get Out"
Raul Porojan,Selesnya Rhythm,1 Craterhoof Behemoth; 4 Starting Town; 4 Temple Garden; 8 Forest; 2 Seam Rip; 4 Llanowar Elves; 4 Badgermole Cub; 4 Gene Pollinator; 4 Brightglass Gearhulk; 4 Nature's Rhythm; 4 Hushwood Verge; 2 Abandoned Air Temple; 2 Meltstrider's Resolve; 1 Goldvein Hydra; 1 Plains; 4 Spider Manifestation; 1 Insidious Fungus; 1 Nurturing Pixie; 1 Soul-Guide Lantern; 4 Ouroboroid,"2 Surrak, Elusive Hunter; 1 Pyrrhic Strike; 1 Seam Rip; 3 Get Lost; 1 Meltstrider's Resolve; 4 Sage of the Skies; 2 Leatherhead, Swamp Stalker; 1 Authority of the Consuls"
Toni Portolan,Izzet Maestro,2 Mistrise Village; 2 Thundering Falls; 3 Sorceress's Schemes; 3 Three Steps Ahead; 2 Willowrush Verge; 1 Abrade; 2 Great Hall of the Biblioplex; 3 Molten-Core Maestro; 1 Hedge Maze; 1 Fountainport; 4 Combustion Technique; 3 Ashling's Command; 1 Mathemagics; 2 Island; 4 Firebending Lesson; 1 Spell Pierce; 2 Abandon Attachments; 4 Accumulate Wisdom; 1 Prismari Charm; 4 Riverpyre Verge; 2 It'll Quench Ya!; 4 Steam Vents; 4 Tablet of Discovery; 4 Spirebluff Canal,2 Origin of Metalbending; 2 Negate; 1 Mathemagics; 1 Stock Up; 1 Ill-Timed Explosion; 2 Annul; 2 Flashfreeze; 2 Soul-Guide Lantern; 1 Spell Pierce; 1 Broadside Barrage
Jack Potter,Mono-Green Landfall,3 Esper Origins; 1 Promising Vein; 4 Earthbender Ascension; 3 Mightform Harmonizer; 4 Meltstrider's Resolve; 4 Escape Tunnel; 2 Sapling Nursery; 2 Keen-Eyed Curator; 4 Sazh's Chocobo; 3 Ba Sing Se; 4 Icetill Explorer; 4 Llanowar Elves; 4 Badgermole Cub; 4 Fabled Passage; 14 Forest,1 Esper Origins; 1 Pawpatch Formation; 1 Royal Treatment; 2 Soul-Guide Lantern; 2 Heritage Reclamation; 4 Mossborn Hydra; 2 Eumidian Terrabotanist; 1 Sapling Nursery; 1 Torpor Orb
Dylan Pratt,Izzet Lessons,6 Island; 4 Gran-Gran; 2 Three Steps Ahead; 2 Agna Qel'a; 2 Boomerang Basics; 4 Combustion Technique; 2 Mountain; 2 Iroh's Demonstration; 4 Firebending Lesson; 4 Monument to Endurance; 4 Accumulate Wisdom; 4 Abandon Attachments; 4 It'll Quench Ya!; 4 Riverpyre Verge; 4 Artist's Talent; 4 Steam Vents; 4 Spirebluff Canal,"1 Essence Scatter; 1 Flashfreeze; 2 Price of Freedom; 1 Annul; 1 Slagstorm; 3 Spell Pierce; 2 Emeritus of Ideation; 2 Ral, Crackling Wit; 2 Broadside Barrage"
Jason Qiu,Izzet Maestro,2 Mistrise Village; 2 Thundering Falls; 3 Sorceress's Schemes; 3 Three Steps Ahead; 2 Willowrush Verge; 1 Abrade; 2 Great Hall of the Biblioplex; 3 Molten-Core Maestro; 1 Hedge Maze; 1 Fountainport; 4 Combustion Technique; 3 Ashling's Command; 2 Island; 4 Firebending Lesson; 1 Spell Pierce; 2 Abandon Attachments; 4 Accumulate Wisdom; 1 Stock Up; 1 Prismari Charm; 2 It'll Quench Ya!; 4 Riverpyre Verge; 4 Steam Vents; 4 Tablet of Discovery; 4 Spirebluff Canal,2 Origin of Metalbending; 2 Negate; 2 Mathemagics; 1 Ill-Timed Explosion; 2 Annul; 2 Flashfreeze; 2 Soul-Guide Lantern; 1 Spell Pierce; 1 Broadside Barrage
Joao Quege,Boros Dragons,"4 Burst Lightning; 4 Sacred Foundry; 2 Mountain; 4 Inspiring Vantage; 4 Maelstrom of the Spirit Dragon; 4 Magmatic Hellkite; 4 Momo, Friendly Flier; 3 Clarion Conqueror; 2 Multiversal Passage; 4 Nova Hellkite; 3 Cavern of Souls; 4 Sarkhan, Dragon Ascendant; 4 Sunbillow Verge; 4 Voice of Victory; 2 Erode; 1 Twinmaw Stormbrood; 2 Sage of the Skies; 3 Lorehold, the Historian; 1 Sundown Pass; 1 Daydream",1 Get Lost; 3 Rest in Peace; 1 Maelstrom Artisan; 1 Spectacular Tactics; 1 Pyrrhic Strike; 2 The Legend of Roku; 1 Fire Magic; 1 Clarion Conqueror; 3 Magebane Lizard; 1 Pyroclasm
Thierry Ramboa,Izzet Prowess,7 Island; 4 Opt; 2 Eddymurk Crab; 4 Stormchaser's Talent; 4 Burst Lightning; 4 Boomerang Basics; 1 Plasma Bolt; 2 Colorstorm Stallion; 2 Secret Identity; 4 Flow State; 2 Multiversal Passage; 1 Spell Pierce; 1 Into the Flood Maw; 1 Drake Hatcher; 1 Prismari Charm; 4 Riverpyre Verge; 4 Steam Vents; 4 Spirebluff Canal; 4 Sleight of Hand; 4 Slickshot Show-Off,"1 Disdainful Stroke; 1 Hydro-Man, Fluid Felon; 2 Get Out; 2 Roaring Furnace // Steaming Sauna; 2 Sear; 1 Stock Up; 2 Annul; 1 Ral, Crackling Wit; 2 Soul-Guide Lantern; 1 Spell Pierce"
Javier Ramos,Izzet Prowess,7 Island; 4 Eddymurk Crab; 4 Opt; 1 Traumatic Critique; 4 Stormchaser's Talent; 4 Burst Lightning; 4 Boomerang Basics; 2 Get Out; 4 Colorstorm Stallion; 1 Impractical Joke; 3 Flow State; 2 Multiversal Passage; 2 Spell Pierce; 1 Prismari Charm; 4 Riverpyre Verge; 4 Steam Vents; 4 Spirebluff Canal; 4 Sleight of Hand; 1 Octopus Form,"1 Disdainful Stroke; 1 Annul; 1 Impractical Joke; 1 Sear; 1 Ghost Vacuum; 1 Roaring Furnace // Steaming Sauna; 2 Ral, Crackling Wit; 2 Soul-Guide Lantern; 1 Negate; 2 Broadside Barrage; 2 Sunderflock"
Edgar Rangel,Dimir Excruciator,2 Harvester of Misery; 3 Bitter Triumph; 3 Oildeep Gearhulk; 4 Requiting Hex; 2 Emeritus of Ideation; 4 Winternight Stories; 2 Shoot the Sheriff; 3 Overlord of the Balemurk; 4 Deceit; 1 Doomsday Excruciator; 2 Qarsi Revenant; 1 Archenemy's Charm; 4 Superior Spider-Man; 11 Swamp; 4 Watery Grave; 2 Undercity Sewers; 4 Gloomlake Verge; 4 Restless Reef,4 Duress; 2 Cruelclaw's Heist; 1 Insatiable Avarice; 2 Doomsday Excruciator; 2 Deadly Cover-Up; 2 Dauntless Scrapbot; 1 Quantum Riddler; 1 Qarsi Revenant
Max Rappaport,Izzet Prowess,4 Boomerang Basics; 4 Burst Lightning; 4 Flow State; 2 Breeding Pool; 5 Island; 2 Great Hall of the Biblioplex; 4 Colorstorm Stallion; 4 Sleight of Hand; 2 Impractical Joke; 4 Opt; 4 Stormchaser's Talent; 2 Eddymurk Crab; 1 Stock Up; 4 Spirebluff Canal; 3 Vibrant Outburst; 4 Riverpyre Verge; 3 Elusive Otter; 4 Steam Vents,"1 Annul; 1 Disdainful Stroke; 2 Get Out; 2 Slickshot Show-Off; 2 Soul-Guide Lantern; 2 Ral, Crackling Wit; 1 Eddymurk Crab; 2 Spell Pierce; 1 Broadside Barrage; 1 Roaring Furnace // Steaming Sauna"
Maxime Rayvich,Mono-Green Landfall,"1 Surrak, Elusive Hunter; 2 Lumbering Worldwagon; 1 Promising Vein; 4 Earthbender Ascension; 3 Sapling Nursery; 2 Keen-Eyed Curator; 4 Sazh's Chocobo; 4 Icetill Explorer; 4 Llanowar Elves; 4 Badgermole Cub; 4 Fabled Passage; 14 Forest; 4 Mightform Harmonizer; 4 Escape Tunnel; 2 Meltstrider's Resolve; 3 Ba Sing Se","1 Surrak, Elusive Hunter; 2 Torpor Orb; 1 Keen-Eyed Curator; 1 Sapling Nursery; 1 Leatherhead, Swamp Stalker; 2 Meltstrider's Resolve; 2 Pawpatch Formation; 1 Sandman, Shifting Scoundrel; 4 Mossborn Hydra"
Jason Reid,Golgari Midrange,1 Restless Cottage; 3 Swamp; 3 Forest; 2 Firdoch Core; 1 Long Goodbye; 3 Keen-Eyed Curator; 1 Underground Mortuary; 4 Llanowar Elves; 4 Badgermole Cub; 3 Duress; 2 Emeritus of Abundance; 4 Blooming Marsh; 1 Multiversal Passage; 4 Wastewood Verge; 2 Maelstrom Pulse; 1 Bitter Triumph; 4 Professor Dellian Fel; 4 Overgrown Tomb; 1 Shoot the Sheriff; 4 Requiting Hex; 4 Unholy Annex // Ritual Chamber; 2 Soulstone Sanctuary; 1 Strategic Betrayal; 1 Deathcap Glade,"1 Surrak, Elusive Hunter; 1 Strategic Betrayal; 1 Decorum Dissertation; 2 Qarsi Revenant; 2 Torpor Orb; 1 Intimidation Tactics; 1 Long Goodbye; 1 Leatherhead, Swamp Stalker; 1 Duress; 1 Maelstrom Pulse; 2 Day of Black Sun; 1 Heritage Reclamation"
Julian Riedener,Mono-Green Landfall,"2 Esper Origins; 1 Surrak, Elusive Hunter; 1 Promising Vein; 4 Earthbender Ascension; 4 Mightform Harmonizer; 4 Escape Tunnel; 3 Meltstrider's Resolve; 4 Keen-Eyed Curator; 4 Sazh's Chocobo; 3 Ba Sing Se; 4 Icetill Explorer; 4 Llanowar Elves; 4 Badgermole Cub; 4 Fabled Passage; 14 Forest","2 Origin of Metalbending; 1 Leatherhead, Swamp Stalker; 1 Meltstrider's Resolve; 1 Surrak, Elusive Hunter; 2 Torpor Orb; 4 Sapling Nursery; 4 Mossborn Hydra"
Mattia Rizzi,Izzet Prowess,4 Boomerang Basics; 4 Burst Lightning; 4 Eddymurk Crab; 3 Flow State; 2 Get Out; 1 Impractical Joke; 7 Island; 1 Multiversal Passage; 4 Opt; 4 Riverpyre Verge; 1 Roaring Furnace // Steaming Sauna; 4 Sleight of Hand; 2 Spell Pierce; 4 Spirebluff Canal; 4 Steam Vents; 1 Stormcarved Coast; 4 Stormchaser's Talent; 4 Slickshot Show-Off; 1 Colorstorm Stallion; 1 Stock Up,"1 Annul; 1 Broadside Barrage; 2 Colorstorm Stallion; 1 Get Out; 2 Ghost Vacuum; 1 Negate; 2 Ral, Crackling Wit; 1 Roaring Furnace // Steaming Sauna; 1 Sear; 1 Slagstorm; 1 Stock Up; 1 Into the Flood Maw"
Ian Robb,Izzet Lessons,5 Island; 4 Gran-Gran; 1 Three Steps Ahead; 3 Flashback; 1 Pyroclasm; 2 Agna Qel'a; 1 Boomerang Basics; 4 Combustion Technique; 1 Iroh's Demonstration; 3 Mountain; 4 Firebending Lesson; 4 Monument to Endurance; 4 Accumulate Wisdom; 4 Abandon Attachments; 3 It'll Quench Ya!; 4 Riverpyre Verge; 4 Artist's Talent; 4 Steam Vents; 4 Spirebluff Canal,"1 Essence Scatter; 1 Flashfreeze; 3 Wan Shi Tong, Librarian; 1 Impractical Joke; 1 Sear; 3 Spell Pierce; 2 Annul; 1 Ral, Crackling Wit; 2 Emeritus of Ideation"
Bryan Rockenbach,Mono-Green Landfall,3 Ba Sing Se; 4 Badgermole Cub; 4 Earthbender Ascension; 14 Forest; 2 Esper Origins; 4 Fabled Passage; 4 Escape Tunnel; 4 Icetill Explorer; 4 Llanowar Elves; 4 Keen-Eyed Curator; 3 Meltstrider's Resolve; 1 Royal Treatment; 4 Mightform Harmonizer; 1 Promising Vein; 4 Sazh's Chocobo,"2 Origin of Metalbending; 4 Mossborn Hydra; 4 Sapling Nursery; 2 Pawpatch Formation; 2 Surrak, Elusive Hunter; 1 Meltstrider's Resolve"
Alex Rohan,Jeskai Control,1 Mistrise Village; 1 Traumatic Critique; 2 Pyroclasm; 1 Stormcarved Coast; 2 Flashback; 4 Thunder Magic; 4 Great Hall of the Biblioplex; 4 Consult the Star Charts; 2 Hallowed Fountain; 4 Jeskai Revelation; 2 Sundown Pass; 1 Impractical Joke; 3 Island; 3 Mountain; 2 Sear; 1 Into the Flood Maw; 4 Stock Up; 4 Riverpyre Verge; 4 Tablet of Discovery; 4 Steam Vents; 1 Essence Scatter; 2 Broadside Barrage; 2 Swallowed by Leviathan; 2 Petrified Hamlet,1 Disdainful Stroke; 1 Annul; 1 Slagstorm; 1 Impractical Joke; 2 Spell Pierce; 3 Emeritus of Ideation; 3 Flashfreeze; 1 Petrified Hamlet; 1 Erode; 1 Broadside Barrage
Patricio Roman,Mardu Discard,"4 Concealed Courtyard; 2 Erode; 2 Inspiring Vantage; 4 Iron-Shield Elf; 3 Burst Lightning; 1 Cecil, Dark Knight; 4 Starting Town; 4 Practiced Offense; 1 Mountain; 1 Shardmage's Rescue; 1 Multiversal Passage; 4 Moonshadow; 4 Hardened Academic; 4 Marauding Mako; 4 Sacred Foundry; 4 Cool but Rude; 1 Blazemire Verge; 3 Tersa Lightshatter; 4 Bloodghast; 4 Blood Crypt; 1 Godless Shrine","1 Inti, Seneschal of the Sun; 2 Strategic Betrayal; 1 Seam Rip; 1 Shoot the Sheriff; 2 Case of the Crimson Pulse; 1 Erode; 3 Voice of Victory; 4 Leyline of the Void"
Alejandro Mora Romero,Selesnya Landfall,"4 Erode; 2 Surrak, Elusive Hunter; 2 Lumbering Worldwagon; 2 Bushwhack; 4 Earthbender Ascension; 4 Sazh's Chocobo; 7 Forest; 1 Icetill Explorer; 2 Temple Garden; 1 Keen-Eyed Curator; 4 Llanowar Elves; 4 Badgermole Cub; 4 Fabled Passage; 2 Dyadrine, Synthesis Amalgam; 4 Hushwood Verge; 4 Mightform Harmonizer; 3 Escape Tunnel; 2 Plains; 3 Ba Sing Se; 1 Mossborn Hydra","1 Surrak, Elusive Hunter; 4 Sheltered by Ghosts; 1 Kutzil, Malamet Exemplar; 3 Mossborn Hydra; 3 Rest in Peace; 3 Snakeskin Veil"
David Rood,Izzet Prowess,7 Island; 4 Eddymurk Crab; 4 Opt; 4 Stormchaser's Talent; 4 Burst Lightning; 4 Boomerang Basics; 1 Get Out; 4 Flow State; 2 Impractical Joke; 2 Multiversal Passage; 2 Spell Pierce; 2 Stock Up; 4 Riverpyre Verge; 4 Steam Vents; 4 Spirebluff Canal; 4 Sleight of Hand; 4 Slickshot Show-Off,1 Gigastorm Titan; 1 Spell Snare; 1 Disdainful Stroke; 1 Annul; 2 Slagstorm; 2 Get Out; 1 Sear; 1 Roaring Furnace // Steaming Sauna; 2 The Legend of Kuruk; 1 Negate; 2 Sunderflock
Brennan Roy,Izzet Prowess,4 Boomerang Basics; 4 Burst Lightning; 4 Colorstorm Stallion; 4 Eddymurk Crab; 4 Flow State; 2 Get Out; 8 Island; 1 Multiversal Passage; 4 Opt; 1 Prismari Charm; 4 Riverpyre Verge; 4 Sleight of Hand; 2 Spell Pierce; 4 Spirebluff Canal; 4 Steam Vents; 4 Stormchaser's Talent; 2 Traumatic Critique,"1 Annul; 2 Broadside Barrage; 1 Disdainful Stroke; 1 Get Out; 1 Impractical Joke; 2 Ral, Crackling Wit; 1 Roaring Furnace // Steaming Sauna; 1 Sear; 1 Slagstorm; 2 Soul-Guide Lantern; 1 Spell Snare; 1 Wan Shi Tong, Librarian"
Tyson Roylance,Dimir Excruciator,3 Doomsday Excruciator; 4 Restless Reef; 4 Deceit; 2 Winternight Stories; 2 Duress; 8 Swamp; 2 Multiversal Passage; 4 Superior Spider-Man; 2 Cavern of Souls; 4 Bitter Triumph; 2 Undercity Sewers; 4 Requiting Hex; 2 Day of Black Sun; 3 Stock Up; 4 Watery Grave; 2 Strategic Betrayal; 4 Gloomlake Verge; 4 Emeritus of Ideation,1 Disdainful Stroke; 1 Strategic Betrayal; 1 Decorum Dissertation; 4 Oildeep Gearhulk; 2 Cruelclaw's Heist; 2 Duress; 2 Deadly Cover-Up; 2 Flashfreeze
Ivan Saenz,Mono-Green Landfall,"2 Bristly Bill, Spine Sower; 4 Earthbender Ascension; 12 Forest; 1 Temple Garden; 2 Traveling Chocobo; 4 Sazh's Chocobo; 4 Llanowar Elves; 4 Badgermole Cub; 4 Fabled Passage; 4 Planar Engineering; 4 Escape Tunnel; 2 Royal Treatment; 1 Plains; 4 Tifa Lockhart; 3 Ba Sing Se; 1 Snakeskin Veil; 4 Mossborn Hydra","2 Origin of Metalbending; 3 Erode; 2 Sheltered by Ghosts; 2 Keen-Eyed Curator; 1 Leatherhead, Swamp Stalker; 2 Sandman, Shifting Scoundrel; 2 Soul-Guide Lantern; 1 Snakeskin Veil"
Cherukad Sajan,Izzet Prowess,4 Boomerang Basics; 4 Burst Lightning; 4 Eddymurk Crab; 4 Flow State; 2 Get Out; 7 Island; 4 Opt; 1 Prismari Charm; 4 Riverpyre Verge; 1 Roaring Furnace // Steaming Sauna; 4 Sleight of Hand; 4 Slickshot Show-Off; 2 Spell Pierce; 4 Spirebluff Canal; 4 Steam Vents; 1 Stock Up; 2 Stormcarved Coast; 4 Stormchaser's Talent,"2 Annul; 2 Broadside Barrage; 3 Colorstorm Stallion; 1 Ghost Vacuum; 2 Ral, Crackling Wit; 1 Sear; 1 Slagstorm; 2 Soul-Guide Lantern; 1 Roaring Furnace // Steaming Sauna"
Eduardo Sajgalik,Simic Omniscience,"4 Willowrush Verge; 3 Opt; 4 Bounce Off; 2 Winternight Stories; 4 Breeding Pool; 3 Island; 2 Multiversal Passage; 4 Kona, Rescue Beastie; 4 Uthros, Titanic Godcore; 4 Cavern of Souls; 2 Spell Pierce; 3 Spell Snare; 4 Stock Up; 3 Marang River Regent; 4 Evendo, Waking Haven; 4 Omniscience; 4 Formidable Speaker; 2 North Wind Avatar",1 Omni-Changeling; 1 Consult the Star Charts; 2 Ghost Vacuum; 2 Into the Flood Maw; 1 Marang River Regent; 2 Spider-Sense; 2 Emeritus of Ideation; 3 Voice of Victory; 1 Terror of the Peaks
Luis Salvatto,Selesnya Landfall,"2 Surrak, Elusive Hunter; 2 Plains; 4 Earthbender Ascension; 4 Mightform Harmonizer; 2 Temple Garden; 3 Escape Tunnel; 2 Lumbering Worldwagon; 4 Sazh's Chocobo; 3 Ba Sing Se; 4 Llanowar Elves; 1 Keen-Eyed Curator; 4 Badgermole Cub; 4 Fabled Passage; 7 Forest; 2 Bushwhack; 4 Erode; 4 Hushwood Verge; 2 Dyadrine, Synthesis Amalgam; 1 Mossborn Hydra; 1 Icetill Explorer","3 Mossborn Hydra; 4 Sheltered by Ghosts; 3 Rest in Peace; 3 Snakeskin Veil; 1 Kutzil, Malamet Exemplar; 1 Surrak, Elusive Hunter"
Francisco Sánchez,Izzet Prowess,8 Island; 4 Eddymurk Crab; 4 Opt; 4 Stormchaser's Talent; 4 Burst Lightning; 1 Stormcarved Coast; 4 Boomerang Basics; 2 Get Out; 1 Roaring Furnace // Steaming Sauna; 4 Flow State; 2 Spell Pierce; 2 Prismari Charm; 4 Riverpyre Verge; 4 Steam Vents; 4 Spirebluff Canal; 4 Sleight of Hand; 4 Slickshot Show-Off,"1 Flashfreeze; 1 Wan Shi Tong, Librarian; 1 Annul; 1 Slagstorm; 1 Impractical Joke; 2 Ghost Vacuum; 1 Sear; 1 Roaring Furnace // Steaming Sauna; 2 Ral, Crackling Wit; 1 Soul-Guide Lantern; 1 Negate; 2 Broadside Barrage"
Josep Sanfeliu,Selesnya Landfall,"4 Erode; 2 Surrak, Elusive Hunter; 2 Lumbering Worldwagon; 2 Bushwhack; 4 Earthbender Ascension; 4 Sazh's Chocobo; 7 Forest; 1 Icetill Explorer; 2 Temple Garden; 1 Keen-Eyed Curator; 4 Llanowar Elves; 4 Badgermole Cub; 4 Fabled Passage; 2 Dyadrine, Synthesis Amalgam; 4 Hushwood Verge; 4 Mightform Harmonizer; 3 Escape Tunnel; 2 Plains; 3 Ba Sing Se; 1 Mossborn Hydra","1 Surrak, Elusive Hunter; 4 Sheltered by Ghosts; 1 Kutzil, Malamet Exemplar; 3 Mossborn Hydra; 3 Rest in Peace; 3 Snakeskin Veil"
Karl Sarap,Mono-Green Landfall,4 Ba Sing Se; 4 Badgermole Cub; 4 Earthbender Ascension; 12 Forest; 4 Esper Origins; 4 Fabled Passage; 4 Escape Tunnel; 4 Icetill Explorer; 4 Llanowar Elves; 4 Meltstrider's Resolve; 4 Mightform Harmonizer; 1 Cavern of Souls; 4 Sazh's Chocobo; 1 Edge Rover; 2 Dragon Sniper,4 Mossborn Hydra; 1 Cavern of Souls; 1 Pawpatch Formation; 2 Keen-Eyed Curator; 2 Royal Treatment; 2 Sapling Nursery; 2 Soul-Guide Lantern; 1 Archdruid's Charm
Joshua Saruga,Izzet Prowess,6 Island; 3 Eddymurk Crab; 4 Opt; 4 Stormchaser's Talent; 4 Burst Lightning; 1 Stormcarved Coast; 4 Boomerang Basics; 1 Colorstorm Stallion; 2 Get Out; 4 Flow State; 1 Impractical Joke; 1 Wild Ride; 2 Multiversal Passage; 1 Spell Pierce; 2 Prismari Charm; 4 Riverpyre Verge; 4 Steam Vents; 4 Spirebluff Canal; 4 Sleight of Hand; 4 Slickshot Show-Off,2 Slagstorm; 3 Colorstorm Stallion; 1 Sear; 1 Ghost Vacuum; 2 Roaring Furnace // Steaming Sauna; 2 Annul; 1 The Legend of Kuruk; 2 Soul-Guide Lantern; 1 Spell Pierce
Justin Schabel,Izzet Lessons,4 Monument to Endurance; 4 Gran-Gran; 4 Artist's Talent; 1 Three Steps Ahead; 4 Abandon Attachments; 4 Accumulate Wisdom; 4 Combustion Technique; 4 Firebending Lesson; 2 Agna Qel'a; 5 Island; 4 Riverpyre Verge; 4 Steam Vents; 1 Boomerang Basics; 3 Mountain; 4 Spirebluff Canal; 3 It'll Quench Ya!; 3 Flashback; 1 Iroh's Demonstration; 1 Pyroclasm,"3 Wan Shi Tong, Librarian; 3 Spell Pierce; 1 Essence Scatter; 1 Impractical Joke; 1 Ral, Crackling Wit; 1 Sear; 1 Flashfreeze; 2 Emeritus of Ideation; 2 Annul"
Abe Schnake,Izzet Prowess,4 Stormchaser's Talent; 2 Impractical Joke; 4 Boomerang Basics; 2 Colorstorm Stallion; 4 Eddymurk Crab; 4 Burst Lightning; 4 Flow State; 4 Sleight of Hand; 4 Opt; 1 Get Out; 1 Traumatic Critique; 1 Prismari Charm; 2 Spell Pierce; 2 Slickshot Show-Off; 2 Stormcarved Coast; 4 Steam Vents; 4 Spirebluff Canal; 4 Riverpyre Verge; 7 Island,"1 Slickshot Show-Off; 1 Annul; 1 Soul-Guide Lantern; 1 Get Out; 2 Negate; 1 Disdainful Stroke; 3 Sear; 1 Colorstorm Stallion; 2 Ral, Crackling Wit; 1 Broadside Barrage; 1 Roaring Furnace // Steaming Sauna"
Coby Schnepf,Selesnya Rhythm,3 Abandoned Air Temple; 4 Badgermole Cub; 4 Brightglass Gearhulk; 1 Craterhoof Behemoth; 1 Figure of Fable; 8 Forest; 4 Gene Pollinator; 1 Goldvein Hydra; 4 Hushwood Verge; 4 Llanowar Elves; 1 Meltstrider's Resolve; 2 Multiversal Passage; 4 Nature's Rhythm; 1 Nurturing Pixie; 4 Ouroboroid; 2 Plains; 3 Seam Rip; 1 Soul-Guide Lantern; 4 Temple Garden; 4 Spider Manifestation,"2 Erode; 1 Ghost Vacuum; 1 Insidious Fungus; 1 Keen-Eyed Curator; 1 Leatherhead, Swamp Stalker; 2 Pawpatch Formation; 1 Royal Treatment; 3 Sage of the Skies; 1 Soul-Guide Lantern; 2 Surrak, Elusive Hunter"
Lukas Schwendinger,Mono-Red Aggro,"3 Shock; 1 Kellan, Planar Trailblazer; 4 Burst Lightning; 4 Hired Claw; 2 Lightning Strike; 2 Magebane Lizard; 4 Razorkin Needlehead; 4 Scalding Viper; 4 Hearthborn Battler; 1 Tersa Lightshatter; 3 Nova Hellkite; 1 Sunspine Lynx; 3 Ojer Axonil, Deepest Might; 1 Spirebluff Canal; 4 Riverpyre Verge; 2 Steam Vents; 3 Soulstone Sanctuary; 14 Mountain","1 Kellan, Planar Trailblazer; 1 Sear; 1 Tokka and Rahzar, Terrible Twos; 1 Magebane Lizard; 2 Sunspine Lynx; 2 The Legend of Roku; 1 Ghost Vacuum; 2 Soul-Guide Lantern; 3 Scorching Shot; 1 Ojer Axonil, Deepest Might"
Stefan Schütz,Mono-Green Landfall,1 Cavern of Souls; 4 Earthbender Ascension; 3 Mightform Harmonizer; 4 Esper Origins; 4 Meltstrider's Resolve; 4 Escape Tunnel; 1 Dragon Sniper; 4 Ba Sing Se; 4 Sazh's Chocobo; 2 Edge Rover; 4 Icetill Explorer; 4 Llanowar Elves; 4 Badgermole Cub; 4 Fabled Passage; 13 Forest,1 Mightform Harmonizer; 2 Pawpatch Formation; 2 Royal Treatment; 1 Cavern of Souls; 3 Soul-Guide Lantern; 4 Mossborn Hydra; 2 Sapling Nursery
Sophi Seley,Izzet Maestro,2 Mistrise Village; 2 Thundering Falls; 3 Sorceress's Schemes; 3 Three Steps Ahead; 2 Willowrush Verge; 1 Abrade; 3 Molten-Core Maestro; 1 Hedge Maze; 3 Great Hall of the Biblioplex; 1 Fountainport; 4 Combustion Technique; 3 Ashling's Command; 2 Island; 4 Firebending Lesson; 1 Spell Pierce; 2 Abandon Attachments; 4 Accumulate Wisdom; 1 Stock Up; 1 Prismari Charm; 2 It'll Quench Ya!; 4 Riverpyre Verge; 4 Steam Vents; 4 Tablet of Discovery; 3 Spirebluff Canal,2 Origin of Metalbending; 2 Negate; 2 Mathemagics; 1 Ill-Timed Explosion; 2 Annul; 2 Flashfreeze; 2 Soul-Guide Lantern; 1 Spell Pierce; 1 Broadside Barrage
Aras Senyuz,Temur Omniscience,"1 Forest; 2 Starting Town; 1 Bounce Off; 2 Stomping Ground; 3 Winternight Stories; 3 Breeding Pool; 2 Multiversal Passage; 4 Kona, Rescue Beastie; 1 Spell Snare; 4 Ashling, Rekindled; 4 Uthros, Titanic Godcore; 4 Cavern of Souls; 1 Firebending Lesson; 3 Marang River Regent; 3 Stock Up; 1 Riverpyre Verge; 4 Omniscience; 1 Spider-Sense; 2 Spirebluff Canal; 4 Kavaron, Memorial World; 1 Steam Vents; 2 Fire Magic; 4 Formidable Speaker; 3 North Wind Avatar",1 Origin of Metalbending; 2 Abrade; 1 Stormkeld Vanguard; 1 Omni-Changeling; 1 Firebending Lesson; 1 Marang River Regent; 1 Ill-Timed Explosion; 2 Spider-Sense; 2 Soul-Guide Lantern; 1 Fire Magic; 1 Extinguisher Battleship; 1 Voice of Victory
Akira Shibata,Sultai Control,"1 Swamp; 3 Withering Curse; 4 Starting Town; 2 Underground Mortuary; 2 Quandrix Charm; 1 Wistfulness; 1 Dreamroot Cascade; 4 Deceit; 3 Awaken the Honored Dead; 1 Black Cat, Cunning Thief; 1 Island; 3 Superior Spider-Man; 3 Wastewood Verge; 1 Multiversal Passage; 4 Rakshasa's Bargain; 2 Undercity Sewers; 4 Overgrown Tomb; 2 Shoot the Sheriff; 2 Requiting Hex; 4 Watery Grave; 2 Witherbloom Charm; 2 Gloomlake Verge; 4 Ancient Cornucopia; 4 Emeritus of Ideation","1 Disdainful Stroke; 2 Negate; 2 Strategic Betrayal; 2 Pest Control; 2 Keen-Eyed Curator; 2 Cavern of Souls; 1 Black Cat, Cunning Thief; 2 Duress; 1 Bitter Triumph"
Mike Sigrist,Izzet Prowess,7 Island; 4 Eddymurk Crab; 4 Opt; 4 Stormchaser's Talent; 4 Burst Lightning; 4 Boomerang Basics; 2 Get Out; 1 Roaring Furnace // Steaming Sauna; 4 Flow State; 1 Impractical Joke; 2 Multiversal Passage; 1 Spell Pierce; 2 Stock Up; 4 Riverpyre Verge; 4 Steam Vents; 4 Spirebluff Canal; 4 Sleight of Hand; 4 Slickshot Show-Off,1 Disdainful Stroke; 1 Annul; 1 Get Out; 2 Slagstorm; 1 Impractical Joke; 1 Sear; 1 Roaring Furnace // Steaming Sauna; 2 The Legend of Kuruk; 1 Spell Pierce; 1 Negate; 1 Spell Snare; 2 Sunderflock
Philip Silberman,Mono-Green Landfall,1 Promising Vein; 4 Earthbender Ascension; 4 Mightform Harmonizer; 4 Meltstrider's Resolve; 4 Esper Origins; 4 Escape Tunnel; 2 Sapling Nursery; 4 Sazh's Chocobo; 3 Ba Sing Se; 4 Icetill Explorer; 4 Llanowar Elves; 4 Badgermole Cub; 4 Fabled Passage; 14 Forest,"3 Surrak, Elusive Hunter; 1 Origin of Metalbending; 2 Pawpatch Formation; 2 Royal Treatment; 3 Soul-Guide Lantern; 4 Mossborn Hydra"
Aedan Simons-Rudolph,Jeskai Control,1 Abrade; 4 Consult the Star Charts; 1 Cori Mountain Monastery; 2 Day of Judgment; 2 Elegant Parlor; 3 Floodfarm Verge; 3 Get Lost; 3 Great Hall of the Biblioplex; 2 Hallowed Fountain; 2 Improvisation Capstone; 1 Island; 3 Jeskai Revelation; 4 Lightning Helix; 2 Meticulous Archive; 2 Mistrise Village; 1 Negate; 4 No More Lies; 1 North Wind Avatar; 1 Plains; 3 Resonating Lute; 2 Riverpyre Verge; 1 Sacred Foundry; 3 Steam Vents; 4 Stock Up; 1 Sunbillow Verge; 1 Three Steps Ahead; 2 Thundering Falls; 1 Traumatic Critique,1 Abrade; 1 Annul; 1 Day of Judgment; 1 Disdainful Stroke; 1 Flashfreeze; 1 Mathemagics; 1 Negate; 1 Pyroclasm; 2 Rest in Peace; 2 The Unagi of Kyoshi Island; 2 Torpor Orb; 1 Traumatic Critique
Pierre Smith,Izzet Prowess,7 Island; 4 Eddymurk Crab; 4 Opt; 4 Stormchaser's Talent; 2 Traumatic Critique; 4 Burst Lightning; 1 Stormcarved Coast; 1 Great Hall of the Biblioplex; 4 Boomerang Basics; 2 Get Out; 4 Colorstorm Stallion; 4 Flow State; 1 Impractical Joke; 1 Sear; 1 Spell Pierce; 4 Riverpyre Verge; 4 Steam Vents; 4 Spirebluff Canal; 4 Sleight of Hand,"1 Flashfreeze; 1 Annul; 1 Slagstorm; 2 Hearth Elemental; 1 Ghost Vacuum; 2 Ral, Crackling Wit; 1 Soul-Guide Lantern; 1 Spell Pierce; 2 Broadside Barrage; 3 Sunderflock"
Petr Sochůrek,Izzet Prowess,4 Boomerang Basics; 4 Burst Lightning; 3 Eddymurk Crab; 4 Flow State; 1 Stock Up; 3 Multiversal Passage; 4 Opt; 4 Riverpyre Verge; 4 Sleight of Hand; 4 Slickshot Show-Off; 4 Spirebluff Canal; 4 Steam Vents; 4 Stormchaser's Talent; 1 Spell Pierce; 1 Roaring Furnace // Steaming Sauna; 1 Magic Damper; 1 Colorstorm Stallion; 1 Traumatic Critique; 1 Get Out; 1 Prismari Charm; 6 Island,"2 Get Out; 1 Ral, Crackling Wit; 1 Roaring Furnace // Steaming Sauna; 1 Slagstorm; 1 Annul; 1 Soul-Guide Lantern; 1 Broadside Barrage; 1 Disdainful Stroke; 1 Sear; 2 Ghost Vacuum; 1 Fire Magic; 1 Colorstorm Stallion; 1 Negate"
Evan Sonnenberg-Rhim,Mono-Green Landfall,3 Ba Sing Se; 4 Escape Tunnel; 4 Fabled Passage; 4 Badgermole Cub; 4 Mightform Harmonizer; 4 Meltstrider's Resolve; 4 Earthbender Ascension; 4 Icetill Explorer; 4 Sazh's Chocobo; 4 Esper Origins; 14 Forest; 2 Sapling Nursery; 1 Promising Vein; 4 Llanowar Elves,"2 Pawpatch Formation; 3 Soul-Guide Lantern; 3 Surrak, Elusive Hunter; 4 Mossborn Hydra; 2 Royal Treatment; 1 Glorious Decay"
Matt Sperling,Izzet Prowess,4 Boomerang Basics; 4 Steam Vents; 4 Eddymurk Crab; 4 Spirebluff Canal; 4 Sleight of Hand; 2 Multiversal Passage; 4 Opt; 4 Riverpyre Verge; 7 Island; 4 Slickshot Show-Off; 2 Stock Up; 4 Burst Lightning; 1 Impractical Joke; 4 Stormchaser's Talent; 4 Flow State; 2 Spell Pierce; 1 Get Out; 1 Roaring Furnace // Steaming Sauna,1 Impractical Joke; 1 Annul; 2 Get Out; 2 The Legend of Kuruk; 2 Slagstorm; 1 Sear; 1 Disdainful Stroke; 2 Sunderflock; 1 Spell Snare; 1 Negate; 1 Gigastorm Titan
Jonny Stange,Azorius Momo,"4 Daydream; 9 Plains; 4 Momo, Friendly Flier; 3 Nurturing Pixie; 4 Springleaf Drum; 2 Haliya, Guided by Light; 1 Practiced Offense; 4 Sage of the Skies; 4 Starfield Shepherd; 4 Quantum Riddler; 1 Abandoned Air Temple; 4 Floodfarm Verge; 4 Hallowed Fountain; 3 Multiversal Passage; 3 Seam Rip; 2 Aang, Swift Savior; 1 Mockingbird; 1 Spider-Sense; 2 Cosmogrand Zenith",1 Spell Pierce; 1 Curious Farm Animals; 3 Rest in Peace; 2 Disdainful Stroke; 2 Clarion Conqueror; 2 Avatar's Wrath; 2 Aven Interrupter; 1 Erode; 1 Spider-Sense
Benjamin Stark,Mono-Green Landfall,4 Badgermole Cub; 3 Keen-Eyed Curator; 2 Esper Origins; 4 Icetill Explorer; 4 Sazh's Chocobo; 4 Llanowar Elves; 3 Mightform Harmonizer; 4 Meltstrider's Resolve; 4 Earthbender Ascension; 2 Sapling Nursery; 4 Fabled Passage; 14 Forest; 3 Ba Sing Se; 1 Promising Vein; 4 Escape Tunnel,"2 Soul-Guide Lantern; 4 Mossborn Hydra; 2 Sapling Nursery; 1 Esper Origins; 2 Pawpatch Formation; 2 Heritage Reclamation; 2 Surrak, Elusive Hunter"
Matthew Stefansson,Mono-Green Landfall,1 Promising Vein; 1 Bushwhack; 4 Earthbender Ascension; 3 Mightform Harmonizer; 4 Escape Tunnel; 3 Meltstrider's Resolve; 4 Keen-Eyed Curator; 3 Sapling Nursery; 4 Sazh's Chocobo; 3 Ba Sing Se; 4 Icetill Explorer; 4 Llanowar Elves; 4 Badgermole Cub; 4 Fabled Passage; 14 Forest,"2 Origin of Metalbending; 2 Surrak, Elusive Hunter; 1 Leatherhead, Swamp Stalker; 1 Meltstrider's Resolve; 2 Pawpatch Formation; 2 Torpor Orb; 3 Mossborn Hydra; 1 Sandman, Shifting Scoundrel; 1 Sapling Nursery"
Tyler Steinwand,Four-Color Elementals,"1 Thundering Falls; 4 Vibrance; 2 Sunderflock; 1 Ygra, Eater of All; 3 Burst Lightning; 2 Bounce Off; 4 Starting Town; 1 Restless Vinestalk; 3 Deceit; 4 Wistfulness; 3 Ill-Timed Explosion; 2 Breeding Pool; 4 Secluded Courtyard; 4 Flamebraider; 2 Island; 2 Sear; 4 Ashling, Rekindled; 4 Cavern of Souls; 1 Pit of Offerings; 2 Spirebluff Canal; 4 Steam Vents; 3 Roaming Throne",2 Disdainful Stroke; 1 Bounce Off; 2 Winternight Stories; 2 Ghost Vacuum; 1 Deceit; 1 Pyroclasm; 2 Flashfreeze; 2 Broadside Barrage; 1 Pit of Offerings; 1 Sunderflock
Elad Stettner,Golgari Midrange,4 Badgermole Cub; 1 Bitter Triumph; 4 Blooming Marsh; 1 Deathcap Glade; 3 Duress; 2 Emeritus of Abundance; 2 Firdoch Core; 3 Forest; 3 Keen-Eyed Curator; 4 Llanowar Elves; 1 Long Goodbye; 2 Maelstrom Pulse; 1 Multiversal Passage; 4 Overgrown Tomb; 4 Professor Dellian Fel; 4 Requiting Hex; 1 Restless Cottage; 1 Shoot the Sheriff; 2 Soulstone Sanctuary; 1 Strategic Betrayal; 3 Swamp; 1 Underground Mortuary; 4 Unholy Annex // Ritual Chamber; 4 Wastewood Verge,"1 Heritage Reclamation; 2 Day of Black Sun; 1 Decorum Dissertation; 1 Duress; 1 Intimidation Tactics; 1 Leatherhead, Swamp Stalker; 1 Long Goodbye; 2 Qarsi Revenant; 1 Surrak, Elusive Hunter; 2 Torpor Orb; 1 Strategic Betrayal; 1 Maelstrom Pulse"
Nathan Steuer,Selesnya Landfall,"4 Erode; 1 Surrak, Elusive Hunter; 2 Lumbering Worldwagon; 2 Bushwhack; 4 Earthbender Ascension; 2 Temple Garden; 7 Forest; 4 Sazh's Chocobo; 2 Icetill Explorer; 1 Keen-Eyed Curator; 4 Llanowar Elves; 4 Badgermole Cub; 4 Fabled Passage; 2 Dyadrine, Synthesis Amalgam; 4 Hushwood Verge; 4 Mightform Harmonizer; 3 Escape Tunnel; 2 Plains; 3 Ba Sing Se; 1 Mossborn Hydra","2 Surrak, Elusive Hunter; 3 Sheltered by Ghosts; 1 Restoration Magic; 1 Kutzil, Malamet Exemplar; 2 Mossborn Hydra; 3 Rest in Peace; 2 Snakeskin Veil; 1 Voice of Victory"
Devon Straub,Izzet Prowess,4 Boomerang Basics; 4 Flow State; 4 Burst Lightning; 3 Colorstorm Stallion; 1 Spell Pierce; 7 Island; 4 Riverpyre Verge; 1 Great Hall of the Biblioplex; 1 Stormcarved Coast; 2 Traumatic Critique; 1 Impractical Joke; 1 Hearth Elemental; 4 Sleight of Hand; 4 Eddymurk Crab; 4 Stormchaser's Talent; 4 Opt; 4 Spirebluff Canal; 4 Steam Vents; 2 Get Out; 1 Sear,"1 Flashfreeze; 1 Annul; 2 Broadside Barrage; 1 Soul-Guide Lantern; 2 Ral, Crackling Wit; 3 Sunderflock; 1 Hearth Elemental; 1 Ghost Vacuum; 1 Slagstorm; 1 Spell Pierce; 1 Roaring Furnace // Steaming Sauna"
Eli Swafford,Mono-Green Landfall,1 Cavern of Souls; 4 Earthbender Ascension; 4 Mightform Harmonizer; 4 Esper Origins; 4 Meltstrider's Resolve; 4 Escape Tunnel; 2 Dragon Sniper; 4 Ba Sing Se; 4 Sazh's Chocobo; 4 Icetill Explorer; 4 Llanowar Elves; 4 Badgermole Cub; 4 Fabled Passage; 13 Forest,1 Pawpatch Formation; 1 Cavern of Souls; 2 Royal Treatment; 1 Archdruid's Charm; 3 Soul-Guide Lantern; 4 Mossborn Hydra; 1 Edge Rover; 2 Sapling Nursery
Piotr Szyiński,Izzet Prowess,4 Stormchaser's Talent; 4 Eddymurk Crab; 4 Slickshot Show-Off; 4 Boomerang Basics; 4 Opt; 4 Sleight of Hand; 4 Flow State; 1 Stock Up; 1 Octopus Form; 2 Spell Pierce; 1 Prismari Charm; 4 Burst Lightning; 1 Roaring Furnace // Steaming Sauna; 4 Spirebluff Canal; 4 Steam Vents; 4 Riverpyre Verge; 1 Stormcarved Coast; 8 Island; 1 Drake Hatcher,"2 Sunderflock; 3 Drake Hatcher; 2 Ral, Crackling Wit; 1 Roaring Furnace // Steaming Sauna; 2 Broadside Barrage; 2 Soul-Guide Lantern; 1 Ghost Vacuum; 1 Spell Pierce; 1 Impractical Joke"
Kazuya Takuwa,Simic Omniscience,"3 Willowrush Verge; 4 Shimmerwilds Growth; 4 Consult the Star Charts; 1 Winternight Stories; 4 Breeding Pool; 2 Island; 4 Kona, Rescue Beastie; 4 Multiversal Passage; 4 Uthros, Titanic Godcore; 2 Into the Flood Maw; 4 Cavern of Souls; 2 Lost in the Maze; 3 Marang River Regent; 4 Stock Up; 4 Evendo, Waking Haven; 4 Omniscience; 1 Kavaron, Memorial World; 4 Formidable Speaker; 2 North Wind Avatar",1 Omni-Changeling; 2 Ghost Vacuum; 1 Into the Flood Maw; 1 North Wind Avatar; 1 Defend the Rider; 1 Marang River Regent; 3 Unable to Scream; 1 Soul-Guide Lantern; 1 Extinguisher Battleship; 1 Voice of Victory; 1 Spell Pierce; 1 Ringing Strike Mastery
Nicholas Talbot,Mono-Green Landfall,2 Planar Engineering; 2 Promising Vein; 4 Earthbender Ascension; 4 Mightform Harmonizer; 4 Escape Tunnel; 4 Royal Treatment; 4 Tifa Lockhart; 3 Ba Sing Se; 4 Llanowar Elves; 4 Icetill Explorer; 4 Badgermole Cub; 4 Mossborn Hydra; 4 Fabled Passage; 13 Forest,2 Origin of Metalbending; 2 Meltstrider's Resolve; 1 Pawpatch Formation; 2 Torpor Orb; 1 Soul-Guide Lantern; 4 Keen-Eyed Curator; 3 Sapling Nursery
Mitchell Tamblyn,Golgari Midrange,2 Swamp; 2 Restless Cottage; 3 Forest; 1 Desecration Demon; 1 Starting Town; 2 Environmental Scientist; 1 Intimidation Tactics; 3 Keen-Eyed Curator; 4 Llanowar Elves; 3 Duress; 2 Badgermole Cub; 2 Multiversal Passage; 4 Blooming Marsh; 4 Wastewood Verge; 2 Maelstrom Pulse; 1 Bitter Triumph; 3 Professor Dellian Fel; 4 Overgrown Tomb; 1 Shoot the Sheriff; 4 Requiting Hex; 1 Mutable Explorer; 4 Unholy Annex // Ritual Chamber; 3 Soulstone Sanctuary; 1 Strategic Betrayal; 1 Deathcap Glade; 3 Preacher of the Schism,"1 Scrapshooter; 1 Surrak, Elusive Hunter; 1 Deathmark; 1 Strategic Betrayal; 1 Decorum Dissertation; 2 Intimidation Tactics; 1 Ghost Vacuum; 1 Leatherhead, Swamp Stalker; 2 Cruelclaw's Heist; 1 Duress; 2 Super Shredder; 1 Shoot the Sheriff"
Yuya Tase,Azorius Momo,"4 Daydream; 4 Momo, Friendly Flier; 2 Abandoned Air Temple; 4 Sage of the Skies; 8 Plains; 4 Starting Town; 1 Mockingbird; 4 Starfield Shepherd; 2 Haliya, Guided by Light; 2 Cosmogrand Zenith; 4 Seam Rip; 4 Floodfarm Verge; 4 Hallowed Fountain; 2 Nurturing Pixie; 4 Springleaf Drum; 3 Get Lost; 4 Quantum Riddler","1 Requisition Raid; 2 Pyrrhic Strike; 3 Spider-Sense; 1 Curious Farm Animals; 4 Rest in Peace; 3 Clarion Conqueror; 1 Elspeth, Storm Slayer"
Gavin Teo,Temur Lessons,2 Questing Druid; 4 Gran-Gran; 3 Eddymurk Crab; 4 Willowrush Verge; 4 Stormchaser's Talent; 4 Boomerang Basics; 1 Breeding Pool; 3 Island; 4 Combustion Technique; 3 Flow State; 2 Multiversal Passage; 2 Iroh's Demonstration; 4 Firebending Lesson; 4 Accumulate Wisdom; 3 Abandon Attachments; 4 Riverpyre Verge; 1 It'll Quench Ya!; 4 Steam Vents; 4 Spirebluff Canal,"2 Origin of Metalbending; 1 Disdainful Stroke; 1 Flashfreeze; 2 Toph, Hardheaded Teacher; 1 Annul; 1 Get Out; 1 Roaring Furnace // Steaming Sauna; 2 Spell Pierce; 2 Ral, Crackling Wit; 1 Soul-Guide Lantern; 1 Broadside Barrage"
Lorenzo Terlizzi,Simic Omniscience,"2 Opt; 4 Willowrush Verge; 4 Bounce Off; 2 Winternight Stories; 4 Breeding Pool; 3 Island; 2 Multiversal Passage; 4 Kona, Rescue Beastie; 4 Uthros, Titanic Godcore; 3 Spell Snare; 1 Into the Flood Maw; 2 Spell Pierce; 4 Cavern of Souls; 3 Marang River Regent; 4 Stock Up; 4 Evendo, Waking Haven; 4 Omniscience; 4 Formidable Speaker; 2 North Wind Avatar",1 Flashfreeze; 1 Omni-Changeling; 1 Consult the Star Charts; 2 Ghost Vacuum; 1 Into the Flood Maw; 1 Marang River Regent; 2 Spider-Sense; 2 Emeritus of Ideation; 3 Voice of Victory; 1 Terror of the Peaks
Sebastian Thaler,Izzet Prowess,4 Colorstorm Stallion; 3 Elusive Otter; 4 Slickshot Show-Off; 4 Boomerang Basics; 4 Flow State; 4 Sleight of Hand; 2 Wild Ride; 4 Burst Lightning; 4 Opt; 1 Secret Identity; 4 Stormchaser's Talent; 6 Island; 2 Multiversal Passage; 4 Riverpyre Verge; 4 Spirebluff Canal; 4 Steam Vents; 1 Willowrush Verge; 1 Into the Flood Maw,"1 Broadside Barrage; 2 Eddymurk Crab; 1 Elusive Otter; 2 Get Out; 1 Impractical Joke; 1 Ral, Crackling Wit; 1 Roaring Furnace // Steaming Sauna; 2 Soul-Guide Lantern; 2 Spell Pierce; 1 Sear; 1 Bounce Off"
Claire Tian,Izzet Prowess,7 Island; 4 Eddymurk Crab; 4 Opt; 4 Stormchaser's Talent; 4 Burst Lightning; 4 Boomerang Basics; 2 Get Out; 1 Roaring Furnace // Steaming Sauna; 4 Flow State; 2 Multiversal Passage; 1 Spell Pierce; 1 Stock Up; 1 Prismari Charm; 4 Riverpyre Verge; 4 Steam Vents; 4 Spirebluff Canal; 4 Sleight of Hand; 1 Octopus Form; 4 Slickshot Show-Off,"1 Annul; 1 Get Out; 1 Sear; 1 Ghost Vacuum; 1 Roaring Furnace // Steaming Sauna; 2 Ral, Crackling Wit; 1 Abrade; 2 Soul-Guide Lantern; 1 Spell Pierce; 1 Negate; 1 Spell Snare; 2 Broadside Barrage"
Oliver Tomajko,Selesnya Landfall,"4 Erode; 1 Surrak, Elusive Hunter; 2 Lumbering Worldwagon; 1 Bushwhack; 4 Earthbender Ascension; 4 Sazh's Chocobo; 7 Forest; 2 Icetill Explorer; 2 Temple Garden; 4 Llanowar Elves; 4 Badgermole Cub; 2 Dyadrine, Synthesis Amalgam; 4 Fabled Passage; 4 Hushwood Verge; 4 Mightform Harmonizer; 4 Escape Tunnel; 2 Plains; 3 Ba Sing Se; 2 Mossborn Hydra","2 Surrak, Elusive Hunter; 3 Sheltered by Ghosts; 1 Keen-Eyed Curator; 1 Restoration Magic; 1 Mossborn Hydra; 3 Rest in Peace; 2 Snakeskin Veil; 2 Voice of Victory"
Quinn Tonole,Mono-Red Aggro,"10 Mountain; 4 Scalding Viper; 4 Burst Lightning; 3 Scorching Shot; 4 Hearthborn Battler; 4 Hired Claw; 1 Great Hall of the Biblioplex; 1 Kellan, Planar Trailblazer; 1 Multiversal Passage; 4 Razorkin Needlehead; 2 Shock; 1 Tokka and Rahzar, Terrible Twos; 3 Fanatical Firebrand; 3 Ojer Axonil, Deepest Might; 4 Riverpyre Verge; 2 Hexing Squelcher; 4 Steam Vents; 3 Spirebluff Canal; 2 Vibrant Outburst","1 Scorching Shot; 1 Impractical Joke; 3 Stingerback Terror; 4 Magebane Lizard; 1 Tokka and Rahzar, Terrible Twos; 1 Twinmaw Stormbrood; 2 Soul-Guide Lantern; 2 Sunspine Lynx"
Alvaro Fernandez Torres,Izzet Prowess,8 Island; 4 Eddymurk Crab; 4 Opt; 4 Stormchaser's Talent; 4 Burst Lightning; 1 Stormcarved Coast; 4 Boomerang Basics; 2 Get Out; 1 Roaring Furnace // Steaming Sauna; 4 Flow State; 2 Spell Pierce; 2 Prismari Charm; 4 Riverpyre Verge; 4 Steam Vents; 4 Spirebluff Canal; 4 Sleight of Hand; 4 Slickshot Show-Off,"1 Flashfreeze; 1 Wan Shi Tong, Librarian; 1 Annul; 1 Slagstorm; 1 Impractical Joke; 1 Sear; 2 Ghost Vacuum; 1 Roaring Furnace // Steaming Sauna; 2 Ral, Crackling Wit; 1 Soul-Guide Lantern; 2 Broadside Barrage; 1 Negate"
Bernardo Torres,Izzet Spellementals,2 Burst Lightning; 4 Eddymurk Crab; 2 Get Out; 4 Hearth Elemental; 7 Island; 4 Opt; 4 Prismari Charm; 4 Riverpyre Verge; 4 Sleight of Hand; 1 Spell Pierce; 1 Spell Snare; 4 Spirebluff Canal; 4 Steam Vents; 1 Stormcarved Coast; 3 Sunderflock; 3 Traumatic Critique; 2 Winternight Stories; 3 Flow State; 3 Impractical Joke,"2 Flashfreeze; 2 Broadside Barrage; 2 Colorstorm Stallion; 1 Hydro-Man, Fluid Felon; 1 Disdainful Stroke; 1 Negate; 2 Ghost Vacuum; 1 Sunderflock; 1 Abrade; 2 The Legend of Kuruk"
Sebastian Torrico,Izzet Spellementals,"7 Island; 4 Eddymurk Crab; 4 Opt; 1 Three Steps Ahead; 2 Traumatic Critique; 1 Abrade; 1 Stormcarved Coast; 3 Burst Lightning; 1 Ral, Crackling Wit; 3 Colorstorm Stallion; 1 Winternight Stories; 1 Impractical Joke; 2 Spell Snare; 2 Sear; 1 Multiversal Passage; 2 Spell Pierce; 3 Hearth Elemental; 3 Prismari Charm; 4 Riverpyre Verge; 4 Steam Vents; 4 Spirebluff Canal; 4 Sleight of Hand; 2 Sunderflock","1 Sunderflock; 2 Disdainful Stroke; 1 Annul; 1 Hydro-Man, Fluid Felon; 1 Tishana's Tidebinder; 2 Pyroclasm; 1 Ral, Crackling Wit; 1 Quantum Riddler; 2 Soul-Guide Lantern; 1 Fire Magic; 2 Broadside Barrage"
Klarke Trezise,Izzet Lessons,"4 Abandon Attachments; 4 Accumulate Wisdom; 2 Agna Qel'a; 4 Artist's Talent; 2 Boomerang Basics; 1 Burst Lightning; 4 Combustion Technique; 4 Firebending Lesson; 4 Gran-Gran; 2 Iroh's Demonstration; 5 Island; 2 It'll Quench Ya!; 4 Monument to Endurance; 2 Mountain; 1 Ral, Crackling Wit; 4 Riverpyre Verge; 4 Spirebluff Canal; 4 Steam Vents; 1 Stormcarved Coast; 2 Three Steps Ahead","1 Annul; 1 Disdainful Stroke; 2 Flashfreeze; 1 Negate; 1 Price of Freedom; 2 Quantum Riddler; 2 Sear; 2 Soul-Guide Lantern; 1 Spell Pierce; 1 Splatter Technique; 1 Wan Shi Tong, Librarian"
Cyprien Tron,Bant Airbending,"4 Aang, Swift Savior; 4 Interdimensional Web Watch; 4 Starting Town; 4 Temple Garden; 3 Floodfarm Verge; 3 Hallowed Fountain; 4 Llanowar Elves; 4 Badgermole Cub; 4 Aang, at the Crossroads; 4 Breeding Pool; 4 Bramble Familiar; 4 Airbender Ascension; 1 Cavern of Souls; 4 Hushwood Verge; 4 Doc Aurlock, Grizzled Genius; 1 Plains; 4 Appa, Steadfast Guardian","1 Disdainful Stroke; 1 Cathar Commando; 1 Get Lost; 1 Bovine Intervention; 4 Seam Rip; 2 Beza, the Bounding Spring; 1 Cavern of Souls; 2 Avatar's Wrath; 2 Rest in Peace"
Mark Tubola,Mono-Green Landfall,4 Earthbender Ascension; 4 Mightform Harmonizer; 4 Escape Tunnel; 3 Meltstrider's Resolve; 4 Keen-Eyed Curator; 2 Sapling Nursery; 1 Royal Treatment; 4 Sazh's Chocobo; 3 Ba Sing Se; 4 Llanowar Elves; 4 Icetill Explorer; 4 Badgermole Cub; 4 Fabled Passage; 15 Forest,"2 Origin of Metalbending; 2 Surrak, Elusive Hunter; 1 Meltstrider's Resolve; 2 Pawpatch Formation; 2 Torpor Orb; 4 Mossborn Hydra; 2 Sapling Nursery"
Ben Tudman,Azorius Tempo,"3 Floodpits Drowner; 4 High Noon; 2 Restless Anchorage; 2 Erode; 4 Aang, Swift Savior; 1 Wan Shi Tong, Librarian; 4 Avatar's Wrath; 4 Starting Town; 4 Aven Interrupter; 4 Floodfarm Verge; 4 Hallowed Fountain; 3 Skycoach Conductor; 2 Enduring Innocence; 2 Island; 2 Multiversal Passage; 2 Spell Snare; 4 Voice of Victory; 2 Enduring Curiosity; 2 Abandoned Air Temple; 5 Plains","1 Requisition Raid; 1 Wan Shi Tong, Librarian; 1 Get Lost; 2 Seam Rip; 2 Tishana's Tidebinder; 1 Kutzil's Flanker; 2 Annul; 2 Quantum Riddler; 2 Rest in Peace; 1 Elspeth, Storm Slayer"
Jay van der Heiden,Izzet Prowess,4 Eddymurk Crab; 4 Flow State; 2 Multiversal Passage; 1 Get Out; 1 Stock Up; 7 Island; 4 Stormchaser's Talent; 4 Steam Vents; 4 Spirebluff Canal; 1 Roaring Furnace // Steaming Sauna; 1 Prismari Charm; 4 Burst Lightning; 4 Sleight of Hand; 1 Traumatic Critique; 4 Opt; 2 Spell Pierce; 4 Slickshot Show-Off; 4 Riverpyre Verge; 4 Boomerang Basics,"1 Annul; 2 Ral, Crackling Wit; 2 Broadside Barrage; 1 Abrade; 2 Disdainful Stroke; 1 Impractical Joke; 1 Ghost Vacuum; 2 Sunderflock; 1 Slagstorm; 1 Spell Snare; 1 Soul-Guide Lantern"
Luis Venegas,Izzet Prowess,6 Island; 1 Willowrush Verge; 4 Opt; 2 Eddymurk Crab; 4 Elusive Otter; 4 Stormchaser's Talent; 4 Burst Lightning; 4 Boomerang Basics; 1 Roaring Furnace // Steaming Sauna; 2 Secret Identity; 4 Flow State; 2 Multiversal Passage; 1 Stock Up; 1 Prismari Charm; 4 Riverpyre Verge; 4 Steam Vents; 4 Spirebluff Canal; 4 Sleight of Hand; 4 Slickshot Show-Off,"1 Annul; 2 Slagstorm; 2 Get Out; 1 Sear; 2 Spell Pierce; 2 Drake Hatcher; 2 Ral, Crackling Wit; 2 Soul-Guide Lantern; 1 Broadside Barrage"
Gaétan Verdierre,Mono-Green Landfall,"2 Esper Origins; 1 Bristly Bill, Spine Sower; 1 Promising Vein; 4 Earthbender Ascension; 4 Mightform Harmonizer; 4 Escape Tunnel; 3 Meltstrider's Resolve; 3 Sapling Nursery; 1 Royal Treatment; 4 Sazh's Chocobo; 3 Ba Sing Se; 4 Icetill Explorer; 4 Llanowar Elves; 4 Badgermole Cub; 4 Fabled Passage; 14 Forest",2 Origin of Metalbending; 1 Meltstrider's Resolve; 2 Pawpatch Formation; 2 Torpor Orb; 3 Keen-Eyed Curator; 4 Mossborn Hydra; 1 Sapling Nursery
Evan Vetter,Azorius Momo,"1 Parting Gust; 4 Momo, Friendly Flier; 1 Aang, Swift Savior; 1 Aven Interrupter; 3 Seam Rip; 4 Floodfarm Verge; 4 Hallowed Fountain; 3 Haliya, Guided by Light; 4 Springleaf Drum; 1 Practiced Offense; 4 Daydream; 3 Multiversal Passage; 9 Plains; 1 Abandoned Air Temple; 4 Sage of the Skies; 4 Starfield Shepherd; 1 Spider-Sense; 3 Nurturing Pixie; 1 Figure of Fable; 4 Quantum Riddler",1 Disdainful Stroke; 2 Aven Interrupter; 2 No More Lies; 2 Avatar's Wrath; 1 Curious Farm Animals; 3 Rest in Peace; 1 Erode; 1 Spell Pierce; 2 Clarion Conqueror
Alex von Stange,Izzet Prowess,6 Island; 4 Eddymurk Crab; 4 Opt; 4 Stormchaser's Talent; 4 Burst Lightning; 1 Stormcarved Coast; 1 Great Hall of the Biblioplex; 4 Boomerang Basics; 1 Get Out; 2 Roaring Furnace // Steaming Sauna; 4 Flow State; 1 Impractical Joke; 1 Multiversal Passage; 1 Spell Pierce; 1 Stock Up; 1 Prismari Charm; 4 Riverpyre Verge; 4 Steam Vents; 4 Spirebluff Canal; 4 Sleight of Hand; 4 Slickshot Show-Off,"1 Disdainful Stroke; 2 Bounce Off; 1 Wan Shi Tong, Librarian; 1 Slagstorm; 1 Get Out; 1 Ghost Vacuum; 2 Ral, Crackling Wit; 1 Abrade; 1 Pyroclasm; 1 Spell Pierce; 1 Spell Snare; 1 Negate; 1 Broadside Barrage"
John Wager,Azorius Tempo,"3 Floodpits Drowner; 4 High Noon; 2 Restless Anchorage; 2 Erode; 1 Wan Shi Tong, Librarian; 4 Aang, Swift Savior; 4 Avatar's Wrath; 4 Starting Town; 4 Aven Interrupter; 4 Floodfarm Verge; 4 Hallowed Fountain; 3 Skycoach Conductor; 2 Enduring Innocence; 2 Island; 2 Multiversal Passage; 2 Spell Snare; 4 Voice of Victory; 2 Enduring Curiosity; 2 Abandoned Air Temple; 5 Plains","1 Requisition Raid; 1 Wan Shi Tong, Librarian; 1 Get Lost; 2 Seam Rip; 2 Tishana's Tidebinder; 1 Kutzil's Flanker; 2 Annul; 2 Quantum Riddler; 2 Rest in Peace; 1 Elspeth, Storm Slayer"
Robert Wagner-Krankel,Izzet Prowess,4 Boomerang Basics; 4 Burst Lightning; 4 Colorstorm Stallion; 4 Eddymurk Crab; 3 Flow State; 2 Get Out; 9 Island; 4 Opt; 2 Prismari Charm; 4 Riverpyre Verge; 4 Sleight of Hand; 1 Spell Pierce; 4 Spirebluff Canal; 4 Steam Vents; 4 Stormchaser's Talent; 2 Traumatic Critique; 1 Impractical Joke,"2 Annul; 2 Broadside Barrage; 1 Disdainful Stroke; 1 Get Out; 1 Impractical Joke; 1 Negate; 2 Ral, Crackling Wit; 1 Roaring Furnace // Steaming Sauna; 1 Sear; 3 Soul-Guide Lantern"
Austin Walker,Azorius Tempo,"2 Seam Rip; 2 Erode; 1 Airbender Ascension; 4 High Noon; 1 Avatar's Wrath; 4 Voice of Victory; 4 Floodpits Drowner; 4 Skycoach Conductor; 4 Aven Interrupter; 3 Aang, Swift Savior; 2 Enduring Curiosity; 2 Quantum Riddler; 1 Wan Shi Tong, Librarian; 1 Restless Anchorage; 4 Floodfarm Verge; 4 Starting Town; 4 Hallowed Fountain; 2 Multiversal Passage; 5 Plains; 3 Island; 2 Abandoned Air Temple; 1 Sunpearl Kirin",1 Seam Rip; 2 Annul; 2 Avatar's Wrath; 1 Disdainful Stroke; 1 Pyrrhic Strike; 2 Glen Elendra Guardian; 2 Tishana's Tidebinder; 2 Rest in Peace; 1 Kutzil's Flanker; 1 The Unagi of Kyoshi Island
Daniel Weiser,Izzet Lessons,5 Island; 4 Gran-Gran; 1 Three Steps Ahead; 3 Flashback; 1 Pyroclasm; 2 Agna Qel'a; 1 Boomerang Basics; 4 Combustion Technique; 1 Iroh's Demonstration; 3 Mountain; 4 Firebending Lesson; 4 Monument to Endurance; 4 Accumulate Wisdom; 4 Abandon Attachments; 3 It'll Quench Ya!; 4 Riverpyre Verge; 4 Artist's Talent; 4 Steam Vents; 4 Spirebluff Canal,"1 Essence Scatter; 1 Flashfreeze; 3 Wan Shi Tong, Librarian; 1 Impractical Joke; 1 Sear; 3 Spell Pierce; 2 Annul; 1 Ral, Crackling Wit; 2 Emeritus of Ideation"
Daniel Weiss,Izzet Prowess,4 Boomerang Basics; 1 Into the Flood Maw; 4 Burst Lightning; 4 Colorstorm Stallion; 3 Elusive Otter; 4 Flow State; 6 Island; 2 Multiversal Passage; 4 Opt; 4 Riverpyre Verge; 1 Secret Identity; 4 Sleight of Hand; 4 Slickshot Show-Off; 4 Spirebluff Canal; 4 Steam Vents; 4 Stormchaser's Talent; 2 Wild Ride; 1 Willowrush Verge,"1 Sear; 1 Ral, Crackling Wit; 2 Eddymurk Crab; 2 Get Out; 2 Impractical Joke; 1 Roaring Furnace // Steaming Sauna; 2 Soul-Guide Lantern; 2 Spell Pierce; 1 Broadside Barrage; 1 Elusive Otter"
Tom White,Izzet Maestro,2 Mistrise Village; 2 Thundering Falls; 3 Sorceress's Schemes; 3 Three Steps Ahead; 2 Willowrush Verge; 1 Abrade; 2 Great Hall of the Biblioplex; 3 Molten-Core Maestro; 1 Hedge Maze; 1 Fountainport; 4 Combustion Technique; 3 Ashling's Command; 2 Island; 4 Firebending Lesson; 1 Spell Pierce; 2 Abandon Attachments; 4 Accumulate Wisdom; 1 Stock Up; 1 Prismari Charm; 2 It'll Quench Ya!; 4 Riverpyre Verge; 4 Steam Vents; 4 Tablet of Discovery; 4 Spirebluff Canal,2 Origin of Metalbending; 2 Negate; 2 Mathemagics; 1 Ill-Timed Explosion; 2 Annul; 2 Flashfreeze; 2 Soul-Guide Lantern; 1 Spell Pierce; 1 Broadside Barrage
Joshua Willis,Izzet Prowess,7 Island; 4 Eddymurk Crab; 4 Opt; 4 Stormchaser's Talent; 2 Traumatic Critique; 4 Burst Lightning; 1 Great Hall of the Biblioplex; 4 Boomerang Basics; 1 Hearth Elemental; 2 Get Out; 3 Colorstorm Stallion; 4 Flow State; 1 Impractical Joke; 1 Sear; 1 Multiversal Passage; 1 Spell Pierce; 4 Riverpyre Verge; 4 Steam Vents; 4 Spirebluff Canal; 4 Sleight of Hand,"1 Disdainful Stroke; 1 Flashfreeze; 1 Annul; 1 Slagstorm; 1 Ghost Vacuum; 1 Roaring Furnace // Steaming Sauna; 2 Ral, Crackling Wit; 1 Soul-Guide Lantern; 1 Spell Pierce; 2 Broadside Barrage; 3 Sunderflock"
Charles Wong,Mono-Green Landfall,1 Cavern of Souls; 4 Earthbender Ascension; 4 Mightform Harmonizer; 4 Esper Origins; 4 Meltstrider's Resolve; 4 Escape Tunnel; 2 Dragon Sniper; 4 Ba Sing Se; 4 Sazh's Chocobo; 4 Icetill Explorer; 4 Llanowar Elves; 4 Badgermole Cub; 4 Fabled Passage; 13 Forest,1 Archdruid's Charm; 1 Pawpatch Formation; 1 Cavern of Souls; 2 Royal Treatment; 3 Soul-Guide Lantern; 4 Mossborn Hydra; 1 Edge Rover; 2 Sapling Nursery
Marcus Wosner,Mono-Green Landfall,15 Forest; 4 Fabled Passage; 4 Escape Tunnel; 3 Ba Sing Se; 4 Llanowar Elves; 4 Sazh's Chocobo; 4 Badgermole Cub; 4 Keen-Eyed Curator; 4 Earthbender Ascension; 4 Icetill Explorer; 4 Mightform Harmonizer; 2 Sapling Nursery; 3 Meltstrider's Resolve; 1 Royal Treatment,"2 Sapling Nursery; 1 Meltstrider's Resolve; 4 Mossborn Hydra; 2 Origin of Metalbending; 2 Pawpatch Formation; 2 Torpor Orb; 2 Surrak, Elusive Hunter"
Matthew Wright,Azorius Momo,"4 Momo, Friendly Flier; 2 Erode; 1 Aang, Swift Savior; 4 Seam Rip; 4 Floodfarm Verge; 3 Haliya, Guided by Light; 4 Hallowed Fountain; 4 Springleaf Drum; 1 Island; 2 Multiversal Passage; 4 Daydream; 1 No More Lies; 2 Abandoned Air Temple; 8 Plains; 4 Sage of the Skies; 4 Starfield Shepherd; 3 Nurturing Pixie; 1 Flitterwing Nuisance; 4 Quantum Riddler","1 Disdainful Stroke; 1 Aang, Swift Savior; 1 Flashfreeze; 1 Get Lost; 1 Pyrrhic Strike; 1 Spider-Sense; 2 Cosmogrand Zenith; 1 Avatar's Wrath; 1 Curious Farm Animals; 3 Rest in Peace; 2 Clarion Conqueror"
Allen Wu,Izzet Prowess,4 Boomerang Basics; 4 Steam Vents; 4 Eddymurk Crab; 4 Spirebluff Canal; 4 Sleight of Hand; 2 Multiversal Passage; 4 Opt; 4 Riverpyre Verge; 7 Island; 4 Slickshot Show-Off; 2 Stock Up; 4 Burst Lightning; 1 Impractical Joke; 4 Stormchaser's Talent; 4 Flow State; 2 Spell Pierce; 1 Get Out; 1 Roaring Furnace // Steaming Sauna,1 Sear; 2 Get Out; 1 Annul; 2 The Legend of Kuruk; 2 Slagstorm; 1 Impractical Joke; 1 Disdainful Stroke; 2 Sunderflock; 1 Spell Snare; 1 Negate; 1 Spell Pierce
Tristan Wylde-LaRue,Mono-Green Landfall,4 Escape Tunnel; 4 Fabled Passage; 13 Forest; 4 Icetill Explorer; 4 Llanowar Elves; 4 Earthbender Ascension; 4 Mightform Harmonizer; 4 Sazh's Chocobo; 4 Esper Origins; 4 Meltstrider's Resolve; 4 Ba Sing Se; 4 Badgermole Cub; 1 Cavern of Souls; 2 Dragon Sniper,1 Cavern of Souls; 4 Mossborn Hydra; 1 Pawpatch Formation; 2 Royal Treatment; 2 Sapling Nursery; 2 Edge Rover; 3 Soul-Guide Lantern
Matt Xu,Golgari Midrange,4 Badgermole Cub; 1 Bitter Triumph; 4 Blooming Marsh; 1 Deathcap Glade; 3 Duress; 2 Emeritus of Abundance; 2 Firdoch Core; 3 Forest; 3 Keen-Eyed Curator; 4 Llanowar Elves; 2 Maelstrom Pulse; 1 Multiversal Passage; 4 Overgrown Tomb; 4 Professor Dellian Fel; 4 Requiting Hex; 1 Restless Cottage; 2 Shoot the Sheriff; 2 Soulstone Sanctuary; 1 Strategic Betrayal; 3 Swamp; 1 Underground Mortuary; 4 Unholy Annex // Ritual Chamber; 4 Wastewood Verge,"2 Day of Black Sun; 1 Decorum Dissertation; 1 Duress; 1 Intimidation Tactics; 1 Leatherhead, Swamp Stalker; 1 Long Goodbye; 2 Qarsi Revenant; 1 Surrak, Elusive Hunter; 1 The Ooze; 2 Torpor Orb; 1 Heritage Reclamation; 1 Maelstrom Pulse"
Yoshitaka Yamasaki,Izzet Prowess,6 Island; 1 Willowrush Verge; 4 Opt; 4 Elusive Otter; 2 Eddymurk Crab; 4 Stormchaser's Talent; 4 Burst Lightning; 2 Stormcarved Coast; 1 Bounce Off; 4 Boomerang Basics; 1 Get Out; 4 Flow State; 1 Secret Identity; 1 Wild Ride; 1 Stock Up; 4 Riverpyre Verge; 4 Steam Vents; 4 Spirebluff Canal; 4 Sleight of Hand; 4 Slickshot Show-Off,"1 Disdainful Stroke; 2 Eddymurk Crab; 1 Annul; 1 Get Out; 1 Impractical Joke; 1 Ghost Vacuum; 1 Roaring Furnace // Steaming Sauna; 2 Spell Pierce; 1 Prismari Charm; 2 Ral, Crackling Wit; 1 Soul-Guide Lantern; 1 Broadside Barrage"
Yi Yang,Izzet Prowess,4 Boomerang Basics; 4 Burst Lightning; 4 Colorstorm Stallion; 4 Eddymurk Crab; 4 Flow State; 2 Get Out; 7 Island; 1 Multiversal Passage; 4 Opt; 1 Prismari Charm; 4 Riverpyre Verge; 4 Sleight of Hand; 2 Spell Pierce; 4 Spirebluff Canal; 4 Steam Vents; 1 Stormcarved Coast; 4 Stormchaser's Talent; 2 Traumatic Critique,"2 Broadside Barrage; 1 Disdainful Stroke; 2 Emeritus of Ideation; 1 Ghost Vacuum; 1 Negate; 1 Ral, Crackling Wit; 1 Roaring Furnace // Steaming Sauna; 1 Sear; 2 Soul-Guide Lantern; 2 Sunderflock; 1 Tifa Lockhart"
Shota Yasooka,Izzet Prowess,6 Island; 4 Opt; 4 Elusive Otter; 4 Stormchaser's Talent; 4 Burst Lightning; 1 Great Hall of the Biblioplex; 4 Boomerang Basics; 3 Colorstorm Stallion; 1 Magic Damper; 4 Flow State; 1 Impractical Joke; 2 Multiversal Passage; 1 Spell Pierce; 1 Stock Up; 4 Riverpyre Verge; 4 Steam Vents; 4 Spirebluff Canal; 4 Sleight of Hand; 4 Slickshot Show-Off,"1 Flashfreeze; 1 Slagstorm; 1 Get Out; 1 Sear; 1 Ghost Vacuum; 1 Roaring Furnace // Steaming Sauna; 1 Stock Up; 2 Ral, Crackling Wit; 2 Soul-Guide Lantern; 1 Spell Pierce; 1 Spell Snare; 2 Broadside Barrage"
Jack Young,Izzet Prowess,4 Burst Lightning; 4 Opt; 4 Sleight of Hand; 2 Spell Pierce; 4 Boomerang Basics; 4 Stormchaser's Talent; 3 Flow State; 2 Traumatic Critique; 2 Prismari Charm; 2 Get Out; 4 Colorstorm Stallion; 4 Eddymurk Crab; 4 Steam Vents; 4 Riverpyre Verge; 4 Spirebluff Canal; 2 Stormcarved Coast; 7 Island,"2 Broadside Barrage; 2 Disdainful Stroke; 1 Negate; 2 Soul-Guide Lantern; 1 Ghost Vacuum; 2 Ral, Crackling Wit; 2 Sear; 1 Annul; 1 Get Out; 1 Roaring Furnace // Steaming Sauna"
Michael NK Young,Izzet Maestro,2 Mistrise Village; 2 Thundering Falls; 3 Sorceress's Schemes; 3 Three Steps Ahead; 2 Willowrush Verge; 1 Abrade; 2 Great Hall of the Biblioplex; 3 Molten-Core Maestro; 1 Hedge Maze; 1 Fountainport; 4 Combustion Technique; 3 Ashling's Command; 2 Island; 4 Firebending Lesson; 1 Spell Pierce; 2 Abandon Attachments; 4 Accumulate Wisdom; 1 Stock Up; 1 Prismari Charm; 2 It'll Quench Ya!; 4 Riverpyre Verge; 4 Steam Vents; 4 Tablet of Discovery; 4 Spirebluff Canal,2 Origin of Metalbending; 2 Negate; 2 Mathemagics; 1 Ill-Timed Explosion; 2 Annul; 2 Flashfreeze; 2 Soul-Guide Lantern; 1 Spell Pierce; 1 Broadside Barrage
Muhan Yu,Izzet Prowess,7 Island; 3 Eddymurk Crab; 4 Opt; 4 Stormchaser's Talent; 4 Burst Lightning; 4 Boomerang Basics; 2 Get Out; 2 Roaring Furnace // Steaming Sauna; 4 Flow State; 2 Multiversal Passage; 1 Stock Up; 4 Riverpyre Verge; 4 Steam Vents; 4 Spirebluff Canal; 1 Soul-Guide Lantern; 2 Unsummon; 4 Sleight of Hand; 4 Slickshot Show-Off,"2 Elusive Otter; 1 Sear; 1 Ghost Vacuum; 2 Spell Pierce; 2 Ral, Crackling Wit; 1 Soul-Guide Lantern; 2 Emeritus of Ideation; 1 Fire Magic; 2 Broadside Barrage; 1 Get Out"
Jack Yudt,Izzet Lessons,3 Abandon Attachments; 4 Accumulate Wisdom; 4 Boomerang Basics; 4 Combustion Technique; 4 Eddymurk Crab; 4 Firebending Lesson; 4 Flow State; 4 Gran-Gran; 1 Great Hall of the Biblioplex; 2 Iroh's Demonstration; 6 Island; 1 It'll Quench Ya!; 1 Mountain; 1 Multiversal Passage; 4 Riverpyre Verge; 4 Spirebluff Canal; 4 Steam Vents; 1 Stormcarved Coast; 4 Stormchaser's Talent,"2 Annul; 2 Emeritus of Ideation; 2 Get Out; 2 Ral, Crackling Wit; 1 Roaring Furnace // Steaming Sauna; 1 Slagstorm; 2 Spell Pierce; 2 Sunderflock; 1 The Legend of Kuruk"
Ken Yukuhiro,Sultai Control,"1 Swamp; 3 Withering Curse; 4 Starting Town; 2 Quandrix Charm; 1 Underground Mortuary; 1 Wistfulness; 1 Dreamroot Cascade; 4 Deceit; 3 Awaken the Honored Dead; 1 Island; 1 Black Cat, Cunning Thief; 4 Superior Spider-Man; 4 Wastewood Verge; 1 Multiversal Passage; 4 Rakshasa's Bargain; 4 Overgrown Tomb; 2 Shoot the Sheriff; 3 Undercity Sewers; 2 Requiting Hex; 4 Watery Grave; 2 Witherbloom Charm; 4 Ancient Cornucopia; 1 Gloomlake Verge; 3 Emeritus of Ideation","1 Disdainful Stroke; 2 Negate; 2 Strategic Betrayal; 2 Pest Control; 2 Keen-Eyed Curator; 2 Cavern of Souls; 1 Black Cat, Cunning Thief; 2 Duress; 1 Bitter Triumph"
Neilson Zhang,Izzet Prowess,4 Boomerang Basics; 4 Burst Lightning; 1 Colorstorm Stallion; 3 Eddymurk Crab; 4 Flow State; 2 Get Out; 1 Impractical Joke; 6 Island; 2 Multiversal Passage; 4 Opt; 2 Prismari Charm; 4 Riverpyre Verge; 4 Sleight of Hand; 4 Slickshot Show-Off; 1 Spell Pierce; 4 Spirebluff Canal; 4 Steam Vents; 1 Stormcarved Coast; 4 Stormchaser's Talent; 1 Wild Ride,1 The Legend of Kuruk; 2 Annul; 3 Colorstorm Stallion; 1 Ghost Vacuum; 2 Roaring Furnace // Steaming Sauna; 1 Sear; 2 Slagstorm; 2 Soul-Guide Lantern; 1 Spell Pierce
Rui Zhang,Izzet Lessons,6 Island; 4 Gran-Gran; 2 Three Steps Ahead; 3 Consult the Star Charts; 2 Agna Qel'a; 2 Boomerang Basics; 4 Combustion Technique; 2 Mountain; 2 Iroh's Demonstration; 4 Firebending Lesson; 4 Monument to Endurance; 1 Spell Pierce; 2 Abandon Attachments; 4 Accumulate Wisdom; 2 It'll Quench Ya!; 4 Riverpyre Verge; 4 Artist's Talent; 4 Steam Vents; 4 Spirebluff Canal,"2 Stormchaser's Talent; 2 Negate; 1 Boomerang Basics; 2 Ral, Crackling Wit; 2 Quantum Riddler; 3 Flashfreeze; 1 Spell Pierce; 1 Spell Snare; 1 Broadside Barrage"
Wentong Zhang,Boros Dragons,"4 Burst Lightning; 3 Cavern of Souls; 4 Clarion Conqueror; 2 Dragonhawk, Fate's Tempest; 2 Get Lost; 4 Inspiring Vantage; 1 Lorehold, the Historian; 4 Maelstrom of the Spirit Dragon; 4 Magmatic Hellkite; 4 Momo, Friendly Flier; 2 Mountain; 3 Multiversal Passage; 4 Nova Hellkite; 4 Sacred Foundry; 4 Sarkhan, Dragon Ascendant; 1 Spectacular Tactics; 4 Sunbillow Verge; 2 Twinmaw Stormbrood; 4 Voice of Victory",3 Doorkeeper Thrull; 1 Get Lost; 2 High Noon; 1 Pyroclasm; 4 Rest in Peace; 1 Slagstorm; 1 Spectacular Tactics; 2 The Legend of Roku
Yuxuan Zhang,Izzet Prowess,4 Boomerang Basics; 4 Burst Lightning; 4 Colorstorm Stallion; 4 Eddymurk Crab; 3 Flow State; 2 Get Out; 8 Island; 1 Multiversal Passage; 4 Opt; 2 Prismari Charm; 4 Riverpyre Verge; 4 Sleight of Hand; 2 Spell Pierce; 4 Spirebluff Canal; 4 Steam Vents; 4 Stormchaser's Talent; 2 Traumatic Critique,"1 Annul; 2 Broadside Barrage; 1 Disdainful Stroke; 1 Get Out; 2 Impractical Joke; 1 Negate; 2 Ral, Crackling Wit; 1 Roaring Furnace // Steaming Sauna; 1 Sear; 3 Soul-Guide Lantern"
Chang Zheng,Izzet Prowess,4 Boomerang Basics; 1 Bounce Off; 4 Burst Lightning; 2 Eddymurk Crab; 4 Elusive Otter; 4 Flow State; 6 Island; 2 Multiversal Passage; 1 Octopus Form; 4 Opt; 4 Riverpyre Verge; 4 Sleight of Hand; 4 Slickshot Show-Off; 4 Spirebluff Canal; 4 Steam Vents; 1 Stock Up; 4 Stormchaser's Talent; 1 Wild Ride; 1 Willowrush Verge; 1 Prismari Charm,"1 Broadside Barrage; 2 Eddymurk Crab; 1 Fire Magic; 2 Get Out; 1 Ghost Vacuum; 2 Ral, Crackling Wit; 1 Roaring Furnace // Steaming Sauna; 1 Sear; 2 Soul-Guide Lantern; 2 Spell Pierce"
Yimin Zhi,Izzet Prowess,7 Island; 3 Eddymurk Crab; 4 Opt; 4 Stormchaser's Talent; 4 Burst Lightning; 2 Bounce Off; 4 Boomerang Basics; 2 Get Out; 2 Roaring Furnace // Steaming Sauna; 4 Flow State; 2 Multiversal Passage; 1 Stock Up; 4 Riverpyre Verge; 4 Steam Vents; 4 Spirebluff Canal; 1 Soul-Guide Lantern; 4 Sleight of Hand; 4 Slickshot Show-Off,"1 Disdainful Stroke; 2 Elusive Otter; 1 Sear; 1 Ghost Vacuum; 2 Spell Pierce; 2 Ral, Crackling Wit; 1 Soul-Guide Lantern; 2 Emeritus of Ideation; 1 Fire Magic; 2 Broadside Barrage"
Ben Zoz,Izzet Spellementals,4 Burst Lightning; 4 Sleight of Hand; 4 Opt; 4 Prismari Charm; 4 Traumatic Critique; 4 Hearth Elemental; 4 Eddymurk Crab; 2 Colorstorm Stallion; 3 Winternight Stories; 3 Sunderflock; 2 Spell Pierce; 1 Spell Snare; 4 Spirebluff Canal; 4 Steam Vents; 4 Riverpyre Verge; 8 Island; 1 Mountain,4 Negate; 2 Spell Pierce; 2 Pyroclasm; 1 Spell Snare; 1 Broadside Barrage; 2 Impractical Joke; 1 Sunderflock; 2 Soul-Guide Lantern
