match_id,round,format,table,player_a_id,player_a_name,player_b_id,player_b_name,result,game_score,player_a_elo_pre,player_a_elo_post,player_a_elo_delta,player_b_elo_pre,player_b_elo_post,player_b_elo_delta
4013698,1,draft,116,07a3r24p,Joshua Saruga,pley1pk6,Julien Henry,L,1-2,1907.07,1891.02,-16.05,2014.24,2030.3,16.06
4013627,1,draft,45,0qivecmh,"Martin, Adria",br2ww8kq,Jack Yudt,L,1-2,2000.64,,,1795.33,1817.02,21.69
4013617,1,draft,35,0scosskv,Matheus Crusius,7r07ic8h,Maciej Jezyna,L,0-2,1862.17,1842.23,-19.94,1755.09,1775.03,19.94
4013644,1,draft,62,0uqxbitj,Takeshi Ozawa,37okj715,Lukas Schwendinger,W,2-1,1955.18,1970.62,15.44,1813.79,1798.36,-15.43
4013712,1,draft,130,10bptxxv,Aras Senyuz,6b7njfgs,Ethan Hollen,W,2-0,1832.34,1848.15,15.81,1712.07,1696.26,-15.81
4013662,1,draft,80,10u7a2gt,Shinnosuke Hando,5h9pep1a,Jacob Mitchell-Rabaey,L,1-2,1932.39,1913.56,-18.83,1886.96,1905.78,18.82
4013722,1,draft,140,12p06h4s,Shota Yasooka,9am8loyq,Reid Duke,L,1-2,1972.56,1958.43,-14.13,2187.92,2202.05,14.13
4013609,1,draft,27,14bbh8fs,Raul Porojan,ympa2ttn,Davor Detecnik,L,1-2,1845.51,1830.97,-14.54,2037.61,2052.15,14.54
4013588,1,draft,6,1fsar1uc,Paul Gabat,rq45xp25,"Bertram, Timo",L,0-2,1601.45,1589.25,-12.2,1931.61,,
4013622,1,draft,40,1ibvz7s1,"Horiuchi, Makoto",sbxfa2dv,Atsuya Okuno,L,0-2,2040.82,,,1818.0,1840.0,22.0
4013711,1,draft,129,1mghnbu5,Mateo Ferreira,zzta7cxz,Ryan Gassaway,W,2-0,1957.15,1971.64,14.49,1762.35,1747.86,-14.49
4013606,1,draft,24,1mgu2l1k,Adam Edelson,wnvbye9w,Yuxuan Zhang,W,2-1,2085.97,2097.26,11.29,1699.74,1688.45,-11.29
4013675,1,draft,93,1o2chbpk,Neil Estrada,6vhjryk2,Philip Silberman,L,0-2,2077.5,2058.24,-19.26,2007.98,2027.25,19.27
4013702,1,draft,120,1yfv22vg,Muhan Yu,tdoka6qb,Truong Hai Nguyen,W,2-0,2036.69,2051.67,14.98,1869.32,1854.35,-14.97
4013594,1,draft,12,222vn7x7,Christian Baker,ktk9r9kq,Wappa Hamada,W,2-1,1819.86,1839.39,19.53,1903.52,1884.0,-19.52
4013725,1,draft,143,25hfvyjf,"Torrico, Carlos",6yez5lpc,Yang He,W,2-0,1859.51,,,1907.57,1888.69,-18.88
4013669,1,draft,87,282fp22n,"Inglis, David [USA]",kphgot73,Brendan Hsu,W,2-0,2015.65,,,1828.94,1814.31,-14.63
4013618,1,draft,36,2adkhpoc,Vincent Choy,upnklhaj,Aidan Mirabelli,L,0-2,1676.62,1666.27,-10.35,2124.3,2134.65,10.35
4013683,1,draft,101,2pjv6j9n,"Del Pivo, Marco",vmzl2n0r,Rodrigo Pinheiro,L,1-2,2034.2,,,1866.28,1887.31,21.03
4013652,1,draft,70,2t3iotiu,Kazuya Takuwa,42r3xhem,Mae French,W,2-0,1713.87,1737.15,23.28,2012.28,1988.99,-23.29
4013585,1,draft,3,2vmnlvst,"Cordobes, Albert",awrwen4n,Rick Hup Beng Lee,W,2-1,1963.27,,,1915.77,1898.64,-17.13
4013593,1,draft,11,2yxw7amh,"Angeles Servin, Alfredo Aaron",cfr12lns,Valentin Orru,L,1-2,1524.51,,,1654.45,1670.09,15.64
4013690,1,draft,108,2zm33fzl,Eleanor Dubreuil,rj1n7oj4,Joshua Willis,L,1-2,1727.29,1714.95,-12.34,2048.78,2061.11,12.33
4013736,1,draft,154,336bqtu6,"Zhang, Rei",wa456ln4,Cherukad Sajan,W,2-0,1994.78,,,1641.48,1629.66,-11.82
4013691,1,draft,109,33jofyde,"van der Heiden, Jay",spi8ybx3,Corey Burkhart,L,1-2,1595.48,,,2080.05,2089.86,9.81
4013608,1,draft,26,34h2qsa9,Jonny Guttman,rymaal4b,Ben Tudman,W,2-0,1962.19,1981.57,19.38,2038.12,2018.73,-19.39
4013733,1,draft,151,38q7bl47,Alex Rohan,zagotcbk,Pierre Smith,L,1-2,2083.99,2063.49,-20.5,1946.07,1966.57,20.5
4013718,1,draft,136,3ayzk61f,Devon Straub,n2x9oaz0,"Onoda, Kenji",W,2-1,2003.3,2016.97,13.67,1761.08,,
4013650,1,draft,68,3bh1f0mb,Curtis Lam,coibjxuk,Nathan Kirner,W,2-1,1830.62,1848.82,18.2,1841.45,1823.25,-18.2
4013666,1,draft,84,3l0vbst8,Thirawat Chaovarindr,56cr0qb6,Yi Yang,L,1-2,1931.68,1913.98,-17.7,1947.78,1965.49,17.71
4013626,1,draft,44,3m2v9pq5,Shuhei Nakamura,oy8ad8og,Gabriel Joglar,L,1-2,2038.66,2018.57,-20.09,1923.89,1943.98,20.09
4013658,1,draft,76,3tkaanb4,Luis Gobern,tuti7rxn,Oliver Tomajko,W,2-0,1911.14,1932.48,21.34,2096.39,2075.05,-21.34
4013681,1,draft,99,462obbta,Arrick Chaulk,grqo9am2,"De Gaetano, Carlo",L,1-2,1753.73,1734.59,-19.14,1691.22,,
4013611,1,draft,29,4a8umq19,Will Krueger,jrfwzvbo,"Mills Emmett, Asha",L,0-2,2059.16,2042.2,-16.96,2116.08,,
4013649,1,draft,67,4i2wz2go,Edgar Magalhaes,kg6w3gfk,Jake Beardsley,W,2-0,1953.51,1970.81,17.3,1915.4,1898.1,-17.3
4013696,1,draft,114,4n3bd7nj,Nico Ferrigno,v09smgn2,Gabriel Nicholas,W,2-0,1898.04,1917.85,19.81,1997.59,1977.78,-19.81
4013591,1,draft,9,5502rkyo,Claire Tian,vsmld9tt,Christian Calcano,L,0-2,1711.71,1698.04,-13.67,1954.05,1967.72,13.67
4013624,1,draft,42,5ef0632t,Steve Gan,8yk0ficp,"Mora Romero, Alejandro",W,2-1,2001.84,2017.89,16.05,1894.46,,
4013693,1,draft,111,5g92tx55,Spencer Mazur,z2s366ev,Anthony Cuello,L,1-2,1917.67,1899.46,-18.21,1905.98,1924.2,18.22
4013615,1,draft,33,5gbytedy,Atsuki Kihara,8zkekidi,"Rangel Paez, Edgar Emmanuel",W,2-1,1922.63,1939.33,16.7,1851.37,,
4013704,1,draft,122,5hec4ugr,"Morales Macaya, Nicolas",cewo5vn2,Adriano Melo,W,2-1,1637.52,,,1820.22,1798.93,-21.29
4013664,1,draft,82,5m2dou5i,Jude Hopkins,ulticqxp,Anthony Lee,L,1-2,1717.18,1700.7,-16.48,1801.05,1817.52,16.47
4013598,1,draft,16,5nc9un5m,Robin Courtiat,l0nqx8nx,"Jones, Ben",L,1-2,1794.9,1782.29,-12.61,2099.65,,
4013638,1,draft,56,5nzvn1j4,Toru Inoue,exwav16j,Ken Yukuhiro,W,2-1,1880.91,1905.6,24.69,2266.49,2241.79,-24.7
4013637,1,draft,55,60wynwt8,Yiren Jiang,81xkae72,Nam Dang,L,0-2,2015.18,1996.53,-18.65,1979.55,1998.2,18.65
4013630,1,draft,48,6aaxsfy7,Guillaume Petri,dy3df6m4,Jason Qiu,L,0-2,1888.67,1869.27,-19.4,1812.01,1831.41,19.4
4013613,1,draft,31,6arhq0t8,"Ma, Noah",8uemg873,Ryan Condon,L,0-2,2003.96,,,2081.68,2098.26,16.58
4013705,1,draft,123,6bmqreq2,Mark Tubola,7ccbrp4c,Etai Kurtzman,W,2-1,1828.58,1850.11,21.53,2024.35,2002.82,-21.53
4013688,1,draft,106,6o7cy69b,Willy Edel,jn5kno9m,Ryan Mullens,L,1-2,1947.25,1931.69,-15.56,2081.42,2096.99,15.57
4013632,1,draft,50,7257flbo,Winston Chamora,ney4ym60,"Walker, Austin",L,1-2,2046.85,2023.3,-23.55,1732.27,,
4013633,1,draft,51,75uworlu,Xinrong Chen,v5debkjw,"Queralt Garriga, Albert",W,2-0,1824.49,1842.67,18.18,1834.44,,
4013668,1,draft,86,7bcj6xil,Shawn Doherty,h28ep1ds,Adam Brace,L,0-2,1802.05,1788.61,-13.44,2057.55,2070.99,13.44
4013660,1,draft,78,7wvvj689,Mitchell Tamblyn,oul159pu,Marco Cammilluzzi,L,0-2,2087.87,2068.91,-18.96,2035.06,2054.02,18.96
4013605,1,draft,23,7yb1fq4i,Mikey Bishara,ua41p3kc,Nicholas Talbot,L,1-2,1949.89,1931.26,-18.63,1915.04,1933.67,18.63
4013685,1,draft,103,7zo943oe,Yang Chen,8ry46oq5,Nicolas Cosgrove,W,2-0,1945.4,1959.84,14.44,1747.61,1733.17,-14.44
4013587,1,draft,5,8agu6e8x,Takuya Hasegawa,hmkukxn7,George Berrett,L,1-2,1896.54,1875.62,-20.92,1735.06,1755.98,20.92
4013740,1,draft,158,8l3ukog4,Julian Riedener,qll3mq3n,Brandon Kohrs,L,1-2,1787.66,1770.69,-16.97,1844.66,1861.62,16.96
4013706,1,draft,124,8qvy0oha,Masakuni Hamaguchi,j1ilwfgj,Aylin Davis,W,2-0,1916.58,1933.15,16.57,1838.21,1821.63,-16.58
4013734,1,draft,152,8r8ub5ts,Koki Hara,i2dp3ubf,Atsushi Nakashima,L,1-2,1923.33,1903.89,-19.44,1844.31,1863.75,19.44
4013629,1,draft,47,8snu2urd,Jack Young,e0kgwg90,Elliot Fortier,L,1-2,1793.47,1776.38,-17.09,1843.18,1860.27,17.09
4013731,1,draft,149,8x1h9yn0,Gabriel Bostic,ox3ctsq5,David Rood,L,1-2,1853.4,1838.57,-14.83,2029.04,2043.87,14.83
4013619,1,draft,37,8ymwtvpk,Chang Zheng,mybfhhle,Jon Beitler,W,2-0,1747.66,1764.72,17.06,1695.81,1678.75,-17.06
4013623,1,draft,41,9cdybzxw,"Blondiaux, Timothee",gam2tsv8,Cyprien Tron,W,2-0,1839.33,,,2077.74,2055.47,-22.27
4013742,1,draft,160,9ciliata,Bryan Rockenbach,j9ruocra,Gavin Perry,W,2-1,1967.31,1985.37,18.06,1970.33,1952.28,-18.05
4013684,1,draft,102,9e2i11mk,Kye Nelson,zqql6zm0,Jake Koenig,W,2-0,1961.51,1981.42,19.91,2066.65,2046.74,-19.91
4013667,1,draft,85,9fixv4fb,Guillermo Loli,hcpoppa2,"Flynn, Zach",L,1-2,1959.78,1940.03,-19.75,1863.5,,
4013597,1,draft,15,9ist1h5x,Jody Keith,iuw859gm,Matt Sperling,W,2-0,2083.62,2102.82,19.2,2149.62,2130.42,-19.2
4013714,1,draft,132,9q7jr5pf,Thierry Ramboa,twdzi2ic,Manato Hosomi,W,2-0,2002.66,2015.72,13.06,1724.65,1711.59,-13.06
4013670,1,draft,88,9r2o9fib,Prez Kuhnke,cs0qj8ny,Brennan Roy,L,1-2,1798.38,1783.05,-15.33,1945.84,1961.17,15.33
4013653,1,draft,71,9t0i3vyv,Karl Sarap,z184xrwz,Nathan Hu,L,0-2,2034.43,2010.02,-24.41,1666.98,1691.39,24.41
4013601,1,draft,19,a1zp0k3i,Quinn Tonole,kk5yiwgo,"Szyinski, Piotr",W,2-1,1970.31,1987.6,17.29,1931.53,,
4013583,1,draft,1,a6c0a5by,Haven Gilbert-Avila,yjqw6dtq,Tyler Steinwand,W,2-0,1916.94,1932.43,15.49,1778.49,1763.0,-15.49
4013678,1,draft,96,ao7gqd8u,Nicholas Odenheimer,o6gkw2bt,Shi Tian Lee,L,1-2,1987.26,1966.09,-21.17,1811.61,1832.79,21.18
4013589,1,draft,7,aoprdgnv,Mike Boulinguiez,e9qoi8nt,Alexey Paulot,L,0-2,1714.13,1703.81,-10.32,2163.63,2173.95,10.32
4013645,1,draft,63,apxu0evx,Oliver Coffey,l1uqhlkm,Isael Feitosa,W,2-1,1811.55,1831.4,19.85,1912.87,1893.03,-19.84
4013721,1,draft,139,apxvwg9g,Seth Manfield,o8jo73e1,Collins Mullen,L,0-2,2190.96,2169.94,-21.02,2023.96,2044.97,21.01
4013732,1,draft,150,axfogvl6,Marc Peral,b1soc7vy,Masashiro Kuroda,W,2-1,2027.79,2044.4,16.61,1951.7,1935.09,-16.61
4013646,1,draft,64,axpab9cd,James Dimitrov,oo822yog,Paul Green,W,2-1,1997.36,2017.75,20.39,2128.72,2108.34,-20.38
4013659,1,draft,77,bf5gu0pd,Matt Nass,c7vhz652,Allen Norman,W,2-1,1965.22,1980.57,15.35,1818.98,1803.63,-15.35
4013634,1,draft,52,bgw70171,Arch Dota,qiodci2h,"Stange, Jonathan",W,2-0,2122.96,2133.16,10.2,1665.26,,
4013707,1,draft,125,bj3mq8l1,Luis Venegas,prbfum6i,"D'Souza, Kenith",W,2-0,1699.58,1721.71,22.13,1929.98,,
4013600,1,draft,18,bmxlpfb0,"Xu, Matt",smlqb2ut,Arne Huschenbeth,L,0-2,1933.49,,,2229.0,2241.76,12.76
4013737,1,draft,155,bpk5fpjt,Guglielmo Lupi,mlphz36k,Gregorio Galeotti,L,0-2,2146.93,2120.73,-26.2,1661.71,1687.91,26.2
4013661,1,draft,79,br67eruq,"Castillo Santos, Daniela Isabel",p6sxs8jn,Maxime Rayvich,W,2-0,1598.87,,,1846.88,1824.44,-22.44
4013715,1,draft,133,c3ei1s37,Xiangjun Dai,rip7ttlz,Alexander Kans,L,1-2,1792.48,1777.76,-14.72,1974.08,1988.81,14.73
4013735,1,draft,153,c59z9dzj,"Rodrigues Cavalcante, Marcelo",ddeejmn8,John Wager,L,1-2,2017.35,,,1935.78,1955.26,19.48
4013602,1,draft,20,c5kmg86w,Lorenzo Terlizzi,xx1j61dt,"Medeiros Merjam, Guilherme",L,0-2,2101.88,2081.52,-20.36,1971.86,,
4013586,1,draft,4,ccwsbbsz,Jeff Jao,ydosmtui,Zevin Faust,L,0-2,1746.16,1734.0,-12.16,2077.98,2090.14,12.16
4013665,1,draft,83,chgnyz2i,Nick Deriu,hwih6mgh,Jean-Emmanuel Depraz,L,1-2,1919.86,1905.43,-14.43,2118.36,2132.78,14.42
4013674,1,draft,92,cjf0ru2a,Sebastian Thaler,rct58euk,Elijah Herr,W,2-0,2089.38,2104.39,15.01,1923.53,1908.53,-15.0
4013695,1,draft,113,cxtr7uuw,Josep Sanfeliu,fb53qwgi,"Osterude, Nicholas",W,2-0,1941.82,1957.72,15.9,1826.26,,
4013651,1,draft,69,deuz9pk5,Ryan Normandin,e9kksekk,Mike Sigrist,L,0-2,1864.97,1849.16,-15.81,1985.93,2001.74,15.81
4013694,1,draft,112,dq44xncy,Toni Portolan,lanbihme,Phillip Li,L,0-2,2312.79,2289.86,-22.93,2035.41,2058.34,22.93
4013677,1,draft,95,dq87d9e6,"Bossaneli Araujo, William",rqhrdoas,Charles Eliatamby,W,2-0,2047.24,,,1972.42,1955.78,-16.64
4013701,1,draft,119,e7yew0je,Ivan Saenz,zr33vcz7,Ben Zoz,W,2-0,1766.09,1786.59,20.5,1903.93,1883.43,-20.5
4013716,1,draft,134,e9z9twqj,Marco Belacca,ka9v76mv,Benji Leaf,W,2-1,2020.73,2034.1,13.37,1761.36,1747.98,-13.38
4013703,1,draft,121,elxyz8tl,"Sanchez, Francisco",ud8xjwt9,Ryan Brozovich,L,1-2,2259.37,,,1935.64,1959.34,23.7
4013709,1,draft,127,ewiiryln,Max Rappaport,g7umra42,Ian Robb,W,2-1,1931.02,1947.23,16.21,1833.04,1816.82,-16.22
4013726,1,draft,144,f21zrfi5,"Garcia Gonzalez, Sergio",t05l3sme,Yuya Hosokawa,W,2-1,1992.53,,,1882.88,1866.87,-16.01
4013635,1,draft,53,feqlbxuy,"Kaluzny, Matyas",ji0rj273,Dylan Pratt,L,1-2,1825.09,,,1785.94,1804.66,18.72
4013699,1,draft,117,fsia37fx,Richard Nealston,or2i5kf0,Evan Vetter,W,2-0,1745.42,1767.61,22.19,1979.35,1957.16,-22.19
4013654,1,draft,72,fsw9mgvs,Luis Salvatto,ut9cb8sw,Rafael Marin,W,2-1,2198.3,2207.58,9.28,1677.31,1668.02,-9.29
4013640,1,draft,58,fuoyfsmc,Junichi Adachi,tf1s0ddy,Kevin Kong,L,1-2,1592.59,1578.15,-14.44,1790.4,1804.84,14.44
4013604,1,draft,22,fywsbcwb,Julius Fan,oruuc6vd,Bassel Nasri,L,1-2,2003.13,1984.63,-18.5,1976.04,1994.53,18.49
4013603,1,draft,21,gag1uiw8,Maxx Kominowski,u8zb1g86,Victor Hawkins,W,2-1,2117.64,2133.58,15.94,2003.83,1987.9,-15.93
4013671,1,draft,89,gln77x5p,Samuel Pardee,lzhfk0l7,Pietro Maria Oltolina,W,2-0,2180.72,2190.21,9.49,1674.43,1664.94,-9.49
4013730,1,draft,148,hhuqajyt,Ryouta Mishina,wtntvl5l,Yoshitaka Yamasaki,L,0-2,1820.06,1800.6,-19.46,1739.9,1759.36,19.46
4013692,1,draft,110,hioy7ydm,"Harvey, Clement",og21dc58,Kenneth Oswald,L,0-2,1753.25,,,1799.15,1816.32,17.17
4013657,1,draft,75,hj5ztc7w,Huaxing Bai,z6r4p2ce,Javier Dominguez,L,1-2,2023.17,2005.92,-17.25,2064.08,2081.33,17.25
4013719,1,draft,137,hlwt81oy,Eli Kassis,wum7k15v,"Astrand, David",W,2-0,2192.6,2200.95,8.35,1601.7,,
4013596,1,draft,14,ho41rzpc,Patricio Roman,wa3qhmh5,Pier Paolo Moro,W,2-0,1904.57,1917.3,12.73,1607.19,1594.46,-12.73
4013647,1,draft,65,i6joq7x2,Joao Quege,tqwc1ir9,Brian Coval,L,1-2,1804.94,1789.94,-15.0,1970.78,1985.78,15.0
4013682,1,draft,100,ieteb820,Alex Friedrichsen,zpnpzas3,William Au,L,0-2,1977.56,1954.43,-23.13,1688.38,1711.51,23.13
4013590,1,draft,8,ifvgu0a3,Matthew Wright,yvw9nn4r,Toni Martos,L,0-2,2047.97,2029.07,-18.9,1998.73,2017.63,18.9
4013614,1,draft,32,iikvh8w6,David Kerrigan,ltct0ppk,Lucas Duchow,L,1-2,1662.67,1648.54,-14.13,1878.42,1892.55,14.13
4013673,1,draft,91,ioxsup46,Suorsa Miitri,iqk1hqx5,Gavin Meagher,L,1-2,1677.35,1664.15,-13.2,1947.04,1960.24,13.2
4013599,1,draft,17,iv2h0zof,Coby Schnepf,oqgf796b,Mattia Rizzi,L,0-2,1750.73,1737.46,-13.27,2016.47,2029.73,13.26
4013686,1,draft,104,izlk7lhv,"Ng, Hei Wo",o4d4yzce,Abe Schnake,L,0-2,1637.99,,,2009.29,2020.82,11.53
4013727,1,draft,145,j3ihrdjq,Shaun Henry,pifyvicd,"Schuetz, Stefan",L,1-2,2068.54,2050.17,-18.37,2048.34,,
4013723,1,draft,141,jpgr1uft,Amy James,vthtszcf,Jason Reid,L,1-2,1827.31,1809.21,-18.1,1821.69,1839.79,18.1
4013663,1,draft,81,jpoffa9k,"Benito, Jaime",pv9ckf8c,Eli Swafford,W,2-0,1921.05,,,2001.44,1981.98,-19.46
4013621,1,draft,39,k2i5icls,Javier Ramos,rt4irfpd,Aedan Simons-Rudolph,L,1-2,1573.09,1558.91,-14.18,1785.47,1799.65,14.18
4013642,1,draft,60,k32x6elu,Yuuki Ichikawa,vvqk8ugq,Dylan Nollen,W,2-0,1936.41,1954.87,18.46,1961.46,1943.0,-18.46
4013648,1,draft,66,k3z2odw0,Daniel Goetschel,mntoqmss,Kazutaka Oya,W,2-0,2113.55,2128.71,15.16,1956.53,1941.37,-15.16
4013595,1,draft,13,k4i24mu5,Evan Sonnenberg-Rhim,wgwxf3od,Yimin Zhi,L,1-2,2078.86,2058.35,-20.51,1940.81,1961.31,20.5
4013724,1,draft,142,k5r20pva,Allen Wu,zpkbk496,Adam Kinnaird,W,2-0,2105.36,2115.51,10.15,1644.33,1634.18,-10.15
4013592,1,draft,10,kbnqolg0,Gavin Teo,p2kk3rf1,"von Stange, Alexander",L,1-2,1633.43,1620.08,-13.35,1894.22,,
4013738,1,draft,156,kd8wr08l,Yuta Hori,qi3sp8mj,Sophi Seley,W,2-1,1708.65,1725.68,17.03,1655.87,1638.83,-17.04
4013631,1,draft,49,kyrvj5j9,Edgar Baumler,swz4omjg,Antonin Branis,W,2-0,1745.47,1766.0,20.53,1885.53,1865.0,-20.53
4013687,1,draft,105,kzchygxr,Andrew Kidston,oijetp3y,Bernardo Torres,W,2-1,2071.04,2086.13,15.09,1909.69,1894.6,-15.09
4013713,1,draft,131,l4x45emr,Tristan Wylde-LaRue,yaomdkss,Wentong Zhang,L,1-2,1985.8,1963.34,-22.46,1735.93,1758.39,22.46
4013607,1,draft,25,lekird68,Jonathan Melamed,xqogf5dc,"Costa, Matthew",W,2-1,1994.44,2013.05,18.61,2027.77,,
4013700,1,draft,118,lo6wrr1f,Masataka Hori,y04pdtin,Chris Kral,W,2-1,2102.72,2119.28,16.56,2023.32,2006.76,-16.56
4013620,1,draft,38,mkq0xzy4,Masahide Moriyama,zmb5xcqx,Pedro Molina,W,2-1,2050.5,2062.53,12.03,1710.34,1698.31,-12.03
4013625,1,draft,43,mvh6e9tq,Vasilios Morikis,y5dm09fs,Tyson Roylance,L,1-2,1905.81,1884.13,-21.68,1701.38,1723.06,21.68
4013708,1,draft,126,mw706ncx,Yuya Tase,s7cmhif5,Neilson Zhang,L,0-2,1831.88,1812.5,-19.38,1756.15,1775.53,19.38
4013720,1,draft,138,myahi6h7,Eduardo Sajgalik,r0ndxfmr,Avi Lessure,L,0-2,2158.97,2138.36,-20.61,2015.14,2035.75,20.61
4013676,1,draft,94,nhhe1pi1,Matthew Oomkes,qrilo72j,Kellen Pastore,L,1-2,1843.49,1829.85,-13.64,2087.21,2100.85,13.64
4013584,1,draft,2,oa3ioxca,Andy Garcia-Romo,z4lu3jn3,Terry Edwards,W,2-1,2136.65,2148.5,11.85,1785.04,1773.2,-11.84
4013744,1,draft,162,oz33n7wy,"Stark, Ben S",ttx6udui,Akira Shibata,W,2-1,1950.36,,,2066.82,2046.71,-20.11
4013610,1,draft,28,q9xm94yx,Robert Wagner-Krankel,th5ocm0o,Hiroki Kageyama,W,2-0,1761.91,1783.32,21.41,1951.3,1929.89,-21.41
4013739,1,draft,157,qtkpoy98,Mason Buonadonna,yv80zman,"Kho, Sek-Un",L,1-2,2016.25,1993.13,-23.12,1727.87,,
4013639,1,draft,57,rpnmp036,Percy Fang,xtbco2kd,Justin Schabel,W,2-0,1976.99,1996.72,19.73,2072.2,2052.47,-19.73
4013656,1,draft,74,rtio0ez5,"White, Thomas [ENG]",x1s81611,Andrew Elenbogen,W,2-0,1917.17,,,2061.91,2041.28,-20.63
4013616,1,draft,34,swqf5brq,Jack Potter,vhsiasqx,Samuel Chang,D,1-1,1887.72,1892.46,4.74,2153.45,2148.72,-4.73
4013697,1,draft,115,ucdcy25j,Marcus Wosner,w1j40t2k,Pedro Flores,L,1-2,1984.88,1964.27,-20.61,1840.8,1861.41,20.61
4013641,1,draft,59,uuoqp9l7,Derrick Davis,vxgk5lbd,Kenta Masukado,W,2-1,2087.85,2104.36,16.51,2005.76,1989.26,-16.5
4013636,1,draft,54,v64f3aay,Elad Stettner,y46mfw1k,"Martinez, Carlos [MEX]",W,2-0,1611.02,1629.82,18.8,1654.64,,
4013728,1,draft,146,v89wl7jv,"Fernandez Torres, Alvaro",zz14clya,Nathan Steuer,L,1-2,1799.89,,,1970.73,1985.64,14.91
4013672,1,draft,90,w2mq3pye,Andrew Cuneo,wo0ujj9p,Valerie Jade,W,2-1,1908.63,1928.93,20.3,2035.35,2015.05,-20.3
4013612,1,draft,30,w8ibxhmk,"Byrd, Michael",xbl3uwo2,Alan Hubbard,W,2-1,1995.58,,,1871.0,1855.26,-15.74
4013689,1,draft,107,wrr61zbv,Christoffer Larsen,z79y5c98,Klarke Trezise,W,2-0,2239.7,2248.17,8.47,1657.74,1649.28,-8.46
4013717,1,draft,135,xcgpultt,Sam Bogue,z07zinsq,"Sochurek, Petr",W,2-0,1912.24,1933.0,20.76,2064.88,,
4013741,1,draft,159,xd98dyts,"Wong, Charles",y8e1u0yd,January Adams,L,1-2,2042.22,,,1806.89,1829.11,22.22
4013628,1,draft,46,ypvuccra,Daniel Weiss,zciwnzo6,Yuchen Liu,L,1-2,1678.75,1666.12,-12.63,1982.18,1994.81,12.63
4015006,10,draft,57,0qivecmh,"Martin, Adria",8qvy0oha,Masakuni Hamaguchi,L,1-2,2014.37,,,1948.42,1967.62,19.2
4015044,10,draft,95,0scosskv,Matheus Crusius,spi8ybx3,Corey Burkhart,L,1-2,1845.73,1831.21,-14.52,2039.22,2053.74,14.52
4014974,10,draft,25,0uqxbitj,Takeshi Ozawa,56cr0qb6,Yi Yang,W,2-1,1980.07,1997.94,17.87,1972.74,1954.88,-17.86
4015038,10,draft,89,10bptxxv,Aras Senyuz,282fp22n,"Inglis, David [USA]",W,2-0,1852.94,1874.08,21.14,2026.51,,
4014979,10,draft,30,12p06h4s,Shota Yasooka,aad50tcz,"Stefans, Matthew",W,2-0,2066.24,2079.3,13.06,1788.14,,
4015023,10,draft,74,14bbh8fs,Raul Porojan,aoprdgnv,Mike Boulinguiez,L,1-2,1868.13,1847.98,-20.15,1749.52,1769.67,20.15
4014955,10,draft,6,1mghnbu5,Mateo Ferreira,5nzvn1j4,Toru Inoue,W,2-1,2036.93,2054.08,17.15,1990.61,1973.45,-17.16
4014966,10,draft,17,1mgu2l1k,Adam Edelson,or2i5kf0,Evan Vetter,W,2-0,2086.11,2102.17,16.06,1979.38,1963.32,-16.06
4014996,10,draft,47,1yfv22vg,Muhan Yu,kzchygxr,Andrew Kidston,W,2-0,2030.81,2049.54,18.73,2070.82,2052.09,-18.73
4015046,10,draft,97,222vn7x7,Christian Baker,hlwt81oy,Eli Kassis,W,2-0,1828.48,1851.82,23.34,2130.26,2106.92,-23.34
4015017,10,draft,68,2adkhpoc,Vincent Choy,c3ei1s37,Xiangjun Dai,W,2-1,1701.47,1721.15,19.68,1793.78,1774.11,-19.67
4015050,10,draft,101,2pjv6j9n,"Del Pivo, Marco",8r8ub5ts,Koki Hara,L,0-2,1999.46,,,1894.87,1914.77,19.9
4014987,10,draft,38,2zm33fzl,Eleanor Dubreuil,p6sxs8jn,Maxime Rayvich,L,0-2,1797.88,1781.76,-16.12,1901.15,1917.28,16.13
4014999,10,draft,50,37okj715,Lukas Schwendinger,oul159pu,Marco Cammilluzzi,W,2-0,1848.64,1870.23,21.59,2048.14,2026.55,-21.59
4014981,10,draft,32,38q7bl47,Alex Rohan,y5dm09fs,Tyson Roylance,W,2-0,2105.37,2117.96,12.59,1799.44,1786.85,-12.59
4015016,10,draft,67,3ayzk61f,Devon Straub,elxyz8tl,"Sanchez, Francisco",W,2-1,1972.75,1994.79,22.04,2198.12,,
4014990,10,draft,41,3l0vbst8,Thirawat Chaovarindr,wum7k15v,"Astrand, David",L,0-2,1941.64,1918.89,-22.75,1675.23,,
4015018,10,draft,69,3m2v9pq5,Shuhei Nakamura,wo0ujj9p,Valerie Jade,L,1-2,2031.43,2013.09,-18.34,2012.85,2031.19,18.34
4014969,10,draft,20,3tkaanb4,Luis Gobern,a1zp0k3i,Quinn Tonole,L,1-2,1937.35,1920.21,-17.14,1984.74,2001.88,17.14
4015014,10,draft,65,42r3xhem,Mae French,chgnyz2i,Nick Deriu,W,2-0,2020.73,2037.15,16.42,1934.11,1917.69,-16.42
4014951,10,draft,2,4a8umq19,Will Krueger,bf5gu0pd,Matt Nass,L,0-2,2165.88,2146.18,-19.7,2072.91,2092.6,19.69
4014959,10,draft,10,4i2wz2go,Edgar Magalhaes,j9ruocra,Gavin Perry,W,2-1,1991.69,2010.09,18.4,2013.8,1995.39,-18.41
4015024,10,draft,75,5ef0632t,Steve Gan,8ymwtvpk,Chang Zheng,W,2-1,1976.69,1990.67,13.98,1753.0,1739.01,-13.99
4014963,10,draft,14,5h9pep1a,Jacob Mitchell-Rabaey,ympa2ttn,Davor Detecnik,W,2-1,1952.36,1972.67,20.31,2079.35,2059.04,-20.31
4015027,10,draft,78,5hec4ugr,"Morales Macaya, Nicolas",ho41rzpc,Patricio Roman,W,2-1,1739.94,,,1951.06,1929.26,-21.8
4014954,10,draft,5,5nc9un5m,Robin Courtiat,9ciliata,Bryan Rockenbach,L,1-2,1908.69,1893.23,-15.46,2048.62,2064.09,15.47
4015045,10,draft,96,6arhq0t8,"Ma, Noah",fywsbcwb,Julius Fan,L,0-2,1974.81,,,1970.55,1988.63,18.08
4015042,10,draft,93,6vh8n9gw,"Higgins, Evan [USA]",apxu0evx,Oliver Coffey,W,2-1,1843.39,,,1852.11,1833.95,-18.16
4014956,10,draft,7,75uworlu,Xinrong Chen,mkq0xzy4,Masahide Moriyama,W,2-0,1864.78,1886.82,22.04,2089.94,2067.9,-22.04
4014962,10,draft,13,7ccbrp4c,Etai Kurtzman,l4x45emr,Tristan Wylde-LaRue,W,2-1,2057.71,2074.9,17.19,2013.0,1995.82,-17.18
4015032,10,draft,83,7r07ic8h,Maciej Jezyna,upnklhaj,Aidan Mirabelli,W,2-0,1795.69,1819.28,23.59,2112.45,2088.86,-23.59
4014967,10,draft,18,7wvvj689,Mitchell Tamblyn,cs0qj8ny,Brennan Roy,L,1-2,2082.17,2061.83,-20.34,1953.6,1973.93,20.33
4014993,10,draft,44,7yb1fq4i,Mikey Bishara,pv9ckf8c,Eli Swafford,W,2-1,1959.58,1978.26,18.68,1997.22,1978.54,-18.68
4015002,10,draft,53,7zo943oe,Yang Chen,ddeejmn8,John Wager,L,0-2,2002.46,1983.58,-18.88,1954.21,1973.09,18.88
4015025,10,draft,76,81xkae72,Nam Dang,wrr61zbv,Christoffer Larsen,W,2-0,2072.7,2094.44,21.74,2280.87,2259.12,-21.75
4014985,10,draft,36,8snu2urd,Jack Young,ao7gqd8u,Nicholas Odenheimer,W,2-0,1867.35,1888.42,21.07,2037.22,2016.15,-21.07
4015049,10,draft,100,8uemg873,Ryan Condon,wtntvl5l,Yoshitaka Yamasaki,W,2-0,2030.67,2043.61,12.94,1745.9,1732.96,-12.94
4014989,10,draft,40,8yk0ficp,"Mora Romero, Alejandro",oqgf796b,Mattia Rizzi,L,1-2,1939.86,,,2067.31,2083.0,15.69
4015003,10,draft,54,9am8loyq,Reid Duke,bpk5fpjt,Guglielmo Lupi,L,0-2,2204.71,2185.92,-18.79,2161.17,2179.97,18.8
4015021,10,draft,72,9cdybzxw,"Blondiaux, Timothee",w1j40t2k,Pedro Flores,L,1-2,1833.69,,,1841.26,1859.12,17.86
4015036,10,draft,87,9e2i11mk,Kye Nelson,vsmld9tt,Christian Calcano,W,2-1,1969.43,1987.47,18.04,1971.84,1953.8,-18.04
4014950,10,draft,1,9q7jr5pf,Thierry Ramboa,zz14clya,Nathan Steuer,W,2-1,2122.87,2141.03,18.16,2131.22,2113.07,-18.15
4015040,10,draft,91,9r2o9fib,Prez Kuhnke,c5kmg86w,Lorenzo Terlizzi,L,0-2,1799.16,1785.72,-13.44,2054.28,2067.73,13.45
4014995,10,draft,46,a6c0a5by,Haven Gilbert-Avila,zzta7cxz,Ryan Gassaway,W,2-1,1938.98,1954.49,15.51,1801.7,1786.19,-15.51
4015033,10,draft,84,awrwen4n,Rick Hup Beng Lee,sds7i9fy,"Fauquenoi, Noe",W,2-0,1942.23,1959.05,16.82,1877.29,,
4015051,10,draft,102,axfogvl6,Marc Peral,lzhfk0l7,Pietro Maria Oltolina,W,2-0,1987.85,2000.6,12.75,1691.17,1678.42,-12.75
4015034,10,draft,85,b1soc7vy,Masashiro Kuroda,f21zrfi5,"Garcia Gonzalez, Sergio",L,0-2,1965.3,1948.02,-17.28,2004.96,,
4015028,10,draft,79,bchw2dah,"Kane, Liam",oijetp3y,Bernardo Torres,W,2-1,1951.98,,,1978.51,1960.02,-18.49
4014968,10,draft,19,bgw70171,Arch Dota,ieteb820,Alex Friedrichsen,L,0-2,2072.68,2053.07,-19.61,1984.5,2004.11,19.61
4014994,10,draft,45,bmxlpfb0,"Xu, Matt",vxgk5lbd,Kenta Masukado,L,1-2,1944.32,,,2017.89,2034.55,16.66
4015031,10,draft,82,br2ww8kq,Jack Yudt,ney4ym60,"Walker, Austin",L,1-2,1814.66,1796.16,-18.5,1787.3,,
4015022,10,draft,73,ccwsbbsz,Jeff Jao,cfr12lns,Valentin Orru,D,1-1,1759.32,1757.62,-1.7,1666.23,1667.92,1.69
4015020,10,draft,71,coibjxuk,Nathan Kirner,myahi6h7,Eduardo Sajgalik,W,2-1,1876.84,1899.52,22.68,2139.36,2116.68,-22.68
4014958,10,draft,9,cxtr7uuw,Josep Sanfeliu,k32x6elu,Yuuki Ichikawa,W,2-0,2002.11,2019.34,17.23,1959.96,1942.73,-17.23
4015048,10,draft,99,deuz9pk5,Ryan Normandin,u8zb1g86,Victor Hawkins,W,2-0,1854.56,1874.61,20.05,1967.39,1947.34,-20.05
4014957,10,draft,8,dq87d9e6,"Bossaneli Araujo, William",mlphz36k,Gregorio Galeotti,W,2-0,2090.2,,,1748.12,1736.12,-12.0
4014991,10,draft,42,e0kgwg90,Elliot Fortier,e9qoi8nt,Alexey Paulot,L,0-2,1883.26,1869.85,-13.41,2140.62,2154.03,13.41
4014984,10,draft,35,e9kksekk,Mike Sigrist,ud8xjwt9,Ryan Brozovich,W,2-0,2027.02,2044.47,17.45,1997.13,1979.68,-17.45
4014992,10,draft,43,ewiiryln,Max Rappaport,ttx6udui,Akira Shibata,L,0-2,1947.76,1931.92,-15.84,2066.66,2082.5,15.84
4014982,10,draft,33,feqlbxuy,"Kaluzny, Matyas",rj1n7oj4,Joshua Willis,L,1-2,1890.63,,,2085.78,2100.26,14.48
4015013,10,draft,64,fsia37fx,Richard Nealston,qrilo72j,Kellen Pastore,W,2-1,1791.7,1814.93,23.23,2087.16,2063.93,-23.23
4015029,10,draft,80,fsw9mgvs,Luis Salvatto,yaomdkss,Wentong Zhang,L,1-2,2216.39,2191.39,-25.0,1811.87,1836.86,24.99
4015043,10,draft,94,fuoyfsmc,Junichi Adachi,prbfum6i,"D'Souza, Kenith",L,0-2,1613.16,1600.34,-12.82,1905.51,,
4014977,10,draft,28,g7umra42,Ian Robb,o4d4yzce,Abe Schnake,W,2-1,1925.17,1946.04,20.87,2083.41,2062.55,-20.86
4014978,10,draft,29,gag1uiw8,Maxx Kominowski,smlqb2ut,Arne Huschenbeth,W,2-1,2183.35,2203.01,19.66,2274.41,2254.75,-19.66
4014970,10,draft,21,gam2tsv8,Cyprien Tron,kphgot73,Brendan Hsu,L,0-2,2037.68,2016.26,-21.42,1848.1,1869.51,21.41
4015007,10,draft,58,gln77x5p,Samuel Pardee,v5debkjw,"Queralt Garriga, Albert",L,1-2,2163.59,2140.29,-23.3,1864.03,,
4015010,10,draft,61,grqo9am2,"De Gaetano, Carlo",ut9cb8sw,Rafael Marin,W,2-1,1743.14,,,1746.47,1728.41,-18.06
4015015,10,draft,66,h28ep1ds,Adam Brace,kyrvj5j9,Edgar Baumler,L,1-2,2016.12,1993.22,-22.9,1740.34,1763.25,22.91
4015012,10,draft,63,hioy7ydm,"Harvey, Clement",ji0rj273,Dylan Pratt,L,0-2,1787.38,,,1823.27,1840.62,17.35
4014964,10,draft,15,hj5ztc7w,Huaxing Bai,t05l3sme,Yuya Hosokawa,W,2-0,2066.18,2081.76,15.58,1932.34,1916.77,-15.57
4014980,10,draft,31,hmkukxn7,George Berrett,pifyvicd,"Schuetz, Stefan",L,1-2,1852.01,1839.04,-12.97,2135.55,,
4015004,10,draft,55,hwih6mgh,Jean-Emmanuel Depraz,mntoqmss,Kazutaka Oya,W,2-0,2143.65,2159.14,15.49,2005.24,1989.75,-15.49
4014997,10,draft,48,i2dp3ubf,Atsushi Nakashima,xd98dyts,"Wong, Charles",L,0-2,1876.73,1861.58,-15.15,2034.29,,
4014952,10,draft,3,ifvgu0a3,Matthew Wright,yvw9nn4r,Toni Martos,L,0-2,2123.58,2104.07,-19.51,2040.37,2059.88,19.51
4015041,10,draft,92,ioxsup46,Suorsa Miitri,uuoqp9l7,Derrick Davis,W,2-0,1693.72,1717.8,24.08,2041.02,2016.93,-24.09
4015026,10,draft,77,iqk1hqx5,Gavin Meagher,o6gkw2bt,Shi Tian Lee,L,0-2,1997.53,1977.73,-19.8,1898.34,1918.14,19.8
4014960,10,draft,11,jn5kno9m,Ryan Mullens,y04pdtin,Chris Kral,L,1-2,2116.61,2097.55,-19.06,2058.14,2077.21,19.07
4014972,10,draft,23,jpoffa9k,"Benito, Jaime",sbxfa2dv,Atsuya Okuno,L,1-2,1936.01,,,1844.91,1864.57,19.66
4015005,10,draft,56,k3z2odw0,Daniel Goetschel,w8ibxhmk,"Byrd, Michael",W,2-0,2143.53,2159.46,15.93,2029.73,,
4015008,10,draft,59,k5r20pva,Allen Wu,mybfhhle,Jon Beitler,L,1-2,2093.62,2069.26,-24.36,1729.09,1753.45,24.36
4015047,10,draft,98,lekird68,Jonathan Melamed,wgwxf3od,Yimin Zhi,L,0-2,1959.64,1940.97,-18.67,1922.77,1941.44,18.67
4015000,10,draft,51,m46p08w0,"Santos Esquici, Victor",swqf5brq,Jack Potter,W,2-0,2078.13,,,2004.84,1988.17,-16.67
4014971,10,draft,22,mvh6e9tq,Vasilios Morikis,ua41p3kc,Nicholas Talbot,L,0-2,1921.5,1903.72,-17.78,1933.76,1951.54,17.78
4014986,10,draft,37,nhhe1pi1,Matthew Oomkes,s7cmhif5,Neilson Zhang,W,2-0,1903.55,1920.34,16.79,1836.98,1820.19,-16.79
4015030,10,draft,81,o8jo73e1,Collins Mullen,oa3ioxca,Andy Garcia-Romo,L,0-2,2068.77,2052.52,-16.25,2164.81,2181.06,16.25
4015011,10,draft,62,og21dc58,Kenneth Oswald,oz33n7wy,"Stark, Ben S",W,2-0,1838.24,1858.4,20.16,1957.05,,
4014983,10,draft,34,oo822yog,Paul Green,qtkpoy98,Mason Buonadonna,W,2-0,2149.58,2165.83,16.25,2053.56,2037.3,-16.26
4014953,10,draft,4,p2kk3rf1,"von Stange, Alexander",ydosmtui,Zevin Faust,L,0-2,1972.13,,,2134.38,2149.44,15.06
4014973,10,draft,24,pley1pk6,Julien Henry,ucdcy25j,Marcus Wosner,L,0-2,2011.68,1992.63,-19.05,1954.22,1973.27,19.05
4015001,10,draft,52,qmwpvgrb,"Kikidis, Charalampos",zciwnzo6,Yuchen Liu,W,2-1,2133.13,,,2057.79,2041.16,-16.63
4014998,10,draft,49,rq45xp25,"Bertram, Timo",swz4omjg,Antonin Branis,L,1-2,1911.32,,,1866.72,1885.53,18.81
4015037,10,draft,88,rqhrdoas,Charles Eliatamby,z2s366ev,Anthony Cuello,W,2-1,1979.23,1996.34,17.11,1930.43,1913.32,-17.11
4015039,10,draft,90,tuti7rxn,Oliver Tomajko,xx1j61dt,"Medeiros Merjam, Guilherme",L,0-2,2078.76,2059.1,-19.66,1987.77,,
4014976,10,draft,27,ulticqxp,Anthony Lee,ypvuccra,Daniel Weiss,L,0-2,1906.04,1886.2,-19.84,1804.65,1824.49,19.84
4014961,10,draft,12,vthtszcf,Jason Reid,z184xrwz,Nathan Hu,L,0-2,1898.72,1878.24,-20.48,1761.73,1782.21,20.48
4014965,10,draft,16,vvqk8ugq,Dylan Nollen,w2mq3pye,Andrew Cuneo,W,2-1,1977.63,1994.71,17.08,1926.88,1909.81,-17.07
4015019,10,draft,70,x1s81611,Andrew Elenbogen,zagotcbk,Pierre Smith,L,0-2,2019.81,2000.1,-19.71,1926.02,1945.73,19.71
4014988,10,draft,39,ycxedwh1,"DeBenedetto-Plummer, Michael",z6r4p2ce,Javier Dominguez,W,2-0,2121.38,,,2093.51,2076.02,-17.49
4015133,11,draft,82,0qivecmh,"Martin, Adria",br2ww8kq,Jack Yudt,L,0-2,1995.17,,,1796.16,1817.75,21.59
4015146,11,draft,95,0scosskv,Matheus Crusius,x1s81611,Andrew Elenbogen,L,0-2,1831.21,1816.26,-14.95,2000.1,2015.05,14.95
4015076,11,draft,25,0uqxbitj,Takeshi Ozawa,37okj715,Lukas Schwendinger,L,0-2,1997.94,1977.62,-20.32,1870.23,1890.55,20.32
4015090,11,draft,39,10bptxxv,Aras Senyuz,fsia37fx,Richard Nealston,L,1-2,1874.08,1855.0,-19.08,1814.93,1834.01,19.08
4015056,11,draft,5,12p06h4s,Shota Yasooka,9ciliata,Bryan Rockenbach,W,2-0,2079.3,2097.02,17.72,2064.09,2046.36,-17.73
4015125,11,draft,74,14bbh8fs,Raul Porojan,pley1pk6,Julien Henry,W,2-0,1847.98,1868.6,20.62,1992.63,1972.01,-20.62
4015057,11,draft,6,1mghnbu5,Mateo Ferreira,pifyvicd,"Schuetz, Stefan",L,1-2,2054.08,2037.8,-16.28,2148.51,,
4015068,11,draft,17,1mgu2l1k,Adam Edelson,e9qoi8nt,Alexey Paulot,L,0-2,2102.17,2085.11,-17.06,2154.03,2171.09,17.06
4015073,11,draft,22,1yfv22vg,Muhan Yu,ua41p3kc,Nicholas Talbot,L,0-2,2049.54,2029.76,-19.78,1951.54,1971.32,19.78
4015123,11,draft,72,222vn7x7,Christian Baker,w1j40t2k,Pedro Flores,W,2-0,1851.82,1869.95,18.13,1859.12,1840.98,-18.14
4015140,11,draft,89,282fp22n,"Inglis, David [USA]",qrilo72j,Kellen Pastore,L,1-2,2005.37,,,2063.93,2080.86,16.93
4015100,11,draft,49,2adkhpoc,Vincent Choy,swz4omjg,Antonin Branis,L,0-2,1721.15,1706.12,-15.03,1885.53,1900.56,15.03
4015114,11,draft,63,2zm33fzl,Eleanor Dubreuil,l4x45emr,Tristan Wylde-LaRue,L,1-2,1781.76,1767.61,-14.15,1995.82,2009.97,14.15
4015078,11,draft,27,336bqtu6,"Zhang, Rei",9q7jr5pf,Thierry Ramboa,W,2-0,2130.39,,,2141.03,2122.83,-18.2
4015058,11,draft,7,38q7bl47,Alex Rohan,75uworlu,Xinrong Chen,W,2-0,2117.96,2131.82,13.86,1886.82,1872.96,-13.86
4015118,11,draft,67,3ayzk61f,Devon Straub,ioxsup46,Suorsa Miitri,W,2-1,1994.79,2007.87,13.08,1717.8,1704.73,-13.07
4015117,11,draft,66,3l0vbst8,Thirawat Chaovarindr,w2mq3pye,Andrew Cuneo,W,2-1,1918.89,1936.73,17.84,1909.81,1891.98,-17.83
4015120,11,draft,69,3m2v9pq5,Shuhei Nakamura,fuoyfsmc,Junichi Adachi,W,2-0,2013.09,2023.97,10.88,1600.34,1589.47,-10.87
4015121,11,draft,70,3tkaanb4,Luis Gobern,bmxlpfb0,"Xu, Matt",W,2-1,1920.21,1938.35,18.14,1927.66,,
4015091,11,draft,40,42r3xhem,Mae French,xx1j61dt,"Medeiros Merjam, Guilherme",L,1-2,2037.15,2018.61,-18.54,2007.43,,
4015077,11,draft,26,4a8umq19,Will Krueger,ypvuccra,Daniel Weiss,L,0-2,2146.18,2122.51,-23.67,1824.49,1848.16,23.67
4015061,11,draft,10,4i2wz2go,Edgar Magalhaes,e9kksekk,Mike Sigrist,W,2-1,2010.09,2028.72,18.63,2044.47,2025.84,-18.63
4015101,11,draft,50,56cr0qb6,Yi Yang,oul159pu,Marco Cammilluzzi,W,2-0,1954.88,1974.18,19.3,2026.55,2007.25,-19.3
4015126,11,draft,75,5ef0632t,Steve Gan,8uemg873,Ryan Condon,W,2-0,1990.67,2009.64,18.97,2043.61,2024.64,-18.97
4015065,11,draft,14,5h9pep1a,Jacob Mitchell-Rabaey,ycxedwh1,"DeBenedetto-Plummer, Michael",W,2-0,1972.67,1993.67,21.0,2138.88,,
4015079,11,draft,28,5hec4ugr,"Morales Macaya, Nicolas",ddeejmn8,John Wager,L,0-2,1761.74,,,1973.09,1987.29,14.2
4015106,11,draft,55,5nc9un5m,Robin Courtiat,aad50tcz,"Stefans, Matthew",L,0-2,1893.23,1873.08,-20.15,1775.09,,
4015107,11,draft,56,5nzvn1j4,Toru Inoue,oa3ioxca,Andy Garcia-Romo,L,0-2,1973.45,1959.19,-14.26,2181.06,2195.33,14.27
4015075,11,draft,24,6vh8n9gw,"Higgins, Evan [USA]",aoprdgnv,Mike Boulinguiez,L,0-2,1861.55,,,1769.67,1789.35,19.68
4015064,11,draft,13,7ccbrp4c,Etai Kurtzman,p6sxs8jn,Maxime Rayvich,L,1-2,2074.9,2054.05,-20.85,1917.28,1938.13,20.85
4015109,11,draft,58,7r07ic8h,Maciej Jezyna,mlphz36k,Gregorio Galeotti,W,2-1,1819.28,1835.77,16.49,1736.12,1719.63,-16.49
4015119,11,draft,68,7wvvj689,Mitchell Tamblyn,ewiiryln,Max Rappaport,L,0-2,2061.83,2041.48,-20.35,1931.92,1952.28,20.36
4015095,11,draft,44,7yb1fq4i,Mikey Bishara,ieteb820,Alex Friedrichsen,W,2-1,1978.26,1996.73,18.47,2004.11,1985.64,-18.47
4015129,11,draft,78,7zo943oe,Yang Chen,ho41rzpc,Patricio Roman,L,0-2,1983.58,1964.59,-18.99,1929.26,1948.25,18.99
4015103,11,draft,52,81xkae72,Nam Dang,m46p08w0,"Santos Esquici, Victor",W,2-0,2094.44,2112.45,18.01,2094.8,,
4015083,11,draft,32,8qvy0oha,Masakuni Hamaguchi,y5dm09fs,Tyson Roylance,L,1-2,1967.62,1946.36,-21.26,1786.85,1808.11,21.26
4015147,11,draft,96,8r8ub5ts,Koki Hara,fywsbcwb,Julius Fan,L,1-2,1914.77,1898.11,-16.66,1988.63,2005.28,16.65
4015062,11,draft,11,8snu2urd,Jack Young,y04pdtin,Chris Kral,L,1-2,1888.42,1873.82,-14.6,2077.21,2091.81,14.6
4015116,11,draft,65,8yk0ficp,"Mora Romero, Alejandro",t05l3sme,Yuya Hosokawa,W,2-0,1924.17,,,1916.77,1898.91,-17.86
4015151,11,draft,100,8ymwtvpk,Chang Zheng,wtntvl5l,Yoshitaka Yamasaki,W,2-1,1739.01,1756.9,17.89,1732.96,1715.07,-17.89
4015130,11,draft,79,9am8loyq,Reid Duke,oijetp3y,Bernardo Torres,L,0-2,2185.92,2163.87,-22.05,1960.02,1982.07,22.05
4015148,11,draft,97,9cdybzxw,"Blondiaux, Timothee",hlwt81oy,Eli Kassis,W,2-1,1815.83,,,2106.92,2083.76,-23.16
4015088,11,draft,37,9e2i11mk,Kye Nelson,og21dc58,Kenneth Oswald,W,2-0,1987.47,2003.13,15.66,1858.4,1842.74,-15.66
4015142,11,draft,91,9r2o9fib,Prez Kuhnke,h28ep1ds,Adam Brace,L,0-2,1785.72,1771.45,-14.27,1993.22,2007.49,14.27
4015071,11,draft,20,a1zp0k3i,Quinn Tonole,vxgk5lbd,Kenta Masukado,W,2-1,2001.88,2020.47,18.59,2034.55,2015.95,-18.6
4015097,11,draft,46,a6c0a5by,Haven Gilbert-Avila,coibjxuk,Nathan Kirner,L,1-2,1954.49,1935.49,-19.0,1899.52,1918.52,19.0
4015112,11,draft,61,ao7gqd8u,Nicholas Odenheimer,grqo9am2,"De Gaetano, Carlo",L,1-2,2016.15,1993.6,-22.55,1761.21,,
4015150,11,draft,99,apxu0evx,Oliver Coffey,ucdcy25j,Marcus Wosner,W,2-1,1833.95,1854.48,20.53,1973.27,1952.74,-20.53
4015085,11,draft,34,awrwen4n,Rick Hup Beng Lee,qtkpoy98,Mason Buonadonna,W,2-0,1959.05,1978.47,19.42,2037.3,2017.88,-19.42
4015094,11,draft,43,axfogvl6,Marc Peral,deuz9pk5,Ryan Normandin,L,0-2,2000.6,1980.31,-20.29,1874.61,1894.89,20.28
4015136,11,draft,85,b1soc7vy,Masashiro Kuroda,v89wl7jv,"Fernandez Torres, Alvaro",W,2-0,1948.02,1963.71,15.69,1820.81,,
4015105,11,draft,54,bchw2dah,"Kane, Liam",bpk5fpjt,Guglielmo Lupi,W,2-0,1970.47,,,2179.97,2158.2,-21.77
4015052,11,draft,1,bf5gu0pd,Matt Nass,qmwpvgrb,"Kikidis, Charalampos",W,2-1,2092.6,2111.64,19.04,2149.76,,
4015144,11,draft,93,c3ei1s37,Xiangjun Dai,rq45xp25,"Bertram, Timo",L,0-2,1774.11,1758.26,-15.85,1892.51,,
4015092,11,draft,41,c5kmg86w,Lorenzo Terlizzi,kyrvj5j9,Edgar Baumler,W,2-1,2067.73,2080.34,12.61,1763.25,1750.63,-12.62
4015149,11,draft,98,ccwsbbsz,Jeff Jao,lekird68,Jonathan Melamed,L,0-2,1757.62,1742.93,-14.69,1940.97,1955.66,14.69
4015099,11,draft,48,cfr12lns,Valentin Orru,wgwxf3od,Yimin Zhi,L,1-2,1667.92,1654.79,-13.13,1941.44,1954.58,13.14
4015141,11,draft,90,chgnyz2i,Nick Deriu,tuti7rxn,Oliver Tomajko,L,1-2,1917.69,1902.25,-15.44,2059.1,2074.54,15.44
4015069,11,draft,18,cs0qj8ny,Brennan Roy,ttx6udui,Akira Shibata,L,0-2,1973.93,1957.9,-16.03,2082.5,2098.53,16.03
4015060,11,draft,9,cxtr7uuw,Josep Sanfeliu,oo822yog,Paul Green,L,0-2,2019.34,2003.99,-15.35,2165.83,2181.18,15.35
4015059,11,draft,8,dq87d9e6,"Bossaneli Araujo, William",rj1n7oj4,Joshua Willis,W,2-0,2102.19,,,2100.26,2082.3,-17.96
4015093,11,draft,42,e0kgwg90,Elliot Fortier,or2i5kf0,Evan Vetter,W,2-1,1869.85,1889.55,19.7,1963.32,1943.62,-19.7
4015143,11,draft,92,elxyz8tl,"Sanchez, Francisco",uuoqp9l7,Derrick Davis,W,2-1,2176.08,,,2016.93,2001.81,-15.12
4015131,11,draft,80,fsw9mgvs,Luis Salvatto,mntoqmss,Kazutaka Oya,L,1-2,2191.39,2169.76,-21.63,1989.75,2011.37,21.62
4015054,11,draft,3,g7umra42,Ian Robb,ifvgu0a3,Matthew Wright,L,0-2,1946.04,1930.9,-15.14,2104.07,2119.21,15.14
4015055,11,draft,4,gag1uiw8,Maxx Kominowski,ydosmtui,Zevin Faust,W,2-1,2203.01,2220.03,17.02,2149.44,2132.42,-17.02
4015122,11,draft,71,gam2tsv8,Cyprien Tron,zzta7cxz,Ryan Gassaway,W,2-1,2016.26,2030.14,13.88,1786.19,1772.31,-13.88
4015134,11,draft,83,gln77x5p,Samuel Pardee,upnklhaj,Aidan Mirabelli,W,2-0,2140.29,2157.35,17.06,2088.86,2071.79,-17.07
4015137,11,draft,86,hcpoppa2,"Flynn, Zach",ut9cb8sw,Rafael Marin,W,2-0,1872.67,,,1728.41,1713.02,-15.39
4015139,11,draft,88,hioy7ydm,"Harvey, Clement",z2s366ev,Anthony Cuello,L,0-2,1770.04,,,1913.32,1928.72,15.4
4015066,11,draft,15,hj5ztc7w,Huaxing Bai,oqgf796b,Mattia Rizzi,W,2-1,2081.76,2099.78,18.02,2083.0,2064.97,-18.03
4015082,11,draft,31,hmkukxn7,George Berrett,k3z2odw0,Daniel Goetschel,W,2-1,1839.04,1862.69,23.65,2159.46,2135.81,-23.65
4015081,11,draft,30,hwih6mgh,Jean-Emmanuel Depraz,yaomdkss,Wentong Zhang,L,0-2,2159.14,2135.46,-23.68,1836.86,1860.54,23.68
4015124,11,draft,73,i2dp3ubf,Atsushi Nakashima,jpoffa9k,"Benito, Jaime",L,0-2,1861.58,1844.58,-17.0,1916.36,,
4015102,11,draft,51,iqk1hqx5,Gavin Meagher,ulticqxp,Anthony Lee,L,1-2,1977.73,1958.06,-19.67,1886.2,1905.87,19.67
4015086,11,draft,35,j9ruocra,Gavin Perry,ud8xjwt9,Ryan Brozovich,W,2-1,1995.39,2013.11,17.72,1979.68,1961.96,-17.72
4015089,11,draft,38,ji0rj273,Dylan Pratt,rqhrdoas,Charles Eliatamby,W,2-0,1840.62,1861.44,20.82,1996.34,1975.52,-20.82
4015087,11,draft,36,jn5kno9m,Ryan Mullens,l0nqx8nx,"Jones, Ben",W,2-1,2097.55,2115.56,18.01,2098.26,,
4015135,11,draft,84,k32x6elu,Yuuki Ichikawa,k5r20pva,Allen Wu,L,1-2,1942.73,1927.03,-15.7,2069.26,2084.96,15.7
4015072,11,draft,21,kphgot73,Brendan Hsu,myahi6h7,Eduardo Sajgalik,L,1-2,1869.51,1855.93,-13.58,2116.68,2130.26,13.58
4015098,11,draft,47,kzchygxr,Andrew Kidston,mvh6e9tq,Vasilios Morikis,W,2-0,2052.09,2067.41,15.32,1903.72,1888.41,-15.31
4015153,11,draft,102,lzhfk0l7,Pietro Maria Oltolina,u8zb1g86,Victor Hawkins,L,0-2,1678.42,1665.21,-13.21,1947.34,1960.55,13.21
4015108,11,draft,57,mkq0xzy4,Masahide Moriyama,ney4ym60,"Walker, Austin",L,1-2,2067.9,2045.23,-22.67,1805.8,,
4015110,11,draft,59,mybfhhle,Jon Beitler,sds7i9fy,"Fauquenoi, Noe",W,2-0,1753.45,1773.4,19.95,1860.47,,
4015063,11,draft,12,nhhe1pi1,Matthew Oomkes,z184xrwz,Nathan Hu,W,2-1,1920.34,1935.84,15.5,1782.21,1766.72,-15.49
4015104,11,draft,53,o4d4yzce,Abe Schnake,yvw9nn4r,Toni Martos,W,2-1,2062.55,2080.5,17.95,2059.88,2041.93,-17.95
4015127,11,draft,76,o6gkw2bt,Shi Tian Lee,zciwnzo6,Yuchen Liu,W,2-0,1918.14,1938.37,20.23,2041.16,2020.93,-20.23
4015132,11,draft,81,o8jo73e1,Collins Mullen,w8ibxhmk,"Byrd, Michael",W,2-1,2052.52,2069.81,17.29,2013.8,,
4015138,11,draft,87,oz33n7wy,"Stark, Ben S",vsmld9tt,Christian Calcano,W,2-1,1936.89,,,1953.8,1935.49,-18.31
4015080,11,draft,29,p2kk3rf1,"von Stange, Alexander",smlqb2ut,Arne Huschenbeth,W,2-0,1957.06,,,2254.75,2231.48,-23.27
4015145,11,draft,94,prbfum6i,"D'Souza, Kenith",th5ocm0o,Hiroki Kageyama,W,2-1,1918.33,,,1929.92,1911.71,-18.21
4015070,11,draft,19,pv9ckf8c,Eli Swafford,wo0ujj9p,Valerie Jade,L,1-2,1978.54,1961.5,-17.04,2031.19,2048.23,17.04
4015113,11,draft,62,s7cmhif5,Neilson Zhang,vthtszcf,Jason Reid,W,2-1,1820.19,1839.25,19.06,1878.24,1859.18,-19.06
4015053,11,draft,2,s80aw6v9,"Offman, Noe",zz14clya,Nathan Steuer,L,1-2,2064.09,,,2113.07,2130.18,17.11
4015074,11,draft,23,sbxfa2dv,Atsuya Okuno,xd98dyts,"Wong, Charles",W,2-1,1864.57,1885.91,21.34,2049.43,,
4015096,11,draft,45,spi8ybx3,Corey Burkhart,zagotcbk,Pierre Smith,L,0-2,2053.74,2033.78,-19.96,1945.73,1965.69,19.96
4015128,11,draft,77,swqf5brq,Jack Potter,wrr61zbv,Christoffer Larsen,L,0-2,1988.17,1975.0,-13.17,2259.12,2272.3,13.18
4015067,11,draft,16,vvqk8ugq,Dylan Nollen,wum7k15v,"Astrand, David",W,2-1,1994.71,2007.45,12.74,1697.98,,
4015115,11,draft,64,ympa2ttn,Davor Detecnik,z6r4p2ce,Javier Dominguez,D,1-1,2059.04,2059.35,0.31,2076.02,2075.71,-0.31
4015232,12,standard,79,0qivecmh,"Martin, Adria",zzta7cxz,Ryan Gassaway,W,2-0,1973.59,,,1772.31,1757.94,-14.37
4015254,12,standard,101,0scosskv,Matheus Crusius,hlwt81oy,Eli Kassis,L,0-2,1816.26,1803.03,-13.23,2083.76,2096.99,13.23
4015203,12,standard,50,0uqxbitj,Takeshi Ozawa,cs0qj8ny,Brennan Roy,L,0-2,1977.62,1959.26,-18.36,1957.9,1976.26,18.36
4015225,12,standard,72,10bptxxv,Aras Senyuz,t05l3sme,Yuya Hosokawa,L,1-2,1855.0,1837.8,-17.2,1898.91,1916.11,17.2
4015158,12,standard,5,12p06h4s,Shota Yasooka,yaomdkss,Wentong Zhang,L,0-2,2097.02,2074.79,-22.23,1860.54,1882.78,22.24
4015210,12,standard,57,14bbh8fs,Raul Porojan,prbfum6i,"D'Souza, Kenith",W,2-1,1868.6,1887.84,19.24,1936.54,,
4015159,12,standard,6,1mghnbu5,Mateo Ferreira,oo822yog,Paul Green,W,2-1,2037.8,2058.4,20.6,2181.18,2160.58,-20.6
4015204,12,standard,51,1mgu2l1k,Adam Edelson,br2ww8kq,Jack Yudt,W,2-1,2085.11,2098.35,13.24,1817.75,1804.51,-13.24
4015201,12,standard,48,1yfv22vg,Muhan Yu,w8ibxhmk,"Byrd, Michael",W,2-1,2029.76,2047.15,17.39,1996.51,,
4015217,12,standard,64,222vn7x7,Christian Baker,3m2v9pq5,Shuhei Nakamura,L,0-2,1869.95,1854.74,-15.21,2023.97,2039.19,15.22
4015234,12,standard,81,282fp22n,"Inglis, David [USA]",axfogvl6,Marc Peral,W,2-1,1988.44,,,1980.31,1962.46,-17.85
4015240,12,standard,87,2adkhpoc,Vincent Choy,rq45xp25,"Bertram, Timo",W,2-1,1706.12,1727.76,21.64,1908.36,,
4015220,12,standard,67,2zm33fzl,Eleanor Dubreuil,vthtszcf,Jason Reid,L,1-2,1767.61,1751.27,-16.34,1859.18,1875.52,16.34
4015154,12,standard,1,336bqtu6,"Zhang, Rei",bf5gu0pd,Matt Nass,W,2-0,2148.58,,,2111.64,2094.32,-17.32
4015181,12,standard,28,37okj715,Lukas Schwendinger,o8jo73e1,Collins Mullen,L,1-2,1890.55,1875.78,-14.77,2069.81,2084.58,14.77
4015165,12,standard,12,38q7bl47,Alex Rohan,nhhe1pi1,Matthew Oomkes,L,1-2,2131.82,2110.29,-21.53,1935.84,1957.37,21.53
4015211,12,standard,58,3ayzk61f,Devon Straub,kphgot73,Brendan Hsu,W,2-1,2007.87,2023.12,15.25,1855.93,1840.68,-15.25
4015209,12,standard,56,3l0vbst8,Thirawat Chaovarindr,myahi6h7,Eduardo Sajgalik,W,2-1,1936.73,1958.21,21.48,2130.26,2108.77,-21.49
4015224,12,standard,71,3tkaanb4,Luis Gobern,l0nqx8nx,"Jones, Ben",L,0-2,1938.35,1922.92,-15.43,2080.25,,
4015219,12,standard,66,42r3xhem,Mae French,mkq0xzy4,Masahide Moriyama,W,2-1,2018.61,2037.1,18.49,2045.23,2026.74,-18.49
4015171,12,standard,18,4a8umq19,Will Krueger,5h9pep1a,Jacob Mitchell-Rabaey,L,0-2,2122.51,2102.18,-20.33,1993.67,2014.01,20.34
4015162,12,standard,9,4i2wz2go,Edgar Magalhaes,dq87d9e6,"Bossaneli Araujo, William",W,2-0,2028.72,2048.38,19.66,2120.16,,
4015215,12,standard,62,56cr0qb6,Yi Yang,z2s366ev,Anthony Cuello,W,2-1,1974.18,1991.35,17.17,1928.72,1911.55,-17.17
4015228,12,standard,75,5ef0632t,Steve Gan,fywsbcwb,Julius Fan,W,2-0,2009.64,2027.56,17.92,2005.28,1987.36,-17.92
4015183,12,standard,30,5hec4ugr,"Morales Macaya, Nicolas",smlqb2ut,Arne Huschenbeth,L,1-2,1747.53,,,2231.48,2241.29,9.81
4015177,12,standard,24,5nc9un5m,Robin Courtiat,k3z2odw0,Daniel Goetschel,W,2-0,1873.08,1895.77,22.69,2135.81,2113.13,-22.68
4015175,12,standard,22,5nzvn1j4,Toru Inoue,rj1n7oj4,Joshua Willis,W,2-0,1959.19,1979.42,20.23,2082.3,2062.07,-20.23
4015252,12,standard,99,6arhq0t8,"Ma, Noah",9r2o9fib,Prez Kuhnke,W,2-0,1939.15,,,1771.45,1756.48,-14.97
4015216,12,standard,63,6vh8n9gw,"Higgins, Evan [USA]",apxu0evx,Oliver Coffey,L,1-2,1841.87,,,1854.48,1872.25,17.77
4015199,12,standard,46,75uworlu,Xinrong Chen,ympa2ttn,Davor Detecnik,W,2-1,1872.96,1894.32,21.36,2059.35,2037.99,-21.36
4015178,12,standard,25,7ccbrp4c,Etai Kurtzman,v5debkjw,"Queralt Garriga, Albert",W,2-0,2054.05,2069.35,15.3,1905.13,,
4015195,12,standard,42,7r07ic8h,Maciej Jezyna,ycxedwh1,"DeBenedetto-Plummer, Michael",L,0-2,1835.77,1822.78,-12.99,2117.87,,
4015239,12,standard,86,7wvvj689,Mitchell Tamblyn,bgw70171,Arch Dota,W,2-1,2041.48,2059.69,18.21,2053.07,2034.86,-18.21
4015184,12,standard,31,7yb1fq4i,Mikey Bishara,grqo9am2,"De Gaetano, Carlo",W,2-0,1996.73,2010.91,14.18,1783.76,,
4015223,12,standard,70,7zo943oe,Yang Chen,oz33n7wy,"Stark, Ben S",L,1-2,1964.59,1946.42,-18.17,1955.2,,
4015156,12,standard,3,81xkae72,Nam Dang,9q7jr5pf,Thierry Ramboa,L,0-2,2112.45,2094.64,-17.81,2122.83,2140.64,17.81
4015198,12,standard,45,8qvy0oha,Masakuni Hamaguchi,z6r4p2ce,Javier Dominguez,L,1-2,1946.36,1930.7,-15.66,2075.71,2091.36,15.65
4015236,12,standard,83,8r8ub5ts,Koki Hara,spi8ybx3,Corey Burkhart,W,2-0,1898.11,1918.57,20.46,2033.78,2013.32,-20.46
4015179,12,standard,26,8snu2urd,Jack Young,aoprdgnv,Mike Boulinguiez,W,2-0,1873.82,1890.29,16.47,1789.35,1772.88,-16.47
4015235,12,standard,82,8uemg873,Ryan Condon,ioxsup46,Suorsa Miitri,W,2-1,2024.64,2037.0,12.36,1704.73,1692.37,-12.36
4015174,12,standard,21,8yk0ficp,"Mora Romero, Alejandro",oqgf796b,Mattia Rizzi,L,1-2,1942.04,,,2064.97,2080.74,15.77
4015238,12,standard,85,8ymwtvpk,Chang Zheng,th5ocm0o,Hiroki Kageyama,L,1-2,1756.9,1741.71,-15.19,1911.71,1926.91,15.2
4015226,12,standard,73,9am8loyq,Reid Duke,tuti7rxn,Oliver Tomajko,L,0-2,2163.87,2144.24,-19.63,2074.54,2094.16,19.62
4015168,12,standard,15,9ciliata,Bryan Rockenbach,m46p08w0,"Santos Esquici, Victor",W,2-0,2046.36,2064.92,18.56,2076.79,,
4015187,12,standard,34,9e2i11mk,Kye Nelson,awrwen4n,Rick Hup Beng Lee,L,0-2,2003.13,1984.68,-18.45,1978.47,1996.92,18.45
4015173,12,standard,20,a1zp0k3i,Quinn Tonole,mntoqmss,Kazutaka Oya,W,2-1,2020.47,2038.31,17.84,2011.37,1993.54,-17.83
4015229,12,standard,76,a6c0a5by,Haven Gilbert-Avila,k5r20pva,Allen Wu,L,0-2,1935.49,1920.2,-15.29,2084.96,2100.26,15.3
4015227,12,standard,74,ao7gqd8u,Nicholas Odenheimer,kzchygxr,Andrew Kidston,L,1-2,1993.6,1976.95,-16.65,2067.41,2084.06,16.65
4015200,12,standard,47,b1soc7vy,Masashiro Kuroda,xd98dyts,"Wong, Charles",L,0-2,1963.71,1946.89,-16.82,2028.1,,
4015164,12,standard,11,bchw2dah,"Kane, Liam",o6gkw2bt,Shi Tian Lee,W,2-1,1992.23,,,1938.37,1921.35,-17.02
4015233,12,standard,80,bmxlpfb0,"Xu, Matt",w1j40t2k,Pedro Flores,W,2-1,1909.52,,,1840.98,1824.23,-16.75
4015189,12,standard,36,bpk5fpjt,Guglielmo Lupi,zciwnzo6,Yuchen Liu,L,0-2,2158.2,2137.71,-20.49,2020.93,2041.42,20.49
4015251,12,standard,98,c3ei1s37,Xiangjun Dai,cfr12lns,Valentin Orru,L,1-2,1758.26,1738.37,-19.89,1654.79,1674.67,19.88
4015218,12,standard,65,c5kmg86w,Lorenzo Terlizzi,ieteb820,Alex Friedrichsen,L,1-2,2080.34,2060.62,-19.72,1985.64,2005.36,19.72
4015237,12,standard,84,chgnyz2i,Nick Deriu,k32x6elu,Yuuki Ichikawa,W,2-1,1902.25,1920.7,18.45,1927.03,1908.58,-18.45
4015182,12,standard,29,coibjxuk,Nathan Kirner,e9kksekk,Mike Sigrist,L,1-2,1918.52,1902.47,-16.05,2025.84,2041.89,16.05
4015191,12,standard,38,cxtr7uuw,Josep Sanfeliu,l4x45emr,Tristan Wylde-LaRue,W,2-0,2003.99,2022.1,18.11,2009.97,1991.86,-18.11
4015176,12,standard,23,ddeejmn8,John Wager,sbxfa2dv,Atsuya Okuno,W,2-0,1987.29,2003.45,16.16,1885.91,1869.75,-16.16
4015212,12,standard,59,deuz9pk5,Ryan Normandin,ud8xjwt9,Ryan Brozovich,L,1-2,1894.89,1878.12,-16.77,1961.96,1978.74,16.78
4015222,12,standard,69,e0kgwg90,Elliot Fortier,qtkpoy98,Mason Buonadonna,W,2-0,1889.55,1909.88,20.33,2017.88,1997.55,-20.33
4015192,12,standard,39,e9qoi8nt,Alexey Paulot,wo0ujj9p,Valerie Jade,W,2-0,2171.09,2186.86,15.77,2048.23,2032.46,-15.77
4015205,12,standard,52,ewiiryln,Max Rappaport,wum7k15v,"Astrand, David",L,1-2,1952.28,1929.52,-22.76,1685.24,,
4015208,12,standard,55,f21zrfi5,"Garcia Gonzalez, Sergio",wgwxf3od,Yimin Zhi,L,1-2,2001.29,,,1954.58,1973.43,18.85
4015207,12,standard,54,feqlbxuy,"Kaluzny, Matyas",mlphz36k,Gregorio Galeotti,W,2-1,1858.35,,,1719.63,1704.15,-15.48
4015185,12,standard,32,fsia37fx,Richard Nealston,ua41p3kc,Nicholas Talbot,L,0-2,1834.01,1818.5,-15.51,1971.32,1986.83,15.51
4015202,12,standard,49,fsw9mgvs,Luis Salvatto,swz4omjg,Antonin Branis,L,0-2,2169.76,2146.97,-22.79,1900.56,1923.35,22.79
4015253,12,standard,100,fuoyfsmc,Junichi Adachi,wtntvl5l,Yoshitaka Yamasaki,L,1-2,1589.47,1573.74,-15.73,1715.07,1730.79,15.72
4015161,12,standard,8,g7umra42,Ian Robb,qmwpvgrb,"Kikidis, Charalampos",L,1-2,1930.9,1916.49,-14.41,2130.72,,
4015155,12,standard,2,gag1uiw8,Maxx Kominowski,zz14clya,Nathan Steuer,W,2-1,2220.03,2236.39,16.36,2130.18,2113.81,-16.37
4015241,12,standard,88,gam2tsv8,Cyprien Tron,oul159pu,Marco Cammilluzzi,W,2-1,2030.14,2047.72,17.58,2007.25,1989.66,-17.59
4015214,12,standard,61,gln77x5p,Samuel Pardee,vxgk5lbd,Kenta Masukado,L,0-2,2157.35,2136.79,-20.56,2015.95,2036.51,20.56
4015245,12,standard,92,h28ep1ds,Adam Brace,mvh6e9tq,Vasilios Morikis,L,0-2,2007.49,1987.33,-20.16,1888.41,1908.57,20.16
4015213,12,standard,60,hcpoppa2,"Flynn, Zach",qrilo72j,Kellen Pastore,L,0-2,1888.06,,,2080.86,2095.39,14.53
4015167,12,standard,14,hj5ztc7w,Huaxing Bai,y04pdtin,Chris Kral,L,1-2,2099.78,2081.63,-18.15,2091.81,2109.95,18.14
4015166,12,standard,13,hmkukxn7,George Berrett,oa3ioxca,Andy Garcia-Romo,L,1-2,1862.69,1850.54,-12.15,2195.33,2207.48,12.15
4015194,12,standard,41,ho41rzpc,Patricio Roman,xx1j61dt,"Medeiros Merjam, Guilherme",W,2-1,1948.25,1967.67,19.42,2025.97,,
4015186,12,standard,33,hwih6mgh,Jean-Emmanuel Depraz,yvw9nn4r,Toni Martos,W,2-0,2135.46,2151.76,16.3,2041.93,2025.63,-16.3
4015246,12,standard,93,i2dp3ubf,Atsushi Nakashima,lekird68,Jonathan Melamed,L,1-2,1844.58,1828.6,-15.98,1955.66,1971.64,15.98
4015172,12,standard,19,ifvgu0a3,Matthew Wright,swqf5brq,Jack Potter,L,1-2,2119.21,2098.6,-20.61,1975.0,1995.61,20.61
4015230,12,standard,77,iqk1hqx5,Gavin Meagher,ut9cb8sw,Rafael Marin,L,0-2,1958.06,1935.68,-22.38,1713.02,1735.41,22.39
4015190,12,standard,37,j9ruocra,Gavin Perry,ji0rj273,Dylan Pratt,W,2-1,2013.11,2028.36,15.25,1861.44,1846.18,-15.26
4015180,12,standard,27,jn5kno9m,Ryan Mullens,ney4ym60,"Walker, Austin",W,2-1,2115.56,2128.47,12.91,1828.47,,
4015206,12,standard,53,jpoffa9k,"Benito, Jaime",rqhrdoas,Charles Eliatamby,L,0-2,1933.36,,,1975.52,1992.76,17.24
4015247,12,standard,94,kyrvj5j9,Edgar Baumler,ucdcy25j,Marcus Wosner,L,1-2,1750.63,1736.27,-14.36,1952.74,1967.1,14.36
4015197,12,standard,44,mybfhhle,Jon Beitler,s7cmhif5,Neilson Zhang,W,2-0,1773.4,1792.6,19.2,1839.25,1820.05,-19.2
4015160,12,standard,7,o4d4yzce,Abe Schnake,ulticqxp,Anthony Lee,L,1-2,2080.5,2059.35,-21.15,1905.87,1927.02,21.15
4015221,12,standard,68,og21dc58,Kenneth Oswald,zagotcbk,Pierre Smith,L,1-2,1842.74,1826.97,-15.77,1965.69,1981.46,15.77
4015193,12,standard,40,oijetp3y,Bernardo Torres,vvqk8ugq,Dylan Nollen,W,2-0,1982.07,2000.54,18.47,2007.45,1988.99,-18.46
4015242,12,standard,89,or2i5kf0,Evan Vetter,u8zb1g86,Victor Hawkins,W,2-1,1943.62,1961.93,18.31,1960.55,1942.24,-18.31
4015170,12,standard,17,p2kk3rf1,"von Stange, Alexander",p6sxs8jn,Maxime Rayvich,W,2-1,1980.34,,,1938.13,1920.9,-17.23
4015157,12,standard,4,pifyvicd,"Schuetz, Stefan",ypvuccra,Daniel Weiss,W,2-0,2164.79,,,1848.16,1835.75,-12.41
4015231,12,standard,78,pley1pk6,Julien Henry,w2mq3pye,Andrew Cuneo,L,1-2,1972.01,1952.55,-19.46,1891.98,1911.43,19.45
4015244,12,standard,91,pv9ckf8c,Eli Swafford,vsmld9tt,Christian Calcano,W,2-0,1961.5,1979.02,17.52,1935.49,1917.96,-17.53
4015196,12,standard,43,swh1olqe,"Verdierre, Gaetan",ttx6udui,Akira Shibata,L,0-2,1879.81,,,2098.53,2112.6,14.07
4015250,12,standard,97,upnklhaj,Aidan Mirabelli,x1s81611,Andrew Elenbogen,L,0-2,2071.79,2052.76,-19.03,2015.05,2034.08,19.03
4015169,12,standard,16,wrr61zbv,Christoffer Larsen,ydosmtui,Zevin Faust,W,2-1,2272.3,2287.77,15.47,2132.42,2116.95,-15.47
4015188,12,standard,35,y5dm09fs,Tyson Roylance,z184xrwz,Nathan Hu,L,1-2,1808.11,1789.36,-18.75,1766.72,1785.47,18.75
4015354,13,standard,100,0scosskv,Matheus Crusius,9r2o9fib,Prez Kuhnke,W,2-1,1803.03,1820.18,17.15,1756.48,1739.33,-17.15
4015333,13,standard,79,0uqxbitj,Takeshi Ozawa,hioy7ydm,"Harvey, Clement",L,0-2,1959.26,1938.03,-21.23,1780.12,,
4015319,13,standard,65,10bptxxv,Aras Senyuz,9cdybzxw,"Blondiaux, Timothee",L,0-2,1837.8,1820.2,-17.6,1859.85,,
4015265,13,standard,11,12p06h4s,Shota Yasooka,ypvuccra,Daniel Weiss,W,2-1,2074.79,2088.51,13.72,1835.75,1822.03,-13.72
4015311,13,standard,57,14bbh8fs,Raul Porojan,ji0rj273,Dylan Pratt,W,2-1,1887.84,1905.08,17.24,1846.18,1828.94,-17.24
4015258,13,standard,4,1mghnbu5,Mateo Ferreira,bchw2dah,"Kane, Liam",L,1-2,2058.4,2039.5,-18.9,2009.25,,
4015291,13,standard,37,1mgu2l1k,Adam Edelson,zagotcbk,Pierre Smith,L,0-2,2098.35,2078.23,-20.12,1981.46,2001.58,20.12
4015302,13,standard,48,1yfv22vg,Muhan Yu,7r07ic8h,Maciej Jezyna,L,1-2,2047.15,2025.13,-22.02,1822.78,1844.8,22.02
4015334,13,standard,80,222vn7x7,Christian Baker,w2mq3pye,Andrew Cuneo,L,0-2,1854.74,1837.77,-16.97,1911.43,1928.4,16.97
4015321,13,standard,67,282fp22n,"Inglis, David [USA]",pv9ckf8c,Eli Swafford,W,2-0,2006.29,,,1979.02,1961.52,-17.5
4015352,13,standard,98,2adkhpoc,Vincent Choy,2pjv6j9n,"Del Pivo, Marco",L,0-2,1727.76,1714.2,-13.56,1976.28,,
4015327,13,standard,73,2zm33fzl,Eleanor Dubreuil,8uemg873,Ryan Condon,W,2-0,1751.27,1774.34,23.07,2037.0,2013.93,-23.07
4015295,13,standard,41,37okj715,Lukas Schwendinger,fsia37fx,Richard Nealston,L,0-2,1875.78,1856.74,-19.04,1818.5,1837.54,19.04
4015281,13,standard,27,38q7bl47,Alex Rohan,hj5ztc7w,Huaxing Bai,W,2-1,2110.29,2127.77,17.48,2081.63,2064.16,-17.47
4015304,13,standard,50,3ayzk61f,Devon Straub,ney4ym60,"Walker, Austin",W,2-1,2023.12,2037.38,14.26,1815.57,,
4015300,13,standard,46,3l0vbst8,Thirawat Chaovarindr,rqhrdoas,Charles Eliatamby,L,0-2,1958.21,1940.84,-17.37,1992.76,2010.13,17.37
4015305,13,standard,51,3m2v9pq5,Shuhei Nakamura,cs0qj8ny,Brennan Roy,W,2-0,2039.19,2056.04,16.85,1976.26,1959.41,-16.85
4015325,13,standard,71,3tkaanb4,Luis Gobern,fywsbcwb,Julius Fan,W,2-0,1922.92,1942.1,19.18,1987.36,1968.19,-19.17
4015299,13,standard,45,42r3xhem,Mae French,v5debkjw,"Queralt Garriga, Albert",L,1-2,2037.1,2016.43,-20.67,1889.83,,
4015276,13,standard,22,4a8umq19,Will Krueger,cxtr7uuw,Josep Sanfeliu,L,1-2,2102.18,2082.72,-19.46,2022.1,2041.56,19.46
4015261,13,standard,7,4i2wz2go,Edgar Magalhaes,9ciliata,Bryan Rockenbach,W,2-1,2048.38,2066.68,18.3,2064.92,2046.62,-18.3
4015303,13,standard,49,56cr0qb6,Yi Yang,swz4omjg,Antonin Branis,W,2-1,1991.35,2008.11,16.76,1923.35,1906.59,-16.76
4015309,13,standard,55,5ef0632t,Steve Gan,wo0ujj9p,Valerie Jade,W,2-0,2027.56,2045.65,18.09,2032.46,2014.37,-18.09
4015266,13,standard,12,5h9pep1a,Jacob Mitchell-Rabaey,swqf5brq,Jack Potter,W,2-0,2014.01,2031.67,17.66,1995.61,1977.94,-17.67
4015289,13,standard,35,5hec4ugr,"Morales Macaya, Nicolas",ud8xjwt9,Ryan Brozovich,W,2-1,1737.72,,,1978.74,1956.43,-22.31
4015273,13,standard,19,5nc9un5m,Robin Courtiat,g7umra42,Ian Robb,L,1-2,1895.77,1878.14,-17.63,1916.49,1934.12,17.63
4015284,13,standard,30,5nzvn1j4,Toru Inoue,ycxedwh1,"DeBenedetto-Plummer, Michael",W,2-0,1979.42,2000.16,20.74,2130.86,,
4015351,13,standard,97,6arhq0t8,"Ma, Noah",spi8ybx3,Corey Burkhart,L,1-2,1954.11,,,2013.32,2030.24,16.92
4015337,13,standard,83,6vh8n9gw,"Higgins, Evan [USA]",a6c0a5by,Haven Gilbert-Avila,W,2-1,1824.1,,,1920.2,1900.45,-19.75
4015285,13,standard,31,75uworlu,Xinrong Chen,hwih6mgh,Jean-Emmanuel Depraz,W,2-1,1894.32,1916.91,22.59,2151.76,2129.17,-22.59
4015280,13,standard,26,7ccbrp4c,Etai Kurtzman,m46p08w0,"Santos Esquici, Victor",W,2-0,2069.35,2087.15,17.8,2058.24,,
4015318,13,standard,64,7wvvj689,Mitchell Tamblyn,iqk1hqx5,Gavin Meagher,L,0-2,2059.69,2039.44,-20.25,1935.68,1955.93,20.25
4015275,13,standard,21,7yb1fq4i,Mikey Bishara,ydosmtui,Zevin Faust,L,0-2,2010.91,1994.84,-16.07,2116.95,2133.03,16.08
4015326,13,standard,72,7zo943oe,Yang Chen,gam2tsv8,Cyprien Tron,W,2-1,1946.42,1966.26,19.84,2047.72,2027.88,-19.84
4015263,13,standard,9,81xkae72,Nam Dang,aad50tcz,"Stefans, Matthew",L,1-2,2094.64,2071.71,-22.93,1817.73,,
4015315,13,standard,61,8qvy0oha,Masakuni Hamaguchi,kphgot73,Brendan Hsu,W,2-0,1930.7,1947.07,16.37,1840.68,1824.32,-16.36
4015317,13,standard,63,8r8ub5ts,Koki Hara,deuz9pk5,Ryan Normandin,W,2-0,1918.57,1935.84,17.27,1878.12,1860.85,-17.27
4015269,13,standard,15,8snu2urd,Jack Young,e9kksekk,Mike Sigrist,L,0-2,1890.29,1875.03,-15.26,2041.89,2057.15,15.26
4015294,13,standard,40,8yk0ficp,"Mora Romero, Alejandro",qrilo72j,Kellen Pastore,W,2-1,1926.27,,,2095.39,2074.33,-21.06
4015348,13,standard,94,8ymwtvpk,Chang Zheng,oul159pu,Marco Cammilluzzi,L,0-2,1741.71,1728.14,-13.57,1989.66,2003.23,13.57
4015341,13,standard,87,9am8loyq,Reid Duke,cfr12lns,Valentin Orru,L,0-2,2144.24,2118.27,-25.97,1674.67,1700.64,25.97
4015287,13,standard,33,9e2i11mk,Kye Nelson,rj1n7oj4,Joshua Willis,L,0-2,1984.68,1968.09,-16.59,2062.07,2078.66,16.59
4015257,13,standard,3,9q7jr5pf,Thierry Ramboa,gag1uiw8,Maxx Kominowski,L,1-2,2140.64,2124.38,-16.26,2236.39,2252.65,16.26
4015268,13,standard,14,a1zp0k3i,Quinn Tonole,o4d4yzce,Abe Schnake,L,1-2,2038.31,2020.69,-17.62,2059.35,2076.97,17.62
4015330,13,standard,76,ao7gqd8u,Nicholas Odenheimer,x1s81611,Andrew Elenbogen,W,2-1,1976.95,1995.99,19.04,2034.08,2015.04,-19.04
4015312,13,standard,58,aoprdgnv,Mike Boulinguiez,mntoqmss,Kazutaka Oya,L,0-2,1772.88,1758.84,-14.04,1993.54,2007.58,14.04
4015293,13,standard,39,apxu0evx,Oliver Coffey,feqlbxuy,"Kaluzny, Matyas",L,0-2,1872.25,1854.28,-17.97,1873.83,,
4015278,13,standard,24,awrwen4n,Rick Hup Beng Lee,o8jo73e1,Collins Mullen,W,2-0,1996.92,2016.52,19.6,2084.58,2064.98,-19.6
4015347,13,standard,93,axfogvl6,Marc Peral,bgw70171,Arch Dota,W,2-0,1962.46,1981.78,19.32,2034.86,2015.54,-19.32
4015339,13,standard,85,b1soc7vy,Masashiro Kuroda,og21dc58,Kenneth Oswald,L,0-2,1946.89,1926.71,-20.18,1826.97,1847.15,20.18
4015256,13,standard,2,bf5gu0pd,Matt Nass,zz14clya,Nathan Steuer,W,2-1,2094.32,2112.67,18.35,2113.81,2095.46,-18.35
4015332,13,standard,78,bmxlpfb0,"Xu, Matt",br2ww8kq,Jack Yudt,W,2-0,1926.27,,,1804.51,1788.72,-15.79
4015298,13,standard,44,bpk5fpjt,Guglielmo Lupi,y5dm09fs,Tyson Roylance,W,2-0,2137.71,2149.61,11.9,1789.36,1777.46,-11.9
4015355,13,standard,101,c3ei1s37,Xiangjun Dai,fuoyfsmc,Junichi Adachi,W,2-0,1738.37,1753.4,15.03,1573.74,1558.72,-15.02
4015340,13,standard,86,c5kmg86w,Lorenzo Terlizzi,ut9cb8sw,Rafael Marin,L,0-2,2060.62,2036.89,-23.73,1735.41,1759.13,23.72
4015328,13,standard,74,chgnyz2i,Nick Deriu,th5ocm0o,Hiroki Kageyama,W,2-1,1920.7,1938.82,18.12,1926.91,1908.8,-18.11
4015301,13,standard,47,coibjxuk,Nathan Kirner,l4x45emr,Tristan Wylde-LaRue,W,2-1,1902.47,1922.09,19.62,1991.86,1972.24,-19.62
4015277,13,standard,23,ddeejmn8,John Wager,s80aw6v9,"Offman, Noe",L,1-2,2003.45,1985.83,-17.62,2024.49,,
4015310,13,standard,56,e0kgwg90,Elliot Fortier,ieteb820,Alex Friedrichsen,W,2-0,1909.88,1929.62,19.74,2005.36,1985.62,-19.74
4015271,13,standard,17,e9qoi8nt,Alexey Paulot,oqgf796b,Mattia Rizzi,L,0-2,2186.86,2166.93,-19.93,2080.74,2100.67,19.93
4015342,13,standard,88,elxyz8tl,"Sanchez, Francisco",pley1pk6,Julien Henry,L,0-2,2165.72,,,1952.55,1974.38,21.83
4015322,13,standard,68,ewiiryln,Max Rappaport,sds7i9fy,"Fauquenoi, Noe",W,2-0,1929.52,1946.21,16.69,1857.88,,
4015335,13,standard,81,f21zrfi5,"Garcia Gonzalez, Sergio",ucdcy25j,Marcus Wosner,L,1-2,1982.43,,,1967.1,1985.38,18.28
4015316,13,standard,62,fsw9mgvs,Luis Salvatto,or2i5kf0,Evan Vetter,L,0-2,2146.97,2125.63,-21.34,1961.93,1983.27,21.34
4015336,13,standard,82,gln77x5p,Samuel Pardee,prbfum6i,"D'Souza, Kenith",W,2-0,2136.79,2150.85,14.06,1917.3,,
4015296,13,standard,42,grqo9am2,"De Gaetano, Carlo",vthtszcf,Jason Reid,W,2-0,1769.58,,,1875.52,1855.59,-19.93
4015350,13,standard,96,h28ep1ds,Adam Brace,i2dp3ubf,Atsushi Nakashima,W,2-1,1987.33,2002.45,15.12,1828.6,1813.47,-15.13
4015320,13,standard,66,hcpoppa2,"Flynn, Zach",mkq0xzy4,Masahide Moriyama,W,2-1,1873.53,,,2026.74,2005.97,-20.77
4015343,13,standard,89,hlwt81oy,Eli Kassis,vsmld9tt,Christian Calcano,W,2-1,2096.99,2111.76,14.77,1917.96,1903.19,-14.77
4015279,13,standard,25,hmkukxn7,George Berrett,j9ruocra,Gavin Perry,L,0-2,1850.54,1835.75,-14.79,2028.36,2043.15,14.79
4015270,13,standard,16,ho41rzpc,Patricio Roman,o6gkw2bt,Shi Tian Lee,W,2-0,1967.67,1984.82,17.15,1921.35,1904.2,-17.15
4015283,13,standard,29,ifvgu0a3,Matthew Wright,z184xrwz,Nathan Hu,W,2-1,2098.6,2111.07,12.47,1785.47,1773.0,-12.47
4015353,13,standard,99,ioxsup46,Suorsa Miitri,v89wl7jv,"Fernandez Torres, Alvaro",W,2-0,1692.37,1712.1,19.73,1787.77,,
4015282,13,standard,28,jn5kno9m,Ryan Mullens,zciwnzo6,Yuchen Liu,W,2-1,2128.47,2144.88,16.41,2041.42,2025.0,-16.42
4015344,13,standard,90,k32x6elu,Yuuki Ichikawa,u8zb1g86,Victor Hawkins,W,2-0,1908.58,1927.19,18.61,1942.24,1923.63,-18.61
4015307,13,standard,53,k3z2odw0,Daniel Goetschel,swh1olqe,"Verdierre, Gaetan",W,2-1,2113.13,2126.7,13.57,1865.73,,
4015288,13,standard,34,k5r20pva,Allen Wu,l0nqx8nx,"Jones, Ben",W,2-1,2100.26,2118.17,17.91,2095.67,,
4015349,13,standard,95,kyrvj5j9,Edgar Baumler,w1j40t2k,Pedro Flores,L,0-2,1736.27,1719.87,-16.4,1824.23,1840.63,16.4
4015313,13,standard,59,kzchygxr,Andrew Kidston,wgwxf3od,Yimin Zhi,W,2-1,2084.06,2100.05,15.99,1973.43,1957.44,-15.99
4015338,13,standard,84,lekird68,Jonathan Melamed,z2s366ev,Anthony Cuello,L,1-2,1971.64,1952.55,-19.09,1911.55,1930.64,19.09
4015329,13,standard,75,mlphz36k,Gregorio Galeotti,mvh6e9tq,Vasilios Morikis,W,2-0,1704.15,1725.82,21.67,1908.57,1886.89,-21.68
4015324,13,standard,70,myahi6h7,Eduardo Sajgalik,rq45xp25,"Bertram, Timo",W,2-1,2108.77,2122.79,14.02,1886.72,,
4015286,13,standard,32,mybfhhle,Jon Beitler,z6r4p2ce,Javier Dominguez,L,1-2,1792.6,1779.89,-12.71,2091.36,2104.07,12.71
4015262,13,standard,8,nhhe1pi1,Matthew Oomkes,yaomdkss,Wentong Zhang,L,1-2,1957.37,1938.01,-19.36,1882.78,1902.13,19.35
4015264,13,standard,10,oa3ioxca,Andy Garcia-Romo,wrr61zbv,Christoffer Larsen,L,1-2,2207.48,2190.94,-16.54,2287.77,2304.3,16.53
4015274,13,standard,20,oijetp3y,Bernardo Torres,p6sxs8jn,Maxime Rayvich,W,2-0,2000.54,2017.09,16.55,1920.9,1904.35,-16.55
4015267,13,standard,13,oo822yog,Paul Green,ttx6udui,Akira Shibata,W,2-1,2160.58,2177.71,17.13,2112.6,2095.48,-17.12
4015260,13,standard,6,p2kk3rf1,"von Stange, Alexander",ulticqxp,Anthony Lee,L,0-2,1997.57,,,1927.02,1946.3,19.28
4015259,13,standard,5,qmwpvgrb,"Kikidis, Charalampos",y04pdtin,Chris Kral,W,2-1,2145.12,,,2109.95,2092.59,-17.36
4015323,13,standard,69,qtkpoy98,Mason Buonadonna,w8ibxhmk,"Byrd, Michael",W,2-0,1997.55,2015.21,17.66,1979.11,,
4015292,13,standard,38,s7cmhif5,Neilson Zhang,yvw9nn4r,Toni Martos,L,1-2,1820.05,1805.75,-14.3,2025.63,2039.94,14.31
4015290,13,standard,36,sbxfa2dv,Atsuya Okuno,wum7k15v,"Astrand, David",L,1-2,1869.75,1848.82,-20.93,1707.99,,
4015272,13,standard,18,smlqb2ut,Arne Huschenbeth,ua41p3kc,Nicholas Talbot,L,1-2,2241.29,2218.75,-22.54,1986.83,2009.37,22.54
4015314,13,standard,60,t05l3sme,Yuya Hosokawa,ympa2ttn,Davor Detecnik,W,2-1,1916.11,1936.32,20.21,2037.99,2017.78,-20.21
4015308,13,standard,54,tuti7rxn,Oliver Tomajko,xx1j61dt,"Medeiros Merjam, Guilherme",L,1-2,2094.16,2074.57,-19.59,2006.56,,
4015346,13,standard,92,upnklhaj,Aidan Mirabelli,zzta7cxz,Ryan Gassaway,W,2-0,2052.76,2065.53,12.77,1757.94,1745.16,-12.78
4015345,13,standard,91,uuoqp9l7,Derrick Davis,wtntvl5l,Yoshitaka Yamasaki,W,2-1,2001.81,2014.98,13.17,1730.79,1717.61,-13.18
4015297,13,standard,43,vvqk8ugq,Dylan Nollen,vxgk5lbd,Kenta Masukado,L,0-2,1988.99,1971.85,-17.14,2036.51,2053.65,17.14
4015406,14,standard,51,0qivecmh,"Martin, Adria",ud8xjwt9,Ryan Brozovich,W,2-0,2004.66,,,1956.43,1939.31,-17.12
4015453,14,standard,98,0scosskv,Matheus Crusius,bgw70171,Arch Dota,W,2-0,1820.18,1841.7,21.52,2015.54,1994.02,-21.52
4015442,14,standard,87,0uqxbitj,Takeshi Ozawa,upnklhaj,Aidan Mirabelli,L,0-2,1938.03,1922.34,-15.69,2065.53,2081.22,15.69
4015436,14,standard,81,10bptxxv,Aras Senyuz,th5ocm0o,Hiroki Kageyama,L,1-2,1820.2,1803.81,-16.39,1908.8,1925.18,16.38
4015362,14,standard,7,12p06h4s,Shota Yasooka,aad50tcz,"Stefans, Matthew",L,1-2,2088.51,2066.08,-22.43,1840.65,,
4015388,14,standard,33,14bbh8fs,Raul Porojan,hj5ztc7w,Huaxing Bai,W,2-0,1905.08,1925.95,20.87,2064.16,2043.28,-20.88
4015364,14,standard,9,1mghnbu5,Mateo Ferreira,ypvuccra,Daniel Weiss,W,2-1,2039.5,2053.6,14.1,1822.03,1807.93,-14.1
4015413,14,standard,58,1mgu2l1k,Adam Edelson,chgnyz2i,Nick Deriu,L,1-2,2078.23,2057.7,-20.53,1938.82,1959.34,20.52
4015416,14,standard,61,1yfv22vg,Muhan Yu,42r3xhem,Mae French,L,0-2,2025.13,2006.97,-18.16,2016.43,2034.59,18.16
4015439,14,standard,84,222vn7x7,Christian Baker,jpoffa9k,"Benito, Jaime",W,2-1,1837.77,1856.9,19.13,1899.44,,
4015411,14,standard,56,282fp22n,"Inglis, David [USA]",w2mq3pye,Andrew Cuneo,W,2-0,2023.79,,,1928.4,1912.13,-16.27
4015433,14,standard,78,2adkhpoc,Vincent Choy,w8ibxhmk,"Byrd, Michael",L,1-2,1714.2,1700.62,-13.58,1961.45,,
4015443,14,standard,88,2pjv6j9n,"Del Pivo, Marco",mvh6e9tq,Vasilios Morikis,L,1-2,1989.84,,,1886.89,1906.77,19.88
4015405,14,standard,50,2zm33fzl,Eleanor Dubreuil,iqk1hqx5,Gavin Meagher,W,2-1,1774.34,1795.62,21.28,1955.93,1934.66,-21.27
4015423,14,standard,68,37okj715,Lukas Schwendinger,apxu0evx,Oliver Coffey,W,2-0,1856.74,1874.69,17.95,1854.28,1836.32,-17.96
4015363,14,standard,8,38q7bl47,Alex Rohan,ua41p3kc,Nicholas Talbot,W,2-1,2127.77,2143.62,15.85,2009.37,1993.52,-15.85
4015390,14,standard,35,3ayzk61f,Devon Straub,xx1j61dt,"Medeiros Merjam, Guilherme",W,2-0,2037.38,2055.18,17.8,2026.15,,
4015414,14,standard,59,3l0vbst8,Thirawat Chaovarindr,sbxfa2dv,Atsuya Okuno,L,0-2,1940.84,1921.17,-19.67,1848.82,1868.5,19.68
4015378,14,standard,23,3m2v9pq5,Shuhei Nakamura,smlqb2ut,Arne Huschenbeth,L,0-2,2056.04,2040.98,-15.06,2218.75,2233.81,15.06
4015426,14,standard,71,3tkaanb4,Luis Gobern,swh1olqe,"Verdierre, Gaetan",L,1-2,1942.1,1922.46,-19.64,1852.15,,
4015393,14,standard,38,4a8umq19,Will Krueger,bpk5fpjt,Guglielmo Lupi,W,2-1,2082.72,2101.94,19.22,2149.61,2130.39,-19.22
4015361,14,standard,6,4i2wz2go,Edgar Magalhaes,bchw2dah,"Kane, Liam",W,2-1,2066.68,2083.98,17.3,2028.15,,
4015392,14,standard,37,56cr0qb6,Yi Yang,ttx6udui,Akira Shibata,W,2-0,2008.11,2027.7,19.59,2095.48,2075.89,-19.59
4015397,14,standard,42,5ef0632t,Steve Gan,v5debkjw,"Queralt Garriga, Albert",W,2-0,2045.65,2061.2,15.55,1910.49,,
4015360,14,standard,5,5h9pep1a,Jacob Mitchell-Rabaey,pifyvicd,"Schuetz, Stefan",L,0-2,2031.67,2015.98,-15.69,2159.0,,
4015377,14,standard,22,5hec4ugr,"Morales Macaya, Nicolas",z6r4p2ce,Javier Dominguez,L,0-2,1760.03,,,2104.07,2116.04,11.97
4015380,14,standard,25,5nc9un5m,Robin Courtiat,k5r20pva,Allen Wu,W,2-0,1878.14,1900.44,22.3,2118.17,2095.88,-22.29
4015372,14,standard,17,5nzvn1j4,Toru Inoue,cxtr7uuw,Josep Sanfeliu,W,2-1,2000.16,2018.92,18.76,2041.56,2022.8,-18.76
4015448,14,standard,93,6arhq0t8,"Ma, Noah",wtntvl5l,Yoshitaka Yamasaki,W,2-0,1937.19,,,1717.61,1703.55,-14.06
4015376,14,standard,21,75uworlu,Xinrong Chen,swqf5brq,Jack Potter,W,2-0,1916.91,1936.02,19.11,1977.94,1958.83,-19.11
4015373,14,standard,18,7ccbrp4c,Etai Kurtzman,ydosmtui,Zevin Faust,L,0-2,2087.15,2069.98,-17.17,2133.03,2150.19,17.16
4015400,14,standard,45,7r07ic8h,Maciej Jezyna,z184xrwz,Nathan Hu,L,0-2,1844.8,1825.49,-19.31,1773.0,1792.31,19.31
4015385,14,standard,30,7yb1fq4i,Mikey Bishara,wum7k15v,"Astrand, David",L,1-2,1994.84,1972.1,-22.74,1728.92,,
4015417,14,standard,62,7zo943oe,Yang Chen,ut9cb8sw,Rafael Marin,W,2-1,1966.26,1980.54,14.28,1759.13,1744.86,-14.27
4015367,14,standard,12,81xkae72,Nam Dang,j9ruocra,Gavin Perry,W,2-1,2071.71,2089.19,17.48,2043.15,2025.67,-17.48
4015401,14,standard,46,8qvy0oha,Masakuni Hamaguchi,mybfhhle,Jon Beitler,W,2-0,1947.07,1962.04,14.97,1779.89,1764.91,-14.98
4015408,14,standard,53,8r8ub5ts,Koki Hara,hioy7ydm,"Harvey, Clement",W,2-0,1935.84,1951.4,15.56,1801.35,,
4015383,14,standard,28,8snu2urd,Jack Young,o6gkw2bt,Shi Tian Lee,W,2-0,1875.03,1893.56,18.53,1904.2,1885.67,-18.53
4015440,14,standard,85,8uemg873,Ryan Condon,f21zrfi5,"Garcia Gonzalez, Sergio",W,2-0,2013.93,2031.02,17.09,1964.15,,
4015395,14,standard,40,8yk0ficp,"Mora Romero, Alejandro",ddeejmn8,John Wager,L,0-2,1947.32,,,1985.83,2003.13,17.3
4015449,14,standard,94,8ymwtvpk,Chang Zheng,v89wl7jv,"Fernandez Torres, Alvaro",W,2-0,1728.14,1746.86,18.72,1768.03,,
4015431,14,standard,76,9am8loyq,Reid Duke,w1j40t2k,Pedro Flores,W,2-1,2118.27,2131.33,13.06,1840.63,1827.57,-13.06
4015415,14,standard,60,9cdybzxw,"Blondiaux, Timothee",vthtszcf,Jason Reid,W,2-1,1877.45,,,1855.59,1837.99,-17.6
4015374,14,standard,19,9ciliata,Bryan Rockenbach,o4d4yzce,Abe Schnake,W,2-1,2046.62,2065.17,18.55,2076.97,2058.41,-18.56
4015403,14,standard,48,9e2i11mk,Kye Nelson,or2i5kf0,Evan Vetter,L,1-2,1968.09,1950.37,-17.72,1983.27,2000.99,17.72
4015359,14,standard,4,9q7jr5pf,Thierry Ramboa,ulticqxp,Anthony Lee,W,2-1,2124.38,2139.17,14.79,1946.3,1931.52,-14.78
4015399,14,standard,44,a1zp0k3i,Quinn Tonole,t05l3sme,Yuya Hosokawa,W,2-0,2020.69,2037.15,16.46,1936.32,1919.85,-16.47
4015447,14,standard,92,a6c0a5by,Haven Gilbert-Avila,spi8ybx3,Corey Burkhart,L,1-2,1900.45,1884.8,-15.65,2030.24,2045.88,15.64
4015418,14,standard,63,ao7gqd8u,Nicholas Odenheimer,og21dc58,Kenneth Oswald,W,2-0,1995.99,2011.29,15.3,1847.15,1831.85,-15.3
4015424,14,standard,69,aoprdgnv,Mike Boulinguiez,l4x45emr,Tristan Wylde-LaRue,L,1-2,1758.84,1744.68,-14.16,1972.24,1986.4,14.16
4015365,14,standard,10,awrwen4n,Rick Hup Beng Lee,ifvgu0a3,Matthew Wright,W,2-0,2016.52,2036.24,19.72,2111.07,2091.35,-19.72
4015441,14,standard,86,axfogvl6,Marc Peral,uuoqp9l7,Derrick Davis,L,0-2,1981.78,1964.38,-17.4,2014.98,2032.38,17.4
4015444,14,standard,89,b1soc7vy,Masashiro Kuroda,h28ep1ds,Adam Brace,W,2-1,1926.71,1946.09,19.38,2002.45,1983.07,-19.38
4015356,14,standard,1,bf5gu0pd,Matt Nass,gag1uiw8,Maxx Kominowski,W,2-1,2112.67,2133.21,20.54,2252.65,2232.12,-20.53
4015430,14,standard,75,br2ww8kq,Jack Yudt,pv9ckf8c,Eli Swafford,W,2-1,1788.72,1809.84,21.12,1961.52,1940.4,-21.12
4015451,14,standard,96,c3ei1s37,Xiangjun Dai,u8zb1g86,Victor Hawkins,L,0-2,1753.4,1738.47,-14.93,1923.63,1938.55,14.92
4015438,14,standard,83,c5kmg86w,Lorenzo Terlizzi,kphgot73,Brendan Hsu,W,2-0,2036.89,2051.07,14.18,1824.32,1810.14,-14.18
4015428,14,standard,73,cfr12lns,Valentin Orru,ympa2ttn,Davor Detecnik,W,2-0,1700.64,1724.24,23.6,2017.78,1994.18,-23.6
4015381,14,standard,26,coibjxuk,Nathan Kirner,e9qoi8nt,Alexey Paulot,L,1-2,1922.09,1908.47,-13.62,2166.93,2180.55,13.62
4015402,14,standard,47,cs0qj8ny,Brennan Roy,hcpoppa2,"Flynn, Zach",W,2-0,1959.41,1976.22,16.81,1894.31,,
4015429,14,standard,74,deuz9pk5,Ryan Normandin,sds7i9fy,"Fauquenoi, Noe",W,2-0,1860.85,1878.5,17.65,1841.18,,
4015394,14,standard,39,e0kgwg90,Elliot Fortier,zciwnzo6,Yuchen Liu,L,1-2,1929.62,1913.35,-16.27,2025.0,2041.27,16.27
4015366,14,standard,11,e9kksekk,Mike Sigrist,y04pdtin,Chris Kral,L,0-2,2057.15,2039.79,-17.36,2092.59,2109.95,17.36
4015450,14,standard,95,elxyz8tl,"Sanchez, Francisco",kyrvj5j9,Edgar Baumler,W,2-0,2143.89,,,1719.87,1709.16,-10.71
4015404,14,standard,49,ewiiryln,Max Rappaport,swz4omjg,Antonin Branis,L,1-2,1946.21,1927.49,-18.72,1906.59,1925.32,18.73
4015389,14,standard,34,feqlbxuy,"Kaluzny, Matyas",hwih6mgh,Jean-Emmanuel Depraz,L,0-2,1891.81,,,2129.17,2142.92,13.75
4015391,14,standard,36,fsia37fx,Richard Nealston,p6sxs8jn,Maxime Rayvich,W,2-0,1837.54,1856.76,19.22,1904.35,1885.13,-19.22
4015437,14,standard,82,fsw9mgvs,Luis Salvatto,mkq0xzy4,Masahide Moriyama,W,2-1,2125.63,2141.46,15.83,2005.97,1990.14,-15.83
4015454,14,standard,99,fuoyfsmc,Junichi Adachi,vsmld9tt,Christian Calcano,W,2-0,1558.72,1582.76,24.04,1903.19,1879.15,-24.04
4015434,14,standard,79,fywsbcwb,Julius Fan,prbfum6i,"D'Souza, Kenith",L,1-2,1968.19,1949.0,-19.19,1903.24,,
4015368,14,standard,13,g7umra42,Ian Robb,oo822yog,Paul Green,L,1-2,1934.12,1920.47,-13.65,2177.71,2191.35,13.64
4015432,14,standard,77,gam2tsv8,Cyprien Tron,hlwt81oy,Eli Kassis,L,1-2,2027.88,2011.4,-16.48,2111.76,2128.24,16.48
4015420,14,standard,65,gln77x5p,Samuel Pardee,ji0rj273,Dylan Pratt,W,2-1,2150.85,2163.17,12.32,1828.94,1816.61,-12.33
4015384,14,standard,29,grqo9am2,"De Gaetano, Carlo",yvw9nn4r,Toni Martos,L,1-2,1789.51,,,2039.94,2053.46,13.52
4015379,14,standard,24,hmkukxn7,George Berrett,ycxedwh1,"DeBenedetto-Plummer, Michael",L,1-2,1835.75,1822.63,-13.12,2110.12,,
4015370,14,standard,15,ho41rzpc,Patricio Roman,p2kk3rf1,"von Stange, Alexander",L,0-2,1984.82,1966.7,-18.12,1978.28,,
4015422,14,standard,67,ieteb820,Alex Friedrichsen,vvqk8ugq,Dylan Nollen,W,2-1,1985.62,2003.37,17.75,1971.85,1954.1,-17.75
4015445,14,standard,90,ioxsup46,Suorsa Miitri,x1s81611,Andrew Elenbogen,L,1-2,1712.1,1699.46,-12.64,2015.04,2027.68,12.64
4015369,14,standard,14,jn5kno9m,Ryan Mullens,oijetp3y,Bernardo Torres,L,1-2,2144.88,2124.56,-20.32,2017.09,2037.41,20.32
4015435,14,standard,80,k32x6elu,Yuuki Ichikawa,oul159pu,Marco Cammilluzzi,W,2-1,1927.19,1946.57,19.38,2003.23,1983.85,-19.38
4015387,14,standard,32,k3z2odw0,Daniel Goetschel,kzchygxr,Andrew Kidston,W,2-1,2126.7,2144.22,17.52,2100.05,2082.54,-17.51
4015446,14,standard,91,lekird68,Jonathan Melamed,pley1pk6,Julien Henry,W,2-0,1952.55,1970.94,18.39,1974.38,1955.98,-18.4
4015398,14,standard,43,m46p08w0,"Santos Esquici, Victor",vxgk5lbd,Kenta Masukado,L,0-2,2040.44,,,2053.65,2071.41,17.76
4015421,14,standard,66,mlphz36k,Gregorio Galeotti,ucdcy25j,Marcus Wosner,L,1-2,1725.82,1712.45,-13.37,1985.38,1998.75,13.37
4015386,14,standard,31,mntoqmss,Kazutaka Oya,rj1n7oj4,Joshua Willis,W,2-1,2007.58,2026.87,19.29,2078.66,2059.36,-19.3
4015407,14,standard,52,myahi6h7,Eduardo Sajgalik,tuti7rxn,Oliver Tomajko,L,0-2,2122.79,2103.91,-18.88,2074.57,2093.45,18.88
4015412,14,standard,57,ney4ym60,"Walker, Austin",qtkpoy98,Mason Buonadonna,W,2-0,1801.3,,,2015.21,1993.37,-21.84
4015375,14,standard,20,nhhe1pi1,Matthew Oomkes,oa3ioxca,Andy Garcia-Romo,L,0-2,1938.01,1924.52,-13.49,2190.94,2204.42,13.48
4015382,14,standard,27,o8jo73e1,Collins Mullen,oz33n7wy,"Stark, Ben S",L,1-2,2064.98,2045.67,-19.31,1992.68,,
4015371,14,standard,16,oqgf796b,Mattia Rizzi,s80aw6v9,"Offman, Noe",L,1-2,2100.67,2081.6,-19.07,2042.11,,
4015358,14,standard,3,qmwpvgrb,"Kikidis, Charalampos",zz14clya,Nathan Steuer,L,1-2,2162.48,,,2095.46,2114.68,19.22
4015419,14,standard,64,qrilo72j,Kellen Pastore,s7cmhif5,Neilson Zhang,W,2-1,2074.33,2087.55,13.22,1805.75,1792.53,-13.22
4015452,14,standard,97,rq45xp25,"Bertram, Timo",zzta7cxz,Ryan Gassaway,W,2-1,1872.71,,,1745.16,1729.48,-15.68
4015396,14,standard,41,rqhrdoas,Charles Eliatamby,zagotcbk,Pierre Smith,L,1-2,2010.13,1991.97,-18.16,2001.58,2019.74,18.16
4015409,14,standard,54,wgwxf3od,Yimin Zhi,wo0ujj9p,Valerie Jade,L,1-2,1957.44,1940.48,-16.96,2014.37,2031.33,16.96
4015357,14,standard,2,wrr61zbv,Christoffer Larsen,yaomdkss,Wentong Zhang,W,2-0,2304.3,2315.35,11.05,1902.13,1891.09,-11.04
4015427,14,standard,72,y5dm09fs,Tyson Roylance,z2s366ev,Anthony Cuello,W,2-0,1777.46,1798.23,20.77,1930.64,1909.87,-20.77
4015493,15,standard,39,0qivecmh,"Martin, Adria",7zo943oe,Yang Chen,L,0-2,2021.78,,,1980.54,1999.29,18.75
4015538,15,standard,84,0scosskv,Matheus Crusius,a6c0a5by,Haven Gilbert-Avila,W,2-0,1841.7,1860.48,18.78,1884.8,1866.02,-18.78
4015546,15,standard,92,0uqxbitj,Takeshi Ozawa,sds7i9fy,"Fauquenoi, Noe",L,1-2,1922.34,1902.54,-19.8,1823.54,,
4015543,15,standard,89,10bptxxv,Aras Senyuz,axfogvl6,Marc Peral,W,2-0,1803.81,1824.72,20.91,1964.38,1943.48,-20.9
4015465,15,standard,11,12p06h4s,Shota Yasooka,5h9pep1a,Jacob Mitchell-Rabaey,W,2-1,2066.08,2083.16,17.08,2015.98,1998.9,-17.08
4015476,15,standard,22,14bbh8fs,Raul Porojan,ddeejmn8,John Wager,L,1-2,1925.95,1909.36,-16.59,2003.13,2019.73,16.6
4015460,15,standard,6,1mghnbu5,Mateo Ferreira,qmwpvgrb,"Kikidis, Charalampos",W,2-0,2053.6,2073.23,19.63,2143.26,,
4015531,15,standard,77,1mgu2l1k,Adam Edelson,3tkaanb4,Luis Gobern,W,2-0,2057.7,2073.25,15.55,1922.46,1906.91,-15.55
4015528,15,standard,74,1yfv22vg,Muhan Yu,lekird68,Jonathan Melamed,L,1-2,2006.97,1988.31,-18.66,1970.94,1989.6,18.66
4015523,15,standard,69,222vn7x7,Christian Baker,uuoqp9l7,Derrick Davis,W,2-1,1856.9,1878.07,21.17,2032.38,2011.21,-21.17
4015490,15,standard,36,282fp22n,"Inglis, David [USA]",coibjxuk,Nathan Kirner,L,1-2,2040.06,,,1908.47,1928.86,20.39
4015545,15,standard,91,2adkhpoc,Vincent Choy,u8zb1g86,Victor Hawkins,L,1-2,1700.62,1686.88,-13.74,1938.55,1952.29,13.74
4015537,15,standard,83,2pjv6j9n,"Del Pivo, Marco",h28ep1ds,Adam Brace,W,2-1,1969.97,,,1983.07,1964.84,-18.23
4015495,15,standard,41,2zm33fzl,Eleanor Dubreuil,v5debkjw,"Queralt Garriga, Albert",L,0-2,1795.62,1779.43,-16.19,1894.94,,
4015499,15,standard,45,37okj715,Lukas Schwendinger,xx1j61dt,"Medeiros Merjam, Guilherme",W,2-1,1874.69,1895.12,20.43,2008.35,,
4015466,15,standard,12,38q7bl47,Alex Rohan,oijetp3y,Bernardo Torres,W,2-0,2143.62,2159.69,16.07,2037.41,2021.34,-16.07
4015471,15,standard,17,3ayzk61f,Devon Straub,e9kksekk,Mike Sigrist,W,2-1,2055.18,2072.9,17.72,2039.79,2022.08,-17.71
4015530,15,standard,76,3l0vbst8,Thirawat Chaovarindr,aoprdgnv,Mike Boulinguiez,W,2-1,1921.17,1935.98,14.81,1744.68,1729.86,-14.82
4015504,15,standard,50,3m2v9pq5,Shuhei Nakamura,l0nqx8nx,"Jones, Ben",W,2-0,2040.98,2059.94,18.96,2093.3,,
4015503,15,standard,49,42r3xhem,Mae French,swz4omjg,Antonin Branis,W,2-1,2034.59,2050.6,16.01,1925.32,1909.3,-16.02
4015477,15,standard,23,4a8umq19,Will Krueger,e9qoi8nt,Alexey Paulot,W,2-1,2101.94,2121.37,19.43,2180.55,2161.12,-19.43
4015458,15,standard,4,4i2wz2go,Edgar Magalhaes,yaomdkss,Wentong Zhang,L,1-2,2083.98,2062.51,-21.47,1891.09,1912.57,21.48
4015483,15,standard,29,56cr0qb6,Yi Yang,oz33n7wy,"Stark, Ben S",L,1-2,2027.7,2009.42,-18.28,2011.99,,
4015475,15,standard,21,5ef0632t,Steve Gan,ypvuccra,Daniel Weiss,L,0-2,2061.2,2038.67,-22.53,1807.93,1830.45,22.52
4015496,15,standard,42,5hec4ugr,"Morales Macaya, Nicolas",8r8ub5ts,Koki Hara,L,1-2,1748.07,,,1951.4,1965.74,14.34
4015474,15,standard,20,5nc9un5m,Robin Courtiat,a1zp0k3i,Quinn Tonole,W,2-1,1900.44,1920.92,20.48,2037.15,2016.68,-20.47
4015461,15,standard,7,5nzvn1j4,Toru Inoue,81xkae72,Nam Dang,L,1-2,2018.92,2002.2,-16.72,2089.19,2105.91,16.72
4015541,15,standard,87,6arhq0t8,"Ma, Noah",gam2tsv8,Cyprien Tron,W,2-1,1951.25,,,2011.4,1992.31,-19.09
4015500,15,standard,46,6vh8n9gw,"Higgins, Evan [USA]",rj1n7oj4,Joshua Willis,L,1-2,1865.13,,,2059.36,2073.86,14.5
4015468,15,standard,14,75uworlu,Xinrong Chen,z6r4p2ce,Javier Dominguez,L,0-2,1936.02,1921.27,-14.75,2116.04,2130.79,14.75
4015484,15,standard,30,7ccbrp4c,Etai Kurtzman,mntoqmss,Kazutaka Oya,W,2-1,2069.98,2087.2,17.22,2026.87,2009.66,-17.21
4015506,15,standard,52,7r07ic8h,Maciej Jezyna,swh1olqe,"Verdierre, Gaetan",L,0-2,1825.49,1808.34,-17.15,1871.79,,
4015488,15,standard,34,7yb1fq4i,Mikey Bishara,rqhrdoas,Charles Eliatamby,W,2-0,1972.1,1990.46,18.36,1991.97,1973.61,-18.36
4015487,15,standard,33,8qvy0oha,Masakuni Hamaguchi,swqf5brq,Jack Potter,L,1-2,1962.04,1943.99,-18.05,1958.83,1976.89,18.06
4015485,15,standard,31,8snu2urd,Jack Young,ycxedwh1,"DeBenedetto-Plummer, Michael",L,1-2,1893.56,1879.68,-13.88,2123.24,,
4015524,15,standard,70,8uemg873,Ryan Condon,ut9cb8sw,Rafael Marin,W,2-0,2031.02,2043.94,12.92,1744.86,1731.94,-12.92
4015505,15,standard,51,8yk0ficp,"Mora Romero, Alejandro",e0kgwg90,Elliot Fortier,W,2-0,1930.03,,,1913.35,1895.66,-17.69
4015540,15,standard,86,8ymwtvpk,Chang Zheng,f21zrfi5,"Garcia Gonzalez, Sergio",W,2-0,1746.86,1768.47,21.61,1947.06,,
4015522,15,standard,68,9am8loyq,Reid Duke,prbfum6i,"D'Souza, Kenith",L,0-2,2131.33,2109.58,-21.75,1922.43,,
4015511,15,standard,57,9cdybzxw,"Blondiaux, Timothee",bpk5fpjt,Guglielmo Lupi,W,2-0,1895.05,,,2130.39,2108.18,-22.21
4015459,15,standard,5,9ciliata,Bryan Rockenbach,oo822yog,Paul Green,W,2-0,2065.17,2085.46,20.29,2191.35,2171.06,-20.29
4015517,15,standard,63,9e2i11mk,Kye Nelson,hioy7ydm,"Harvey, Clement",L,1-2,1950.37,1929.39,-20.98,1785.79,,
4015457,15,standard,3,9q7jr5pf,Thierry Ramboa,pifyvicd,"Schuetz, Stefan",L,1-2,2139.17,2121.82,-17.35,2174.69,,
4015456,15,standard,2,aad50tcz,"Stefans, Matthew",gag1uiw8,Maxx Kominowski,L,1-2,1863.08,,,2232.12,2243.68,11.56
4015498,15,standard,44,ao7gqd8u,Nicholas Odenheimer,wo0ujj9p,Valerie Jade,W,2-0,2011.29,2029.66,18.37,2031.33,2012.97,-18.36
4015535,15,standard,81,apxu0evx,Oliver Coffey,s7cmhif5,Neilson Zhang,L,1-2,1836.32,1817.52,-18.8,1792.53,1811.33,18.8
4015463,15,standard,9,awrwen4n,Rick Hup Beng Lee,ulticqxp,Anthony Lee,W,2-1,2036.24,2052.33,16.09,1931.52,1915.42,-16.1
4015529,15,standard,75,b1soc7vy,Masashiro Kuroda,mvh6e9tq,Vasilios Morikis,W,2-1,1946.09,1963.37,17.28,1906.77,1889.48,-17.29
4015462,15,standard,8,bchw2dah,"Kane, Liam",y04pdtin,Chris Kral,W,2-0,2010.85,,,2109.95,2090.14,-19.81
4015550,15,standard,96,bgw70171,Arch Dota,fuoyfsmc,Junichi Adachi,W,2-0,1994.02,2004.92,10.9,1582.76,1571.86,-10.9
4015515,15,standard,61,bmxlpfb0,"Xu, Matt",deuz9pk5,Ryan Normandin,W,2-0,1926.52,,,1878.5,1861.37,-17.13
4015533,15,standard,79,br2ww8kq,Jack Yudt,k32x6elu,Yuuki Ichikawa,L,0-2,1809.84,1794.32,-15.52,1946.57,1962.09,15.52
4015551,15,standard,97,c3ei1s37,Xiangjun Dai,wtntvl5l,Yoshitaka Yamasaki,L,1-2,1738.47,1719.84,-18.63,1703.55,1722.19,18.64
4015518,15,standard,64,c5kmg86w,Lorenzo Terlizzi,wgwxf3od,Yimin Zhi,W,2-0,2051.07,2067.06,15.99,1940.48,1924.49,-15.99
4015513,15,standard,59,cfr12lns,Valentin Orru,mybfhhle,Jon Beitler,L,0-2,1724.24,1706.98,-17.26,1764.91,1782.17,17.26
4015501,15,standard,47,chgnyz2i,Nick Deriu,ucdcy25j,Marcus Wosner,L,0-2,1959.34,1942.06,-17.28,1998.75,2016.04,17.29
4015510,15,standard,56,cs0qj8ny,Brennan Roy,k5r20pva,Allen Wu,W,2-1,1976.22,1996.39,20.17,2095.88,2075.7,-20.18
4015486,15,standard,32,cxtr7uuw,Josep Sanfeliu,zagotcbk,Pierre Smith,W,2-0,2022.8,2040.75,17.95,2019.74,2001.8,-17.94
4015539,15,standard,85,elxyz8tl,"Sanchez, Francisco",w1j40t2k,Pedro Flores,W,2-0,2154.59,,,1827.57,1815.33,-12.24
4015519,15,standard,65,ewiiryln,Max Rappaport,upnklhaj,Aidan Mirabelli,L,0-2,1927.49,1912.27,-15.22,2081.22,2096.44,15.22
4015508,15,standard,54,feqlbxuy,"Kaluzny, Matyas",l4x45emr,Tristan Wylde-LaRue,L,1-2,1878.05,,,1986.4,2002.43,16.03
4015472,15,standard,18,fsia37fx,Richard Nealston,ifvgu0a3,Matthew Wright,W,2-0,1856.76,1878.96,22.2,2091.35,2069.15,-22.2
4015532,15,standard,78,fsw9mgvs,Luis Salvatto,xd98dyts,"Wong, Charles",W,2-1,2141.46,2156.97,15.51,2004.34,,
4015544,15,standard,90,fywsbcwb,Julius Fan,mkq0xzy4,Masahide Moriyama,L,1-2,1949.0,1931.75,-17.25,1990.14,2007.39,17.25
4015482,15,standard,28,g7umra42,Ian Robb,ua41p3kc,Nicholas Talbot,L,0-2,1920.47,1903.8,-16.67,1993.52,2010.19,16.67
4015497,15,standard,43,gln77x5p,Samuel Pardee,hj5ztc7w,Huaxing Bai,W,2-0,2163.17,2179.0,15.83,2043.28,2027.46,-15.82
4015521,15,standard,67,hcpoppa2,"Flynn, Zach",myahi6h7,Eduardo Sajgalik,L,1-2,1877.49,,,2103.91,2117.85,13.94
4015516,15,standard,62,hlwt81oy,Eli Kassis,vthtszcf,Jason Reid,W,2-1,2128.24,2141.09,12.85,1837.99,1825.14,-12.85
4015507,15,standard,53,hmkukxn7,George Berrett,y5dm09fs,Tyson Roylance,L,1-2,1822.63,1804.19,-18.44,1798.23,1816.68,18.45
4015470,15,standard,16,ho41rzpc,Patricio Roman,vxgk5lbd,Kenta Masukado,W,2-1,1966.7,1986.61,19.91,2071.41,2051.5,-19.91
4015469,15,standard,15,hwih6mgh,Jean-Emmanuel Depraz,nhhe1pi1,Matthew Oomkes,W,2-0,2142.92,2157.0,14.08,1924.52,1910.45,-14.07
4015509,15,standard,55,ieteb820,Alex Friedrichsen,kzchygxr,Andrew Kidston,L,1-2,2003.37,1986.81,-16.56,2082.54,2099.1,16.56
4015542,15,standard,88,ioxsup46,Suorsa Miitri,pv9ckf8c,Eli Swafford,L,1-2,1699.46,1685.78,-13.68,1940.4,1954.09,13.69
4015534,15,standard,80,iqk1hqx5,Gavin Meagher,w8ibxhmk,"Byrd, Michael",L,1-2,1934.66,1917.39,-17.27,1975.03,,
4015473,15,standard,19,j9ruocra,Gavin Perry,o4d4yzce,Abe Schnake,L,0-2,2025.67,2008.27,-17.4,2058.41,2075.82,17.41
4015525,15,standard,71,ji0rj273,Dylan Pratt,ud8xjwt9,Ryan Brozovich,L,1-2,1816.61,1800.84,-15.77,1939.31,1955.08,15.77
4015480,15,standard,26,jn5kno9m,Ryan Mullens,wum7k15v,"Astrand, David",L,1-2,2124.56,2100.07,-24.49,1751.66,,
4015481,15,standard,27,k3z2odw0,Daniel Goetschel,z184xrwz,Nathan Hu,W,2-1,2144.22,2156.06,11.84,1792.31,1780.47,-11.84
4015547,15,standard,93,kphgot73,Brendan Hsu,oul159pu,Marco Cammilluzzi,L,0-2,1810.14,1795.28,-14.86,1983.85,1998.71,14.86
4015549,15,standard,95,kyrvj5j9,Edgar Baumler,v89wl7jv,"Fernandez Torres, Alvaro",L,0-2,1709.16,1691.9,-17.26,1749.3,,
4015492,15,standard,38,m46p08w0,"Santos Esquici, Victor",o6gkw2bt,Shi Tian Lee,L,0-2,2022.68,,,1885.67,1906.15,20.48
4015526,15,standard,72,mlphz36k,Gregorio Galeotti,og21dc58,Kenneth Oswald,L,0-2,1712.45,1696.62,-15.83,1831.85,1847.68,15.83
4015489,15,standard,35,o8jo73e1,Collins Mullen,tuti7rxn,Oliver Tomajko,W,2-0,2045.67,2064.54,18.87,2093.45,2074.58,-18.87
4015467,15,standard,13,oa3ioxca,Andy Garcia-Romo,s80aw6v9,"Offman, Noe",W,2-1,2204.42,2219.83,15.41,2061.17,,
4015479,15,standard,25,oqgf796b,Mattia Rizzi,zciwnzo6,Yuchen Liu,W,2-0,2081.6,2098.87,17.27,2041.27,2024.0,-17.27
4015502,15,standard,48,or2i5kf0,Evan Vetter,p6sxs8jn,Maxime Rayvich,W,2-0,2000.99,2016.89,15.9,1885.13,1869.23,-15.9
4015464,15,standard,10,p2kk3rf1,"von Stange, Alexander",ydosmtui,Zevin Faust,L,1-2,1996.4,,,2150.19,2165.41,15.22
4015512,15,standard,58,qrilo72j,Kellen Pastore,sbxfa2dv,Atsuya Okuno,L,0-2,2087.55,2065.62,-21.93,1868.5,1890.43,21.93
4015514,15,standard,60,qtkpoy98,Mason Buonadonna,spi8ybx3,Corey Burkhart,W,2-0,1993.37,2012.33,18.96,2045.88,2026.93,-18.95
4015548,15,standard,94,rq45xp25,"Bertram, Timo",vsmld9tt,Christian Calcano,W,2-1,1888.39,,,1879.15,1861.32,-17.83
4015478,15,standard,24,smlqb2ut,Arne Huschenbeth,yvw9nn4r,Toni Martos,W,2-0,2233.81,2248.55,14.74,2053.46,2038.72,-14.74
4015494,15,standard,40,t05l3sme,Yuya Hosokawa,ttx6udui,Akira Shibata,L,0-2,1919.85,1904.68,-15.17,2075.89,2091.06,15.17
4015527,15,standard,73,th5ocm0o,Hiroki Kageyama,z2s366ev,Anthony Cuello,L,1-2,1925.18,1906.9,-18.28,1909.87,1928.15,18.28
4015520,15,standard,66,vvqk8ugq,Dylan Nollen,x1s81611,Andrew Elenbogen,W,2-1,1954.1,1973.44,19.34,2027.68,2008.34,-19.34
4015536,15,standard,82,w2mq3pye,Andrew Cuneo,ympa2ttn,Davor Detecnik,W,2-0,1912.13,1931.63,19.5,1994.18,1974.69,-19.49
4015455,15,standard,1,wrr61zbv,Christoffer Larsen,zz14clya,Nathan Steuer,W,2-1,2315.35,2329.74,14.39,2114.68,2100.29,-14.39
4015612,16,standard,61,0qivecmh,"Martin, Adria",qtkpoy98,Mason Buonadonna,L,0-2,2003.03,,,2012.33,2030.16,17.83
4015636,16,standard,85,0scosskv,Matheus Crusius,6arhq0t8,"Ma, Noah",L,1-2,1860.48,1844.48,-16.0,1970.35,,
4015639,16,standard,88,0uqxbitj,Takeshi Ozawa,ioxsup46,Suorsa Miitri,L,1-2,1902.54,1880.65,-21.89,1685.78,1707.67,21.89
4015622,16,standard,71,10bptxxv,Aras Senyuz,1yfv22vg,Muhan Yu,L,1-2,1824.72,1809.67,-15.05,1988.31,2003.35,15.04
4015555,16,standard,4,12p06h4s,Shota Yasooka,ydosmtui,Zevin Faust,L,0-2,2083.16,2066.66,-16.5,2165.41,2181.91,16.5
4015593,16,standard,42,14bbh8fs,Raul Porojan,coibjxuk,Nathan Kirner,W,2-0,1909.36,1927.72,18.36,1928.86,1910.5,-18.36
4015557,16,standard,6,1mghnbu5,Mateo Ferreira,4i2wz2go,Edgar Magalhaes,W,2-0,2073.23,2091.03,17.8,2062.51,2044.7,-17.81
4015610,16,standard,59,1mgu2l1k,Adam Edelson,upnklhaj,Aidan Mirabelli,W,2-1,2073.25,2091.67,18.42,2096.44,2078.02,-18.42
4015608,16,standard,57,222vn7x7,Christian Baker,z2s366ev,Anthony Cuello,L,1-2,1878.07,1860.98,-17.09,1928.15,1945.24,17.09
4015599,16,standard,48,282fp22n,"Inglis, David [USA]",fsw9mgvs,Luis Salvatto,L,1-2,2019.67,,,2156.97,2172.49,15.52
4015645,16,standard,98,2adkhpoc,Vincent Choy,zzta7cxz,Ryan Gassaway,L,1-2,1686.88,1669.65,-17.23,1729.48,1746.7,17.22
4015613,16,standard,62,2zm33fzl,Eleanor Dubreuil,t05l3sme,Yuya Hosokawa,L,0-2,1779.43,1763.7,-15.73,1904.68,1920.41,15.73
4015591,16,standard,40,37okj715,Lukas Schwendinger,a1zp0k3i,Quinn Tonole,W,2-1,1895.12,1915.32,20.2,2016.68,1996.47,-20.21
4015558,16,standard,7,38q7bl47,Alex Rohan,awrwen4n,Rick Hup Beng Lee,W,2-0,2159.69,2175.74,16.05,2052.33,2036.28,-16.05
4015572,16,standard,21,3ayzk61f,Devon Straub,oo822yog,Paul Green,L,1-2,2072.9,2056.68,-16.22,2171.06,2187.27,16.21
4015607,16,standard,56,3l0vbst8,Thirawat Chaovarindr,chgnyz2i,Nick Deriu,L,0-2,1935.98,1918.1,-17.88,1942.06,1959.95,17.89
4015594,16,standard,43,3m2v9pq5,Shuhei Nakamura,8r8ub5ts,Koki Hara,L,0-2,2059.94,2040.22,-19.72,1965.74,1985.45,19.71
4015586,16,standard,35,42r3xhem,Mae French,8snu2urd,Jack Young,L,1-2,2050.6,2029.52,-21.08,1879.68,1900.77,21.09
4015567,16,standard,16,4a8umq19,Will Krueger,5nc9un5m,Robin Courtiat,L,1-2,2121.37,2099.76,-21.61,1920.92,1942.53,21.61
4015580,16,standard,29,56cr0qb6,Yi Yang,kzchygxr,Andrew Kidston,W,2-1,2009.42,2029.05,19.63,2099.1,2079.46,-19.64
4015583,16,standard,32,5ef0632t,Steve Gan,gln77x5p,Samuel Pardee,W,2-1,2038.67,2059.22,20.55,2179.0,2158.45,-20.55
4015561,16,standard,10,5h9pep1a,Jacob Mitchell-Rabaey,qmwpvgrb,"Kikidis, Charalampos",L,0-2,1998.9,1983.16,-15.74,2123.63,,
4015597,16,standard,46,5hec4ugr,"Morales Macaya, Nicolas",hmkukxn7,George Berrett,W,2-0,1733.72,,,1804.19,1784.9,-19.29
4015560,16,standard,9,5nzvn1j4,Toru Inoue,ypvuccra,Daniel Weiss,L,1-2,2002.2,1981.1,-21.1,1830.45,1851.56,21.11
4015619,16,standard,68,6vh8n9gw,"Higgins, Evan [USA]",wo0ujj9p,Valerie Jade,W,2-1,1850.63,,,2012.97,1992.03,-20.94
4015574,16,standard,23,75uworlu,Xinrong Chen,yvw9nn4r,Toni Martos,L,0-2,1921.27,1905.41,-15.86,2038.72,2054.58,15.86
4015571,16,standard,20,7ccbrp4c,Etai Kurtzman,cxtr7uuw,Josep Sanfeliu,L,1-2,2087.2,2068.35,-18.85,2040.75,2059.6,18.85
4015604,16,standard,53,7r07ic8h,Maciej Jezyna,s7cmhif5,Neilson Zhang,W,2-1,1808.34,1826.39,18.05,1811.33,1793.27,-18.06
4015592,16,standard,41,7yb1fq4i,Mikey Bishara,cs0qj8ny,Brennan Roy,W,2-1,1990.46,2008.57,18.11,1996.39,1978.29,-18.1
4015578,16,standard,27,7zo943oe,Yang Chen,mntoqmss,Kazutaka Oya,L,0-2,1999.29,1981.48,-17.81,2009.66,2027.47,17.81
4015553,16,standard,2,81xkae72,Nam Dang,oa3ioxca,Andy Garcia-Romo,L,0-2,2105.91,2089.98,-15.93,2219.83,2235.76,15.93
4015595,16,standard,44,8qvy0oha,Masakuni Hamaguchi,ucdcy25j,Marcus Wosner,L,0-2,1943.99,1927.3,-16.69,2016.04,2032.72,16.68
4015614,16,standard,63,8uemg873,Ryan Condon,rqhrdoas,Charles Eliatamby,W,2-0,2043.94,2060.66,16.72,1973.61,1956.89,-16.72
4015584,16,standard,33,8yk0ficp,"Mora Romero, Alejandro",zagotcbk,Pierre Smith,L,0-2,1947.72,,,2001.8,2018.81,17.01
4015625,16,standard,74,8ymwtvpk,Chang Zheng,mkq0xzy4,Masahide Moriyama,L,1-2,1768.47,1754.74,-13.73,2007.39,2021.11,13.72
4015626,16,standard,75,9am8loyq,Reid Duke,elxyz8tl,"Sanchez, Francisco",L,1-2,2109.58,2092.62,-16.96,2166.84,,
4015585,16,standard,34,9cdybzxw,"Blondiaux, Timothee",ttx6udui,Akira Shibata,L,0-2,1917.26,,,2091.06,2105.92,14.86
4015554,16,standard,3,9ciliata,Bryan Rockenbach,aad50tcz,"Stefans, Matthew",L,1-2,2085.46,2063.27,-22.19,1851.52,,
4015624,16,standard,73,9e2i11mk,Kye Nelson,spi8ybx3,Corey Burkhart,W,2-0,1929.39,1949.17,19.78,2026.93,2007.15,-19.78
4015552,16,standard,1,9q7jr5pf,Thierry Ramboa,zz14clya,Nathan Steuer,L,1-2,2121.82,2103.43,-18.39,2100.29,2118.68,18.39
4015646,16,standard,99,a6c0a5by,Haven Gilbert-Avila,v89wl7jv,"Fernandez Torres, Alvaro",W,2-1,1866.02,1882.21,16.19,1766.57,,
4015589,16,standard,38,ao7gqd8u,Nicholas Odenheimer,vxgk5lbd,Kenta Masukado,W,2-0,2029.66,2048.06,18.4,2051.5,2033.1,-18.4
4015628,16,standard,77,aoprdgnv,Mike Boulinguiez,ewiiryln,Max Rappaport,L,1-2,1729.86,1715.16,-14.7,1912.27,1926.98,14.71
4015631,16,standard,80,apxu0evx,Oliver Coffey,br2ww8kq,Jack Yudt,D,,1817.52,1817.52,0.0,1794.32,1794.32,0.0
4015640,16,standard,93,axfogvl6,Marc Peral,h28ep1ds,Adam Brace,W,2-1,1943.48,1961.87,18.39,1964.84,1946.45,-18.39
4015615,16,standard,64,b1soc7vy,Masashiro Kuroda,bmxlpfb0,"Xu, Matt",W,2-1,1963.37,1981.01,17.64,1943.65,,
4015556,16,standard,5,bchw2dah,"Kane, Liam",yaomdkss,Wentong Zhang,W,2-0,2030.65,,,1912.57,1896.71,-15.86
4015641,16,standard,94,bgw70171,Arch Dota,vsmld9tt,Christian Calcano,W,2-0,2004.92,2020.32,15.4,1861.32,1845.92,-15.4
4015598,16,standard,47,bpk5fpjt,Guglielmo Lupi,k32x6elu,Yuuki Ichikawa,L,1-2,2108.18,2087.53,-20.65,1962.09,1982.74,20.65
4015611,16,standard,60,c5kmg86w,Lorenzo Terlizzi,w2mq3pye,Andrew Cuneo,W,2-0,2067.06,2082.61,15.55,1931.63,1916.08,-15.55
4015620,16,standard,69,cfr12lns,Valentin Orru,prbfum6i,"D'Souza, Kenith",L,1-2,1706.98,1693.23,-13.75,1944.18,,
4015563,16,standard,12,ddeejmn8,John Wager,p2kk3rf1,"von Stange, Alexander",L,0-2,2019.73,2001.02,-18.71,1981.19,,
4015632,16,standard,81,deuz9pk5,Ryan Normandin,hcpoppa2,"Flynn, Zach",W,2-0,1861.37,1879.41,18.04,1863.55,,
4015602,16,standard,51,e0kgwg90,Elliot Fortier,xx1j61dt,"Medeiros Merjam, Guilherme",L,0-2,1895.66,1879.34,-16.32,1987.93,,
4015581,16,standard,30,e9kksekk,Mike Sigrist,jn5kno9m,Ryan Mullens,L,1-2,2022.08,2005.5,-16.58,2100.07,2116.65,16.58
4015587,16,standard,36,e9qoi8nt,Alexey Paulot,swh1olqe,"Verdierre, Gaetan",L,0-2,2161.12,2138.28,-22.84,1888.95,,
4015638,16,standard,87,f21zrfi5,"Garcia Gonzalez, Sergio",w1j40t2k,Pedro Flores,W,2-0,1925.46,,,1815.33,1799.33,-16.0
4015603,16,standard,52,feqlbxuy,"Kaluzny, Matyas",qrilo72j,Kellen Pastore,L,1-2,1862.02,,,2065.62,2079.95,14.33
4015562,16,standard,11,fsia37fx,Richard Nealston,ulticqxp,Anthony Lee,L,1-2,1878.96,1861.63,-17.33,1915.42,1932.76,17.34
4015642,16,standard,95,fuoyfsmc,Junichi Adachi,kyrvj5j9,Edgar Baumler,L,0-2,1571.86,1556.04,-15.82,1691.9,1707.72,15.82
4015644,16,standard,97,fywsbcwb,Julius Fan,gam2tsv8,Cyprien Tron,W,2-0,1931.75,1950.86,19.11,1992.31,1973.2,-19.11
4015579,16,standard,28,g7umra42,Ian Robb,rj1n7oj4,Joshua Willis,W,2-0,1903.8,1924.87,21.07,2073.86,2052.79,-21.07
4015590,16,standard,39,grqo9am2,"De Gaetano, Carlo",or2i5kf0,Evan Vetter,W,2-1,1794.84,,,2016.89,1994.9,-21.99
4015600,16,standard,49,hioy7ydm,"Harvey, Clement",swz4omjg,Antonin Branis,W,2-1,1806.76,,,1909.3,1889.44,-19.86
4015601,16,standard,50,hj5ztc7w,Huaxing Bai,vvqk8ugq,Dylan Nollen,W,2-0,2027.46,2044.47,17.01,1973.44,1956.43,-17.01
4015606,16,standard,55,hlwt81oy,Eli Kassis,og21dc58,Kenneth Oswald,W,2-1,2141.09,2153.89,12.8,1847.68,1834.88,-12.8
4015568,16,standard,17,ho41rzpc,Patricio Roman,oqgf796b,Mattia Rizzi,L,1-2,1986.61,1970.65,-15.96,2098.87,2114.83,15.96
4015565,16,standard,14,hwih6mgh,Jean-Emmanuel Depraz,oijetp3y,Bernardo Torres,L,1-2,2157.0,2136.54,-20.46,2021.34,2041.8,20.46
4015618,16,standard,67,ieteb820,Alex Friedrichsen,lekird68,Jonathan Melamed,L,0-2,1986.81,1968.86,-17.95,1989.6,2007.55,17.95
4015582,16,standard,31,ifvgu0a3,Matthew Wright,y5dm09fs,Tyson Roylance,L,1-2,2069.15,2046.64,-22.51,1816.68,1839.19,22.51
4015621,16,standard,70,iqk1hqx5,Gavin Meagher,mvh6e9tq,Vasilios Morikis,L,0-2,1917.39,1898.88,-18.51,1889.48,1907.99,18.51
4015577,16,standard,26,j9ruocra,Gavin Perry,z184xrwz,Nathan Hu,L,0-2,2008.27,1986.18,-22.09,1780.47,1802.55,22.08
4015627,16,standard,76,ji0rj273,Dylan Pratt,uuoqp9l7,Derrick Davis,L,0-2,1800.84,1786.62,-14.22,2011.21,2025.43,14.22
4015566,16,standard,15,k3z2odw0,Daniel Goetschel,smlqb2ut,Arne Huschenbeth,L,1-2,2156.06,2139.74,-16.32,2248.55,2264.87,16.32
4015616,16,standard,65,k5r20pva,Allen Wu,myahi6h7,Eduardo Sajgalik,W,2-1,2075.7,2094.47,18.77,2117.85,2099.08,-18.77
4015643,16,standard,96,kphgot73,Brendan Hsu,wtntvl5l,Yoshitaka Yamasaki,W,2-1,1795.28,1811.95,16.67,1722.19,1705.52,-16.67
4015605,16,standard,54,l0nqx8nx,"Jones, Ben",ud8xjwt9,Ryan Brozovich,L,1-2,2074.34,,,1955.08,1975.25,20.17
4015588,16,standard,37,l4x45emr,Tristan Wylde-LaRue,sbxfa2dv,Atsuya Okuno,W,2-1,2002.43,2018.4,15.97,1890.43,1874.46,-15.97
4015596,16,standard,45,m46p08w0,"Santos Esquici, Victor",mybfhhle,Jon Beitler,L,1-2,2002.2,,,1782.17,1804.12,21.95
4015623,16,standard,72,mlphz36k,Gregorio Galeotti,vthtszcf,Jason Reid,L,1-2,1696.62,1680.95,-15.67,1825.14,1840.81,15.67
4015576,16,standard,25,nhhe1pi1,Matthew Oomkes,zciwnzo6,Yuchen Liu,L,0-2,1910.45,1894.51,-15.94,2024.0,2039.94,15.94
4015569,16,standard,18,o4d4yzce,Abe Schnake,y04pdtin,Chris Kral,L,1-2,2075.82,2058.08,-17.74,2090.14,2107.88,17.74
4015575,16,standard,24,o6gkw2bt,Shi Tian Lee,v5debkjw,"Queralt Garriga, Albert",W,2-0,1906.15,1924.24,18.09,1911.14,,
4015573,16,standard,22,o8jo73e1,Collins Mullen,swqf5brq,Jack Potter,L,1-2,2064.54,2044.94,-19.6,1976.89,1996.49,19.6
4015629,16,standard,78,oul159pu,Marco Cammilluzzi,xd98dyts,"Wong, Charles",L,0-2,1998.71,1980.53,-18.18,1988.83,,
4015609,16,standard,58,p6sxs8jn,Maxime Rayvich,tuti7rxn,Oliver Tomajko,L,0-2,1869.23,1854.93,-14.3,2074.58,2088.88,14.3
4015637,16,standard,86,pv9ckf8c,Eli Swafford,ympa2ttn,Davor Detecnik,W,2-0,1954.09,1972.46,18.37,1974.69,1956.31,-18.38
4015635,16,standard,84,rq45xp25,"Bertram, Timo",u8zb1g86,Victor Hawkins,L,1-2,1906.22,,,1952.29,1969.45,17.16
4015559,16,standard,8,s80aw6v9,"Offman, Noe",z6r4p2ce,Javier Dominguez,L,1-2,2045.77,,,2130.79,2147.24,16.45
4015633,16,standard,82,th5ocm0o,Hiroki Kageyama,wgwxf3od,Yimin Zhi,L,0-2,1906.9,1889.23,-17.67,1924.49,1942.17,17.68
4015564,16,standard,13,ua41p3kc,Nicholas Talbot,ycxedwh1,"DeBenedetto-Plummer, Michael",W,2-1,2010.19,2030.5,20.31,2137.12,,
4015630,16,standard,79,ut9cb8sw,Rafael Marin,x1s81611,Andrew Elenbogen,L,0-2,1731.94,1718.85,-13.09,2008.34,2021.43,13.09
4013828,2,draft,84,07a3r24p,Joshua Saruga,qi3sp8mj,Sophi Seley,W,2-0,1891.02,1904.51,13.49,1638.83,1625.34,-13.49
4013867,2,draft,123,0qivecmh,"Martin, Adria",8agu6e8x,Takuya Hasegawa,W,2-0,1978.95,,,1875.62,1859.5,-16.12
4013881,2,draft,137,0scosskv,Matheus Crusius,hj5ztc7w,Huaxing Bai,L,0-2,1842.23,1827.19,-15.04,2005.92,2020.96,15.04
4013797,2,draft,53,0uqxbitj,Takeshi Ozawa,k5r20pva,Allen Wu,W,2-0,1970.62,1991.25,20.63,2115.51,2094.88,-20.63
4013794,2,draft,50,10bptxxv,Aras Senyuz,ney4ym60,"Walker, Austin",W,2-1,1848.15,1864.47,16.32,1755.82,,
4013848,2,draft,104,10u7a2gt,Shinnosuke Hando,j9ruocra,Gavin Perry,L,1-2,1913.56,1896.26,-17.3,1952.28,1969.57,17.29
4013832,2,draft,88,12p06h4s,Shota Yasooka,vvqk8ugq,Dylan Nollen,W,2-1,1958.43,1976.15,17.72,1943.0,1925.28,-17.72
4013892,2,draft,148,14bbh8fs,Raul Porojan,z79y5c98,Klarke Trezise,W,2-0,1830.97,1845.7,14.73,1649.28,1634.56,-14.72
4013866,2,draft,122,1fsar1uc,Paul Gabat,mw706ncx,Yuya Tase,L,1-2,1589.25,1575.26,-13.99,1812.5,1826.49,13.99
4013888,2,draft,144,1ibvz7s1,"Horiuchi, Makoto",tdoka6qb,Truong Hai Nguyen,W,2-0,2018.82,,,1854.35,1839.32,-15.03
4013812,2,draft,68,1mghnbu5,Mateo Ferreira,w1j40t2k,Pedro Flores,W,2-1,1971.64,1987.64,16.0,1861.41,1845.41,-16.0
4013745,2,draft,1,1mgu2l1k,Adam Edelson,axpab9cd,James Dimitrov,W,2-1,2097.26,2113.81,16.55,2017.75,2001.19,-16.56
4013835,2,draft,91,1o2chbpk,Neil Estrada,c3ei1s37,Xiangjun Dai,L,1-2,2058.24,2035.25,-22.99,1777.76,1800.75,22.99
4013808,2,draft,64,1yfv22vg,Muhan Yu,9ciliata,Bryan Rockenbach,W,2-0,2051.67,2068.46,16.79,1985.37,1968.57,-16.8
4013802,2,draft,58,222vn7x7,Christian Baker,bgw70171,Arch Dota,W,2-1,1839.39,1862.59,23.2,2133.16,2109.95,-23.21
4013780,2,draft,36,25hfvyjf,"Torrico, Carlos",7zo943oe,Yang Chen,L,0-2,1878.38,,,1959.84,1976.35,16.51
4013756,2,draft,12,282fp22n,"Inglis, David [USA]",e0kgwg90,Elliot Fortier,W,2-0,2030.28,,,1860.27,1845.34,-14.93
4013868,2,draft,124,2adkhpoc,Vincent Choy,tuti7rxn,Oliver Tomajko,W,2-1,1666.27,1691.33,25.06,2075.05,2049.99,-25.06
4013849,2,draft,105,2pjv6j9n,"Del Pivo, Marco",jpgr1uft,Amy James,L,0-2,2013.17,,,1809.21,1830.88,21.67
4013750,2,draft,6,2t3iotiu,Kazuya Takuwa,axfogvl6,Marc Peral,W,2-0,1737.15,1760.58,23.43,2044.4,2020.97,-23.43
4013791,2,draft,47,2vmnlvst,"Cordobes, Albert",6bmqreq2,Mark Tubola,L,0-2,1980.41,,,1850.11,1870.47,20.36
4013858,2,draft,114,2yxw7amh,"Angeles Servin, Alfredo Aaron",ioxsup46,Suorsa Miitri,L,0-2,1508.87,,,1664.15,1679.34,15.19
4013898,2,draft,154,2zm33fzl,Eleanor Dubreuil,hhuqajyt,Ryouta Mishina,W,2-1,1714.95,1734.51,19.56,1800.6,1781.05,-19.55
4013799,2,draft,55,336bqtu6,"Zhang, Rei",4n3bd7nj,Nico Ferrigno,W,2-1,2006.6,,,1917.85,1901.47,-16.38
4013883,2,draft,139,33jofyde,"van der Heiden, Jay",8x1h9yn0,Gabriel Bostic,L,1-2,1585.67,,,1838.57,1852.05,13.48
4013758,2,draft,14,34h2qsa9,Jonny Guttman,jn5kno9m,Ryan Mullens,W,2-1,1981.57,2001.67,20.1,2096.99,2076.89,-20.1
4013877,2,draft,133,37okj715,Lukas Schwendinger,fywsbcwb,Julius Fan,W,2-1,1798.36,1819.72,21.36,1984.63,1963.27,-21.36
4013833,2,draft,89,38q7bl47,Alex Rohan,9t0i3vyv,Karl Sarap,W,2-0,2063.49,2080.51,17.02,2010.02,1992.99,-17.03
4013805,2,draft,61,3ayzk61f,Devon Straub,l0nqx8nx,"Jones, Ben",W,2-0,2016.97,2036.71,19.74,2112.26,,
4013779,2,draft,35,3bh1f0mb,Curtis Lam,q9xm94yx,Robert Wagner-Krankel,L,1-2,1848.82,1829.63,-19.19,1783.32,1802.52,19.2
4013869,2,draft,125,3l0vbst8,Thirawat Chaovarindr,ccwsbbsz,Jeff Jao,W,2-0,1913.98,1928.73,14.75,1734.0,1719.25,-14.75
4013904,2,draft,160,3m2v9pq5,Shuhei Nakamura,j1ilwfgj,Aylin Davis,L,0-2,2018.57,1997.02,-21.55,1821.63,1843.18,21.55
4013788,2,draft,44,3tkaanb4,Luis Gobern,kd8wr08l,Yuta Hori,W,2-1,1932.48,1946.76,14.28,1725.68,1711.4,-14.28
4013870,2,draft,126,42r3xhem,Mae French,xbl3uwo2,Alan Hubbard,W,2-0,1988.99,2004.57,15.58,1855.26,1839.68,-15.58
4013856,2,draft,112,462obbta,Arrick Chaulk,apxvwg9g,Seth Manfield,L,1-2,1734.59,1724.06,-10.53,2169.94,2180.48,10.54
4013843,2,draft,99,4a8umq19,Will Krueger,deuz9pk5,Ryan Normandin,W,2-1,2042.2,2056.72,14.52,1849.16,1834.64,-14.52
4013773,2,draft,29,4i2wz2go,Edgar Magalhaes,wrr61zbv,Christoffer Larsen,L,0-2,1970.81,1957.74,-13.07,2248.17,2261.24,13.07
4013852,2,draft,108,5502rkyo,Claire Tian,lzhfk0l7,Pietro Maria Oltolina,L,0-2,1698.04,1679.44,-18.6,1664.94,1683.54,18.6
4013829,2,draft,85,56cr0qb6,Yi Yang,oy8ad8og,Gabriel Joglar,W,2-0,1965.49,1983.1,17.61,1943.98,1926.37,-17.61
4013840,2,draft,96,5ef0632t,Steve Gan,oa3ioxca,Andy Garcia-Romo,L,1-2,2017.89,2002.26,-15.63,2148.5,2164.13,15.63
4013873,2,draft,129,5g92tx55,Spencer Mazur,6arhq0t8,"Ma, Noah",L,1-2,1899.46,1883.06,-16.4,1987.37,,
4013804,2,draft,60,5gbytedy,Atsuki Kihara,s80aw6v9,"Offman, Noe",L,0-2,1939.33,1922.01,-17.32,1976.3,,
4013768,2,draft,24,5h9pep1a,Jacob Mitchell-Rabaey,sbxfa2dv,Atsuya Okuno,W,2-1,1905.78,1922.59,16.81,1840.0,1823.2,-16.8
4013880,2,draft,136,5m2dou5i,Jude Hopkins,8yk0ficp,"Mora Romero, Alejandro",L,1-2,1700.7,1685.91,-14.79,1878.41,,
4013885,2,draft,141,5nc9un5m,Robin Courtiat,ao7gqd8u,Nicholas Odenheimer,W,2-0,1782.29,1803.6,21.31,1966.09,1944.78,-21.31
4013765,2,draft,21,5nzvn1j4,Toru Inoue,o6gkw2bt,Shi Tian Lee,W,2-1,1905.6,1922.28,16.68,1832.79,1816.11,-16.68
4013850,2,draft,106,60wynwt8,Yiren Jiang,rqhrdoas,Charles Eliatamby,W,2-1,1996.53,2013.79,17.26,1955.78,1938.52,-17.26
4013887,2,draft,143,6aaxsfy7,Guillaume Petri,ifvgu0a3,Matthew Wright,L,0-2,1869.27,1854.16,-15.11,2029.07,2044.18,15.11
4013834,2,draft,90,6b7njfgs,Ethan Hollen,kbnqolg0,Gavin Teo,W,2-1,1696.26,1712.87,16.61,1620.08,1603.47,-16.61
4013878,2,draft,134,6o7cy69b,Willy Edel,v89wl7jv,"Fernandez Torres, Alvaro",L,0-2,1931.69,1911.03,-20.66,1784.98,,
4013905,2,draft,161,6vh8n9gw,"Higgins, Evan [USA]",z4lu3jn3,Terry Edwards,L,0-2,1808.23,,,1773.2,1791.84,18.64
4013755,2,draft,11,6vhjryk2,Philip Silberman,ji0rj273,Dylan Pratt,L,0-2,2027.25,2005.25,-22.0,1804.66,1826.65,21.99
4013899,2,draft,155,6yez5lpc,Yang He,l1uqhlkm,Isael Feitosa,L,0-2,1888.69,1870.77,-17.92,1893.03,1910.95,17.92
4013874,2,draft,130,7257flbo,Winston Chamora,wo0ujj9p,Valerie Jade,W,2-0,2023.3,2041.15,17.85,2015.05,1997.2,-17.85
4013778,2,draft,34,75uworlu,Xinrong Chen,yaomdkss,Wentong Zhang,L,0-2,1842.67,1823.13,-19.54,1758.39,1777.93,19.54
4013826,2,draft,82,7bcj6xil,Shawn Doherty,ypvuccra,Daniel Weiss,L,0-2,1788.61,1768.39,-20.22,1666.12,1686.34,20.22
4013831,2,draft,87,7ccbrp4c,Etai Kurtzman,chgnyz2i,Nick Deriu,W,2-0,2002.82,2019.05,16.23,1905.43,1889.2,-16.23
4013801,2,draft,57,7r07ic8h,Maciej Jezyna,kyrvj5j9,Edgar Baumler,W,2-0,1775.03,1792.87,17.84,1766.0,1748.17,-17.83
4013851,2,draft,107,7wvvj689,Mitchell Tamblyn,zmb5xcqx,Pedro Molina,W,2-1,2068.91,2080.45,11.54,1698.31,1686.77,-11.54
4013860,2,draft,116,7yb1fq4i,Mikey Bishara,8ry46oq5,Nicolas Cosgrove,L,1-2,1931.26,1909.69,-21.57,1733.17,1754.74,21.57
4013770,2,draft,26,81xkae72,Nam Dang,9ist1h5x,Jody Keith,W,2-0,1998.2,2018.1,19.9,2102.82,2082.92,-19.9
4013890,2,draft,146,8l3ukog4,Julian Riedener,y04pdtin,Chris Kral,L,0-2,1770.69,1756.92,-13.77,2006.76,2020.54,13.78
4013847,2,draft,103,8o1onzs3,"Nielsen, Simon",9r2o9fib,Prez Kuhnke,L,0-2,2163.08,,,1783.05,1807.66,24.61
4013789,2,draft,45,8qvy0oha,Masakuni Hamaguchi,oz33n7wy,"Stark, Ben S",L,1-2,1933.15,1915.83,-17.32,1970.47,,
4013861,2,draft,117,8r8ub5ts,Koki Hara,iikvh8w6,David Kerrigan,W,2-0,1903.89,1917.33,13.44,1648.54,1635.1,-13.44
4013836,2,draft,92,8snu2urd,Jack Young,kphgot73,Brendan Hsu,W,2-0,1776.38,1795.07,18.69,1814.31,1795.62,-18.69
4013753,2,draft,9,8uemg873,Ryan Condon,z2s366ev,Anthony Cuello,W,2-1,2098.26,2113.12,14.86,1924.2,1909.34,-14.86
4013822,2,draft,78,8ymwtvpk,Chang Zheng,yv80zman,"Kho, Sek-Un",W,2-1,1764.72,1782.47,17.75,1750.98,,
4013792,2,draft,48,9am8loyq,Reid Duke,k32x6elu,Yuuki Ichikawa,L,1-2,2202.05,2179.63,-22.42,1954.87,1977.28,22.41
4013815,2,draft,71,9cdybzxw,"Blondiaux, Timothee",a6c0a5by,Haven Gilbert-Avila,W,2-0,1861.59,,,1932.43,1913.14,-19.29
4013757,2,draft,13,9e2i11mk,Kye Nelson,oruuc6vd,Bassel Nasri,W,2-0,1981.42,1999.66,18.24,1994.53,1976.29,-18.24
4013827,2,draft,83,9fixv4fb,Guillermo Loli,prbfum6i,"D'Souza, Kenith",W,2-1,1940.03,1957.44,17.41,1907.85,,
4013762,2,draft,18,9q7jr5pf,Thierry Ramboa,cjf0ru2a,Sebastian Thaler,W,2-0,2015.72,2035.33,19.61,2104.39,2084.77,-19.62
4013816,2,draft,72,a1zp0k3i,Quinn Tonole,o8jo73e1,Collins Mullen,L,0-2,1987.6,1970.65,-16.95,2044.97,2061.93,16.96
4013876,2,draft,132,aoprdgnv,Mike Boulinguiez,g7umra42,Ian Robb,L,0-2,1703.81,1687.86,-15.95,1816.82,1832.77,15.95
4013820,2,draft,76,apxu0evx,Oliver Coffey,ua41p3kc,Nicholas Talbot,L,0-2,1831.4,1815.26,-16.14,1933.67,1949.81,16.14
4013871,2,draft,127,awrwen4n,Rick Hup Beng Lee,mvh6e9tq,Vasilios Morikis,L,1-2,1898.64,1880.38,-18.26,1884.13,1902.4,18.27
4013830,2,draft,86,b1soc7vy,Masashiro Kuroda,hioy7ydm,"Harvey, Clement",W,2-1,1935.09,1949.51,14.42,1736.08,,
4013767,2,draft,23,bchw2dah,"Kane, Liam",dy3df6m4,Jason Qiu,W,2-0,1908.17,,,1831.41,1814.81,-16.6
4013782,2,draft,38,bf5gu0pd,Matt Nass,fsia37fx,Richard Nealston,W,2-1,1980.57,1994.74,14.17,1767.61,1753.44,-14.17
4013787,2,draft,43,bj3mq8l1,Luis Venegas,br2ww8kq,Jack Yudt,L,0-2,1721.71,1705.44,-16.27,1817.02,1833.29,16.27
4013896,2,draft,152,bmxlpfb0,"Xu, Matt",fuoyfsmc,Junichi Adachi,W,2-0,1920.73,,,1578.15,1566.16,-11.99
4013793,2,draft,49,bpk5fpjt,Guglielmo Lupi,swz4omjg,Antonin Branis,W,2-1,2120.73,2134.17,13.44,1865.0,1851.56,-13.44
4013824,2,draft,80,br67eruq,"Castillo Santos, Daniela Isabel",y8e1u0yd,January Adams,L,0-2,1621.3,,,1829.11,1843.37,14.26
4013872,2,draft,128,c5kmg86w,Lorenzo Terlizzi,ieteb820,Alex Friedrichsen,W,2-1,2081.52,2097.22,15.7,1954.43,1938.73,-15.7
4013862,2,draft,118,c7vhz652,Allen Norman,qtkpoy98,Mason Buonadonna,L,0-2,1803.63,1789.04,-14.59,1993.13,2007.72,14.59
4013760,2,draft,16,cewo5vn2,Adriano Melo,ulticqxp,Anthony Lee,L,0-2,1798.93,1781.27,-17.66,1817.52,1835.19,17.67
4013818,2,draft,74,cfr12lns,Valentin Orru,iqk1hqx5,Gavin Meagher,L,0-2,1670.09,1657.23,-12.86,1960.24,1973.09,12.85
4013859,2,draft,115,coibjxuk,Nathan Kirner,th5ocm0o,Hiroki Kageyama,W,2-0,1823.25,1843.19,19.94,1929.89,1909.95,-19.94
4013807,2,draft,63,cs0qj8ny,Brennan Roy,yvw9nn4r,Toni Martos,L,1-2,1961.17,1944.19,-16.98,2017.63,2034.6,16.97
4013764,2,draft,20,cxtr7uuw,Josep Sanfeliu,ddeejmn8,John Wager,L,1-2,1957.72,1939.68,-18.04,1955.26,1973.31,18.05
4013900,2,draft,156,dq44xncy,Toni Portolan,ut9cb8sw,Rafael Marin,W,2-0,2289.86,2297.81,7.95,1668.02,1660.07,-7.95
4013810,2,draft,66,dq87d9e6,"Bossaneli Araujo, William",xcgpultt,Sam Bogue,W,2-0,2063.88,,,1933.0,1917.37,-15.63
4013784,2,draft,40,e7yew0je,Ivan Saenz,rt4irfpd,Aedan Simons-Rudolph,L,1-2,1786.59,1768.83,-17.76,1799.65,1817.42,17.77
4013803,2,draft,59,e9kksekk,Mike Sigrist,ox3ctsq5,David Rood,W,2-0,2001.74,2020.51,18.77,2043.87,2025.1,-18.77
4013796,2,draft,52,e9qoi8nt,Alexey Paulot,ewiiryln,Max Rappaport,W,2-0,2173.95,2187.89,13.94,1947.23,1933.3,-13.93
4013766,2,draft,22,e9z9twqj,Marco Belacca,qrilo72j,Kellen Pastore,L,0-2,2034.1,2017.32,-16.78,2100.85,2117.63,16.78
4013855,2,draft,111,elxyz8tl,"Sanchez, Francisco",gam2tsv8,Cyprien Tron,W,2-0,2235.67,,,2055.47,2040.72,-14.75
4013845,2,draft,101,exwav16j,Ken Yukuhiro,n2x9oaz0,"Onoda, Kenji",L,0-2,2241.79,2215.46,-26.33,1747.41,,
4013785,2,draft,41,f21zrfi5,"Garcia Gonzalez, Sergio",o4d4yzce,Abe Schnake,W,2-1,2008.54,,,2020.82,2002.6,-18.22
4013875,2,draft,131,feqlbxuy,"Kaluzny, Matyas",k4i24mu5,Evan Sonnenberg-Rhim,W,2-1,1806.38,,,2058.35,2035.85,-22.5
4013781,2,draft,37,fsw9mgvs,Luis Salvatto,lanbihme,Phillip Li,W,2-0,2207.58,2222.88,15.3,2058.34,2043.04,-15.3
4013809,2,draft,65,gag1uiw8,Maxx Kominowski,vmzl2n0r,Rodrigo Pinheiro,W,2-0,2133.58,2147.17,13.59,1887.31,1873.71,-13.6
4013772,2,draft,28,gln77x5p,Samuel Pardee,vsmld9tt,Christian Calcano,L,1-2,2190.21,2168.22,-21.99,1967.72,1989.71,21.99
4013776,2,draft,32,grqo9am2,"De Gaetano, Carlo",uuoqp9l7,Derrick Davis,W,2-1,1710.36,,,2104.36,2079.53,-24.83
4013786,2,draft,42,h28ep1ds,Adam Brace,rq45xp25,"Bertram, Timo",L,1-2,2070.99,2050.68,-20.31,1943.8,,
4013747,2,draft,3,hcpoppa2,"Flynn, Zach",hmkukxn7,George Berrett,L,1-2,1883.26,,,1755.98,1776.29,20.31
4013774,2,draft,30,hlwt81oy,Eli Kassis,oqgf796b,Mattia Rizzi,W,2-1,2200.95,2215.85,14.9,2029.73,2014.82,-14.91
4013806,2,draft,62,ho41rzpc,Patricio Roman,v64f3aay,Elad Stettner,L,0-2,1917.3,1894.2,-23.1,1629.82,1652.92,23.1
4013751,2,draft,7,hwih6mgh,Jean-Emmanuel Depraz,y5dm09fs,Tyson Roylance,W,2-0,2132.78,2143.71,10.93,1723.06,1712.13,-10.93
4013821,2,draft,77,i2dp3ubf,Atsushi Nakashima,ltct0ppk,Lucas Duchow,L,1-2,1863.75,1846.28,-17.47,1892.55,1910.02,17.47
4013902,2,draft,158,i6joq7x2,Joao Quege,j3ihrdjq,Shaun Henry,L,0-2,1789.94,1776.58,-13.36,2050.17,2063.53,13.36
4013854,2,draft,110,iv2h0zof,Coby Schnepf,jt8tfoyh,"Weiser, Daniel",W,2-1,1737.46,1760.76,23.3,2036.21,,
4013825,2,draft,81,izlk7lhv,"Ng, Hei Wo",t05l3sme,Yuya Hosokawa,L,1-2,1626.46,,,1866.87,1880.57,13.7
4013775,2,draft,31,jpoffa9k,"Benito, Jaime",ud8xjwt9,Ryan Brozovich,L,1-2,1940.51,,,1959.34,1977.0,17.66
4013763,2,draft,19,jrfwzvbo,"Mills Emmett, Asha",spi8ybx3,Corey Burkhart,L,1-2,2133.04,,,2089.86,2108.64,18.78
4013864,2,draft,120,k2i5icls,Javier Ramos,p6sxs8jn,Maxime Rayvich,W,2-1,1558.91,1581.64,22.73,1824.44,1801.71,-22.73
4013798,2,draft,54,k3z2odw0,Daniel Goetschel,zz14clya,Nathan Steuer,L,1-2,2128.71,2108.12,-20.59,1985.64,2006.23,20.59
4013846,2,draft,102,ka9v76mv,Benji Leaf,y46mfw1k,"Martinez, Carlos [MEX]",W,2-1,1747.98,1763.95,15.97,1635.85,,
4013853,2,draft,109,kg6w3gfk,Jake Beardsley,sds7i9fy,"Fauquenoi, Noe",W,2-0,1898.1,1914.84,16.74,1829.17,,
4013895,2,draft,151,kk5yiwgo,"Szyinski, Piotr",vxgk5lbd,Kenta Masukado,L,1-2,1914.24,,,1989.26,2005.89,16.63
4013882,2,draft,138,ktk9r9kq,Wappa Hamada,twdzi2ic,Manato Hosomi,W,2-0,1884.0,1898.89,14.89,1711.59,1696.7,-14.89
4013823,2,draft,79,kzchygxr,Andrew Kidston,pifyvicd,"Schuetz, Stefan",L,1-2,2086.13,2067.77,-18.36,2066.71,,
4013897,2,draft,153,l4x45emr,Tristan Wylde-LaRue,v5debkjw,"Queralt Garriga, Albert",L,0-2,1963.34,1942.68,-20.66,1816.26,,
4013783,2,draft,39,lekird68,Jonathan Melamed,tqwc1ir9,Brian Coval,W,2-1,2013.05,2030.55,17.5,1985.78,1968.28,-17.5
4013771,2,draft,27,lo6wrr1f,Masataka Hori,oul159pu,Marco Cammilluzzi,L,0-2,2119.28,2100.09,-19.19,2054.02,2073.21,19.19
4013817,2,draft,73,m46p08w0,"Santos Esquici, Victor",tf1s0ddy,Kevin Kong,W,2-0,2011.53,,,1804.84,1790.56,-14.28
4013811,2,draft,67,mkq0xzy4,Masahide Moriyama,qll3mq3n,Brandon Kohrs,W,2-0,2062.53,2076.91,14.38,1861.62,1847.23,-14.39
4013761,2,draft,17,mlphz36k,Gregorio Galeotti,z6r4p2ce,Javier Dominguez,L,1-2,1687.91,1676.73,-11.18,2081.33,2092.51,11.18
4013838,2,draft,94,mntoqmss,Kazutaka Oya,rymaal4b,Ben Tudman,W,2-1,1941.37,1960.78,19.41,2018.73,1999.32,-19.41
4013857,2,draft,113,myahi6h7,Eduardo Sajgalik,quea097u,"Lopez, Jorge [MEX]",W,2-0,2138.36,2148.28,9.92,1661.54,,
4013901,2,draft,157,mybfhhle,Jon Beitler,or2i5kf0,Evan Vetter,L,0-2,1678.75,1665.7,-13.05,1957.16,1970.21,13.05
4013886,2,draft,142,nhhe1pi1,Matthew Oomkes,wa3qhmh5,Pier Paolo Moro,W,2-0,1829.85,1843.63,13.78,1594.46,1580.68,-13.78
4013790,2,draft,46,og21dc58,Kenneth Oswald,w8ibxhmk,"Byrd, Michael",L,0-2,1816.32,1801.83,-14.49,2011.32,,
4013863,2,draft,119,oijetp3y,Bernardo Torres,xqogf5dc,"Costa, Matthew",W,2-0,1894.6,1914.69,20.09,2009.16,,
4013865,2,draft,121,oo822yog,Paul Green,wnvbye9w,Yuxuan Zhang,L,1-2,2108.34,2083.11,-25.23,1688.45,1713.68,25.23
4013754,2,draft,10,p2kk3rf1,"von Stange, Alexander",w2mq3pye,Andrew Cuneo,W,2-1,1907.57,,,1928.93,1910.54,-18.39
4013748,2,draft,4,pley1pk6,Julien Henry,upnklhaj,Aidan Mirabelli,L,1-2,2030.3,2014.19,-16.11,2134.65,2150.75,16.1
4013894,2,draft,150,pv9ckf8c,Eli Swafford,yjqw6dtq,Tyler Steinwand,W,2-0,1981.98,1996.05,14.07,1763.0,1748.93,-14.07
4013842,2,draft,98,qiodci2h,"Stange, Jonathan",rct58euk,Elijah Herr,L,0-2,1655.06,,,1908.53,1922.0,13.47
4013769,2,draft,25,qmwpvgrb,"Kikidis, Charalampos",vthtszcf,Jason Reid,W,2-1,2067.39,,,1839.79,1825.87,-13.92
4013777,2,draft,33,r0ndxfmr,Avi Lessure,smlqb2ut,Arne Huschenbeth,L,0-2,2035.75,2021.45,-14.3,2241.76,2256.06,14.3
4013795,2,draft,51,rip7ttlz,Alexander Kans,wgwxf3od,Yimin Zhi,W,2-0,1988.81,2006.31,17.5,1961.31,1943.81,-17.5
4013819,2,draft,75,rj1n7oj4,Joshua Willis,wtntvl5l,Yoshitaka Yamasaki,L,0-2,2061.11,2037.77,-23.34,1759.36,1782.7,23.34
4013814,2,draft,70,rpnmp036,Percy Fang,xgece8kn,"Young, Michael M",L,1-2,1996.72,1974.56,-22.16,1764.3,,
4013759,2,draft,15,rtio0ez5,"White, Thomas [ENG]",vhsiasqx,Samuel Chang,L,1-2,1937.8,,,2148.72,2162.93,14.21
4013746,2,draft,2,s7cmhif5,Neilson Zhang,zciwnzo6,Yuchen Liu,L,1-2,1775.53,1761.46,-14.07,1994.81,2008.87,14.06
4013813,2,draft,69,swh1olqe,"Verdierre, Gaetan",ympa2ttn,Davor Detecnik,L,1-2,1830.01,,,2052.15,2066.17,14.02
4013839,2,draft,95,swqf5brq,Jack Potter,v09smgn2,Gabriel Nicholas,W,2-1,1892.46,1912.01,19.55,1977.78,1958.23,-19.55
4013749,2,draft,5,ttx6udui,Akira Shibata,ydosmtui,Zevin Faust,W,2-0,2046.71,2065.5,18.79,2090.14,2071.35,-18.79
4013889,2,draft,145,u8zb1g86,Victor Hawkins,w7smw1wa,"Lin, Jeff",W,2-1,1987.9,2001.78,13.88,1758.22,,
4013891,2,draft,147,ucdcy25j,Marcus Wosner,zzta7cxz,Ryan Gassaway,W,2-1,1964.27,1978.38,14.11,1747.86,1733.75,-14.11
4013879,2,draft,135,wa456ln4,Cherukad Sajan,x1s81611,Andrew Elenbogen,L,0-2,1629.66,1618.77,-10.89,2041.28,2052.18,10.9
4013893,2,draft,149,wum7k15v,"Astrand, David",xtbco2kd,Justin Schabel,W,2-0,1593.35,,,2052.47,2026.65,-25.82
4013903,2,draft,159,xd98dyts,"Wong, Charles",zr33vcz7,Ben Zoz,W,2-1,2020.01,,,1883.43,1867.91,-15.52
4013752,2,draft,8,xx1j61dt,"Medeiros Merjam, Guilherme",zpnpzas3,William Au,W,2-1,1992.22,,,1711.51,1698.49,-13.02
4013841,2,draft,97,z184xrwz,Nathan Hu,zagotcbk,Pierre Smith,W,2-1,1691.39,1714.28,22.89,1966.57,1943.68,-22.89
4013837,2,draft,93,zpkbk496,Adam Kinnaird,zqql6zm0,Jake Koenig,W,2-1,1634.18,1659.29,25.11,2046.74,2021.62,-25.12
4013989,3,draft,84,07a3r24p,Joshua Saruga,2adkhpoc,Vincent Choy,L,0-2,1904.51,1882.68,-21.83,1691.33,1713.16,21.83
4013948,3,draft,43,0qivecmh,"Martin, Adria",9fixv4fb,Guillermo Loli,W,2-0,1995.07,,,1957.44,1940.13,-17.31
4013954,3,draft,49,0scosskv,Matheus Crusius,swz4omjg,Antonin Branis,W,2-0,1827.19,1845.63,18.44,1851.56,1833.12,-18.44
4013918,3,draft,13,0uqxbitj,Takeshi Ozawa,9e2i11mk,Kye Nelson,L,1-2,1991.25,1973.4,-17.85,1999.66,2017.51,17.85
4013915,3,draft,10,10bptxxv,Aras Senyuz,p2kk3rf1,"von Stange, Alexander",W,2-1,1864.47,1883.6,19.13,1925.96,,
4014049,3,draft,144,10u7a2gt,Shinnosuke Hando,tdoka6qb,Truong Hai Nguyen,L,1-2,1896.26,1877.23,-19.03,1839.32,1858.36,19.04
4013953,3,draft,48,12p06h4s,Shota Yasooka,c5kmg86w,Lorenzo Terlizzi,W,2-1,1976.15,1996.35,20.2,2097.22,2077.02,-20.2
4014014,3,draft,109,14bbh8fs,Raul Porojan,kg6w3gfk,Jake Beardsley,L,0-2,1845.7,1828.96,-16.74,1914.84,1931.58,16.74
4014027,3,draft,122,1fsar1uc,Paul Gabat,7bcj6xil,Shawn Doherty,L,1-2,1575.26,1560.74,-14.52,1768.39,1782.91,14.52
4014009,3,draft,104,1ibvz7s1,"Horiuchi, Makoto",j9ruocra,Gavin Perry,L,0-2,2033.85,,,1969.57,1988.74,19.17
4013933,3,draft,28,1mghnbu5,Mateo Ferreira,vsmld9tt,Christian Calcano,W,2-0,1987.64,2005.68,18.04,1989.71,1971.67,-18.04
4013906,3,draft,1,1mgu2l1k,Adam Edelson,f21zrfi5,"Garcia Gonzalez, Sergio",W,2-1,2113.81,2130.23,16.42,2026.77,,
4014036,3,draft,131,1o2chbpk,Neil Estrada,k4i24mu5,Evan Sonnenberg-Rhim,L,1-2,2035.25,2017.26,-17.99,2035.85,2053.84,17.99
4013929,3,draft,24,1yfv22vg,Muhan Yu,5h9pep1a,Jacob Mitchell-Rabaey,L,0-2,2068.46,2047.82,-20.64,1922.59,1943.23,20.64
4013923,3,draft,18,222vn7x7,Christian Baker,9q7jr5pf,Thierry Ramboa,L,0-2,1862.59,1847.71,-14.88,2035.33,2050.21,14.88
4014021,3,draft,116,25hfvyjf,"Torrico, Carlos",apxu0evx,Oliver Coffey,L,0-2,1861.87,,,1815.26,1834.11,18.85
4013917,3,draft,12,282fp22n,"Inglis, David [USA]",e9qoi8nt,Alexey Paulot,W,2-1,2045.21,,,2187.89,2167.3,-20.59
4013911,3,draft,6,2t3iotiu,Kazuya Takuwa,w8ibxhmk,"Byrd, Michael",L,1-2,1760.58,1747.31,-13.27,2025.8,,
4013952,3,draft,47,2vmnlvst,"Cordobes, Albert",y5dm09fs,Tyson Roylance,L,0-2,1960.04,,,1712.13,1734.56,22.43
4014058,3,draft,153,2yxw7amh,"Angeles Servin, Alfredo Aaron",l4x45emr,Tristan Wylde-LaRue,W,2-1,1493.68,,,1942.68,1917.01,-25.67
4014020,3,draft,115,2zm33fzl,Eleanor Dubreuil,3bh1f0mb,Curtis Lam,W,2-0,1734.51,1754.24,19.73,1829.63,1809.9,-19.73
4013920,3,draft,15,336bqtu6,"Zhang, Rei",vhsiasqx,Samuel Chang,W,2-0,2022.98,,,2162.93,2142.39,-20.54
4014044,3,draft,139,33jofyde,"van der Heiden, Jay",deuz9pk5,Ryan Normandin,L,0-2,1572.19,,,1834.64,1847.96,13.32
4013919,3,draft,14,34h2qsa9,Jonny Guttman,zz14clya,Nathan Steuer,L,0-2,2001.67,1983.75,-17.92,2006.23,2024.15,17.92
4013958,3,draft,53,37okj715,Lukas Schwendinger,zpkbk496,Adam Kinnaird,W,2-0,1819.72,1834.81,15.09,1659.29,1644.2,-15.09
4013994,3,draft,89,38q7bl47,Alex Rohan,6arhq0t8,"Ma, Noah",W,2-0,2080.51,2097.12,16.61,2003.77,,
4013926,3,draft,21,3ayzk61f,Devon Straub,5nzvn1j4,Toru Inoue,L,0-2,2036.71,2016.63,-20.08,1922.28,1942.36,20.08
4014030,3,draft,125,3l0vbst8,Thirawat Chaovarindr,8qvy0oha,Masakuni Hamaguchi,L,1-2,1928.73,1910.49,-18.24,1915.83,1934.07,18.24
4014065,3,draft,160,3m2v9pq5,Shuhei Nakamura,ccwsbbsz,Jeff Jao,L,1-2,1997.02,1974.09,-22.93,1719.25,1742.18,22.93
4013909,3,draft,4,3tkaanb4,Luis Gobern,upnklhaj,Aidan Mirabelli,L,1-2,1946.76,1932.43,-14.33,2150.75,2165.08,14.33
4013991,3,draft,86,42r3xhem,Mae French,b1soc7vy,Masashiro Kuroda,W,2-0,2004.57,2021.56,16.99,1949.51,1932.51,-17.0
4014056,3,draft,151,462obbta,Arrick Chaulk,kk5yiwgo,"Szyinski, Piotr",L,0-2,1724.06,1709.19,-14.87,1897.6,,
4013964,3,draft,59,4a8umq19,Will Krueger,ox3ctsq5,David Rood,W,2-1,2056.72,2074.14,17.42,2025.1,2007.68,-17.42
4013974,3,draft,69,4i2wz2go,Edgar Magalhaes,swh1olqe,"Verdierre, Gaetan",W,2-1,1957.74,1973.18,15.44,1816.0,,
4014000,3,draft,95,4n3bd7nj,Nico Ferrigno,rtio0ez5,"White, Thomas [ENG]",L,1-2,1901.47,1883.87,-17.6,1923.59,,
4014052,3,draft,147,5502rkyo,Claire Tian,zzta7cxz,Ryan Gassaway,L,1-2,1679.44,1662.43,-17.01,1733.75,1750.76,17.01
4013910,3,draft,5,56cr0qb6,Yi Yang,oz33n7wy,"Stark, Ben S",W,2-0,1983.1,2001.18,18.08,1987.79,,
4013921,3,draft,16,5ef0632t,Steve Gan,ulticqxp,Anthony Lee,L,0-2,2002.26,1981.24,-21.02,1835.19,1856.2,21.01
4014034,3,draft,129,5g92tx55,Spencer Mazur,9t0i3vyv,Karl Sarap,L,1-2,1883.06,1867.06,-16.0,1992.99,2009.0,16.01
4014005,3,draft,100,5gbytedy,Atsuki Kihara,cxtr7uuw,Josep Sanfeliu,W,2-1,1922.01,1940.33,18.32,1939.68,1921.36,-18.32
4014066,3,draft,161,5m2dou5i,Jude Hopkins,6vh8n9gw,"Higgins, Evan [USA]",W,2-1,1685.91,1705.8,19.89,1789.59,,
4013966,3,draft,61,5nc9un5m,Robin Courtiat,n2x9oaz0,"Onoda, Kenji",W,2-0,1803.6,1821.06,17.46,1773.75,,
4014011,3,draft,106,60wynwt8,Yiren Jiang,iuw859gm,Matt Sperling,W,2-1,2013.79,2033.91,20.12,2130.42,2110.3,-20.12
4014048,3,draft,143,6aaxsfy7,Guillaume Petri,8o1onzs3,"Nielsen, Simon",L,0-2,1854.16,1841.21,-12.95,2138.47,,
4013955,3,draft,50,6b7njfgs,Ethan Hollen,7257flbo,Winston Chamora,L,1-2,1712.87,1700.65,-12.22,2041.15,2053.37,12.22
4013912,3,draft,7,6bmqreq2,Mark Tubola,hwih6mgh,Jean-Emmanuel Depraz,W,2-0,1870.47,1893.33,22.86,2143.71,2120.85,-22.86
4014039,3,draft,134,6o7cy69b,Willy Edel,rymaal4b,Ben Tudman,W,2-0,1911.03,1930.64,19.61,1999.32,1979.72,-19.6
4013996,3,draft,91,6vhjryk2,Philip Silberman,wgwxf3od,Yimin Zhi,L,1-2,2005.25,1986.13,-19.12,1943.81,1962.93,19.12
4014060,3,draft,155,6yez5lpc,Yang He,7yb1fq4i,Mikey Bishara,L,0-2,1870.77,1853.48,-17.29,1909.69,1926.98,17.29
4013979,3,draft,74,75uworlu,Xinrong Chen,ioxsup46,Suorsa Miitri,L,0-2,1823.13,1802.53,-20.6,1679.34,1699.95,20.61
4013992,3,draft,87,7ccbrp4c,Etai Kurtzman,mvh6e9tq,Vasilios Morikis,L,0-2,2019.05,1998.93,-20.12,1902.4,1922.52,20.12
4013922,3,draft,17,7r07ic8h,Maciej Jezyna,z6r4p2ce,Javier Dominguez,L,0-2,1792.87,1780.17,-12.7,2092.51,2105.21,12.7
4013972,3,draft,67,7wvvj689,Mitchell Tamblyn,y04pdtin,Chris Kral,W,2-0,2080.45,2097.36,16.91,2020.54,2003.63,-16.91
4013941,3,draft,36,7zo943oe,Yang Chen,ua41p3kc,Nicholas Talbot,W,2-0,1976.35,1993.87,17.52,1949.81,1932.3,-17.51
4013931,3,draft,26,81xkae72,Nam Dang,dq87d9e6,"Bossaneli Araujo, William",W,2-1,2018.1,2037.22,19.12,2079.51,,
4014028,3,draft,123,8agu6e8x,Takuya Hasegawa,prbfum6i,"D'Souza, Kenith",L,1-2,1859.5,1842.06,-17.44,1890.44,,
4014051,3,draft,146,8l3ukog4,Julian Riedener,zmb5xcqx,Pedro Molina,W,2-0,1756.92,1773.64,16.72,1686.77,1670.05,-16.72
4013982,3,draft,77,8r8ub5ts,Koki Hara,dq44xncy,Toni Portolan,W,2-0,1917.33,1941.95,24.62,2297.81,2273.2,-24.61
4013981,3,draft,76,8ry46oq5,Nicolas Cosgrove,l1uqhlkm,Isael Feitosa,W,2-1,1754.74,1775.56,20.82,1910.95,1890.12,-20.83
4013997,3,draft,92,8snu2urd,Jack Young,ewiiryln,Max Rappaport,W,2-1,1795.07,1815.58,20.51,1933.3,1912.79,-20.51
4013914,3,draft,9,8uemg873,Ryan Condon,z184xrwz,Nathan Hu,L,1-2,2113.12,2088.21,-24.91,1714.28,1739.19,24.91
4014004,3,draft,99,8x1h9yn0,Gabriel Bostic,jrfwzvbo,"Mills Emmett, Asha",L,0-2,1852.05,1838.73,-13.32,2114.25,,
4013943,3,draft,38,8ymwtvpk,Chang Zheng,bf5gu0pd,Matt Nass,W,2-1,1782.47,1804.28,21.81,1994.74,1972.93,-21.81
4013993,3,draft,88,9am8loyq,Reid Duke,zpnpzas3,William Au,W,2-1,2179.63,2189.49,9.86,1698.49,1688.64,-9.85
4013936,3,draft,31,9cdybzxw,"Blondiaux, Timothee",ud8xjwt9,Ryan Brozovich,W,2-1,1880.88,,,1977.0,1957.25,-19.75
4013969,3,draft,64,9ciliata,Bryan Rockenbach,sbxfa2dv,Atsuya Okuno,W,2-1,1968.57,1983.94,15.37,1823.2,1807.83,-15.37
4013971,3,draft,66,9ist1h5x,Jody Keith,xcgpultt,Sam Bogue,L,1-2,2082.92,2061.92,-21.0,1917.37,1938.37,21.0
4014008,3,draft,103,9r2o9fib,Prez Kuhnke,ifvgu0a3,Matthew Wright,W,2-0,1807.66,1829.9,22.24,2044.18,2021.94,-22.24
4013977,3,draft,72,a1zp0k3i,Quinn Tonole,uuoqp9l7,Derrick Davis,W,2-0,1970.65,1990.62,19.97,2079.53,2059.55,-19.98
4013976,3,draft,71,a6c0a5by,Haven Gilbert-Avila,jpoffa9k,"Benito, Jaime",W,2-1,1913.14,1931.31,18.17,1922.85,,
4014046,3,draft,141,ao7gqd8u,Nicholas Odenheimer,exwav16j,Ken Yukuhiro,W,2-0,1944.78,1967.6,22.82,2215.46,2192.64,-22.82
4014037,3,draft,132,aoprdgnv,Mike Boulinguiez,kphgot73,Brendan Hsu,L,1-2,1687.86,1671.82,-16.04,1795.62,1811.66,16.04
4014017,3,draft,112,apxvwg9g,Seth Manfield,vxgk5lbd,Kenta Masukado,L,1-2,2180.48,2159.32,-21.16,2005.89,2027.04,21.15
4014032,3,draft,127,awrwen4n,Rick Hup Beng Lee,chgnyz2i,Nick Deriu,L,0-2,1880.38,1862.54,-17.84,1889.2,1907.04,17.84
4013951,3,draft,46,axfogvl6,Marc Peral,og21dc58,Kenneth Oswald,L,0-2,2020.97,1999.04,-21.93,1801.83,1823.76,21.93
4013986,3,draft,81,axpab9cd,James Dimitrov,o4d4yzce,Abe Schnake,L,1-2,2001.19,1983.22,-17.97,2002.6,2020.57,17.97
4013928,3,draft,23,bchw2dah,"Kane, Liam",yvw9nn4r,Toni Martos,L,1-2,1924.77,,,2034.6,2050.6,16.0
4014003,3,draft,98,bgw70171,Arch Dota,cjf0ru2a,Sebastian Thaler,L,1-2,2109.95,2091.5,-18.45,2084.77,2103.23,18.46
4013988,3,draft,83,bj3mq8l1,Luis Venegas,hcpoppa2,"Flynn, Zach",W,2-0,1705.44,1726.29,20.85,1862.95,,
4014018,3,draft,113,bmxlpfb0,"Xu, Matt",myahi6h7,Eduardo Sajgalik,L,1-2,1932.72,,,2148.28,2162.41,14.13
4014002,3,draft,97,bpk5fpjt,Guglielmo Lupi,hj5ztc7w,Huaxing Bai,W,2-0,2134.17,2150.11,15.94,2020.96,2005.02,-15.94
4013908,3,draft,3,br2ww8kq,Jack Yudt,hmkukxn7,George Berrett,L,1-2,1833.29,1814.25,-19.04,1776.29,1795.33,19.04
4013985,3,draft,80,br67eruq,"Castillo Santos, Daniela Isabel",e7yew0je,Ivan Saenz,W,2-1,1607.03,,,1768.83,1747.9,-20.93
4013956,3,draft,51,c3ei1s37,Xiangjun Dai,feqlbxuy,"Kaluzny, Matyas",L,1-2,1800.75,1783.26,-17.49,1828.88,,
4014062,3,draft,157,c7vhz652,Allen Norman,mybfhhle,Jon Beitler,L,0-2,1789.04,1768.8,-20.24,1665.7,1685.94,20.24
4014001,3,draft,96,cewo5vn2,Adriano Melo,z4lu3jn3,Terry Edwards,W,2-0,1781.27,1799.46,18.19,1791.84,1773.64,-18.2
4014019,3,draft,114,cfr12lns,Valentin Orru,v5debkjw,"Queralt Garriga, Albert",L,0-2,1657.23,1642.48,-14.75,1836.92,,
4013980,3,draft,75,coibjxuk,Nathan Kirner,rj1n7oj4,Joshua Willis,L,1-2,1843.19,1828.69,-14.5,2037.77,2052.27,14.5
4013968,3,draft,63,cs0qj8ny,Brennan Roy,dy3df6m4,Jason Qiu,W,2-0,1944.19,1959.85,15.66,1814.81,1799.15,-15.66
4013925,3,draft,20,ddeejmn8,John Wager,s80aw6v9,"Offman, Noe",L,1-2,1973.31,1955.68,-17.63,1993.63,,
4013957,3,draft,52,e0kgwg90,Elliot Fortier,g7umra42,Ian Robb,W,2-0,1845.34,1863.11,17.77,1832.77,1815.0,-17.77
4013924,3,draft,19,e9kksekk,Mike Sigrist,spi8ybx3,Corey Burkhart,W,2-1,2020.51,2040.11,19.6,2108.64,2089.04,-19.6
4013967,3,draft,62,e9z9twqj,Marco Belacca,ho41rzpc,Patricio Roman,L,0-2,2017.32,1997.08,-20.24,1894.2,1914.43,20.23
4014016,3,draft,111,elxyz8tl,"Sanchez, Francisco",pv9ckf8c,Eli Swafford,W,2-1,2250.42,,,1996.05,1982.59,-13.46
4014023,3,draft,118,fsia37fx,Richard Nealston,yv80zman,"Kho, Sek-Un",W,2-1,1753.44,1771.07,17.63,1733.23,,
4013942,3,draft,37,fsw9mgvs,Luis Salvatto,ltct0ppk,Lucas Duchow,W,2-1,2222.88,2235.36,12.48,1910.02,1897.54,-12.48
4014057,3,draft,152,fuoyfsmc,Junichi Adachi,quea097u,"Lopez, Jorge [MEX]",L,0-2,1566.16,1549.72,-16.44,1651.63,,
4014038,3,draft,133,fywsbcwb,Julius Fan,zqql6zm0,Jake Koenig,W,2-0,1963.27,1982.34,19.07,2021.62,2002.56,-19.06
4013930,3,draft,25,gag1uiw8,Maxx Kominowski,qmwpvgrb,"Kikidis, Charalampos",L,0-2,2147.17,2127.97,-19.2,2081.31,,
4014055,3,draft,150,gam2tsv8,Cyprien Tron,yjqw6dtq,Tyler Steinwand,W,2-1,2040.72,2053.55,12.83,1748.93,1736.11,-12.82
4013973,3,draft,68,gln77x5p,Samuel Pardee,ucdcy25j,Marcus Wosner,W,2-0,2168.22,2182.8,14.58,1978.38,1963.8,-14.58
4013937,3,draft,32,grqo9am2,"De Gaetano, Carlo",o8jo73e1,Collins Mullen,L,0-2,1735.19,,,2061.93,2074.18,12.25
4013947,3,draft,42,h28ep1ds,Adam Brace,s7cmhif5,Neilson Zhang,W,2-1,2050.68,2063.55,12.87,1761.46,1748.59,-12.87
4014059,3,draft,154,hhuqajyt,Ryouta Mishina,th5ocm0o,Hiroki Kageyama,L,1-2,1781.05,1765.38,-15.67,1909.95,1925.61,15.66
4014031,3,draft,126,hioy7ydm,"Harvey, Clement",xbl3uwo2,Alan Hubbard,W,2-0,1721.67,,,1839.68,1819.54,-20.14
4013935,3,draft,30,hlwt81oy,Eli Kassis,xgece8kn,"Young, Michael M",W,2-1,2215.85,2226.48,10.63,1786.47,,
4014022,3,draft,117,i2dp3ubf,Atsushi Nakashima,lanbihme,Phillip Li,W,2-1,1846.28,1867.82,21.54,2043.04,2021.5,-21.54
4014063,3,draft,158,i6joq7x2,Joao Quege,xqogf5dc,"Costa, Matthew",L,1-2,1776.58,1762.4,-14.18,1989.08,,
4014033,3,draft,128,ieteb820,Alex Friedrichsen,vvqk8ugq,Dylan Nollen,L,1-2,1938.73,1920.49,-18.24,1925.28,1943.53,18.25
4014061,3,draft,156,iikvh8w6,David Kerrigan,ut9cb8sw,Rafael Marin,L,0-2,1635.1,1617.56,-17.54,1660.07,1677.62,17.55
4013939,3,draft,34,iqk1hqx5,Gavin Meagher,yaomdkss,Wentong Zhang,W,2-1,1973.09,1987.57,14.48,1777.93,1763.44,-14.49
4014015,3,draft,110,iv2h0zof,Coby Schnepf,wum7k15v,"Astrand, David",L,1-2,1760.76,1740.19,-20.57,1619.17,,
4014026,3,draft,121,izlk7lhv,"Ng, Hei Wo",oo822yog,Paul Green,W,2-0,1612.76,,,2083.11,2057.13,-25.98
4013950,3,draft,45,j1ilwfgj,Aylin Davis,ydosmtui,Zevin Faust,L,0-2,1843.18,1829.27,-13.91,2071.35,2085.26,13.91
4013984,3,draft,79,j3ihrdjq,Shaun Henry,oijetp3y,Bernardo Torres,L,0-2,2063.53,2042.84,-20.69,1914.69,1935.38,20.69
4013916,3,draft,11,ji0rj273,Dylan Pratt,rip7ttlz,Alexander Kans,L,1-2,1826.65,1811.89,-14.76,2006.31,2021.06,14.75
4013959,3,draft,54,jn5kno9m,Ryan Mullens,k3z2odw0,Daniel Goetschel,W,2-1,2076.89,2095.46,18.57,2108.12,2089.55,-18.57
4014010,3,draft,105,jpgr1uft,Amy James,u8zb1g86,Victor Hawkins,W,2-0,1830.88,1851.96,21.08,2001.78,1980.69,-21.09
4014054,3,draft,149,jt8tfoyh,"Weiser, Daniel",xtbco2kd,Justin Schabel,L,1-2,2012.92,,,2026.65,2044.4,17.75
4014025,3,draft,120,k2i5icls,Javier Ramos,xd98dyts,"Wong, Charles",L,1-2,1581.64,1571.38,-10.26,2035.53,,
4013913,3,draft,8,k32x6elu,Yuuki Ichikawa,xx1j61dt,"Medeiros Merjam, Guilherme",W,2-0,1977.28,1995.79,18.51,2005.23,,
4013998,3,draft,93,k5r20pva,Allen Wu,oruuc6vd,Bassel Nasri,W,2-1,2094.88,2110.73,15.85,1976.29,1960.45,-15.84
4014007,3,draft,102,ka9v76mv,Benji Leaf,nhhe1pi1,Matthew Oomkes,L,0-2,1763.95,1747.4,-16.55,1843.63,1860.18,16.55
4014035,3,draft,130,kbnqolg0,Gavin Teo,wo0ujj9p,Valerie Jade,L,0-2,1603.47,1592.29,-11.18,1997.2,2008.38,11.18
4013949,3,draft,44,kd8wr08l,Yuta Hori,pley1pk6,Julien Henry,L,0-2,1711.4,1698.76,-12.64,2014.19,2026.84,12.65
4013963,3,draft,58,ktk9r9kq,Wappa Hamada,rct58euk,Elijah Herr,W,2-0,1898.89,1917.31,18.42,1922.0,1903.58,-18.42
4013962,3,draft,57,kyrvj5j9,Edgar Baumler,mlphz36k,Gregorio Galeotti,L,1-2,1748.17,1728.87,-19.3,1676.73,1696.03,19.3
4014024,3,draft,119,kzchygxr,Andrew Kidston,tqwc1ir9,Brian Coval,W,2-0,2067.77,2083.96,16.19,1968.28,1952.09,-16.19
4014006,3,draft,101,l0nqx8nx,"Jones, Ben",o6gkw2bt,Shi Tian Lee,L,1-2,2092.53,,,1816.11,1839.03,22.92
4013944,3,draft,39,lekird68,Jonathan Melamed,pifyvicd,"Schuetz, Stefan",L,1-2,2030.55,2013.54,-17.01,2085.06,,
4014012,3,draft,107,lo6wrr1f,Masataka Hori,qll3mq3n,Brandon Kohrs,L,1-2,2100.09,2077.57,-22.52,1847.23,1869.75,22.52
4014013,3,draft,108,lzhfk0l7,Pietro Maria Oltolina,w1j40t2k,Pedro Flores,L,0-2,1683.54,1668.47,-15.07,1845.41,1860.49,15.08
4013938,3,draft,33,m46p08w0,"Santos Esquici, Victor",smlqb2ut,Arne Huschenbeth,W,2-0,2025.81,,,2256.06,2233.93,-22.13
4013932,3,draft,27,mkq0xzy4,Masahide Moriyama,oul159pu,Marco Cammilluzzi,W,2-0,2076.91,2094.85,17.94,2073.21,2055.28,-17.93
4013999,3,draft,94,mntoqmss,Kazutaka Oya,v89wl7jv,"Fernandez Torres, Alvaro",W,2-0,1960.78,1975.97,15.19,1805.63,,
4013987,3,draft,82,mw706ncx,Yuya Tase,ypvuccra,Daniel Weiss,L,1-2,1826.49,1805.95,-20.54,1686.34,1706.88,20.54
4013995,3,draft,90,ney4ym60,"Walker, Austin",w2mq3pye,Andrew Cuneo,W,2-1,1739.5,,,1910.54,1889.45,-21.09
4013961,3,draft,56,oa3ioxca,Andy Garcia-Romo,ycxedwh1,"DeBenedetto-Plummer, Michael",W,2-0,2164.13,2181.49,17.36,2128.96,,
4013975,3,draft,70,oqgf796b,Mattia Rizzi,rpnmp036,Percy Fang,L,0-2,2014.82,1996.09,-18.73,1974.56,1993.29,18.73
4013983,3,draft,78,or2i5kf0,Evan Vetter,qtkpoy98,Mason Buonadonna,L,0-2,1970.21,1952.89,-17.32,2007.72,2025.03,17.31
4013990,3,draft,85,oy8ad8og,Gabriel Joglar,ttx6udui,Akira Shibata,W,2-1,1926.37,1946.89,20.52,2065.5,2044.98,-20.52
4014064,3,draft,159,p6sxs8jn,Maxime Rayvich,zr33vcz7,Ben Zoz,W,2-0,1801.71,1820.92,19.21,1867.91,1848.7,-19.21
4013940,3,draft,35,q9xm94yx,Robert Wagner-Krankel,wtntvl5l,Yoshitaka Yamasaki,L,1-2,1802.52,1784.15,-18.37,1782.7,1801.06,18.36
4014029,3,draft,124,qi3sp8mj,Sophi Seley,tuti7rxn,Oliver Tomajko,L,0-2,1625.34,1614.64,-10.7,2049.99,2060.68,10.69
4014043,3,draft,138,qiodci2h,"Stange, Jonathan",twdzi2ic,Manato Hosomi,W,2-1,1641.58,,,1696.7,1677.7,-19.0
4013927,3,draft,22,qrilo72j,Kellen Pastore,v64f3aay,Elad Stettner,W,2-0,2117.63,2127.73,10.1,1652.92,1642.82,-10.1
4013978,3,draft,73,r0ndxfmr,Avi Lessure,tf1s0ddy,Kevin Kong,W,2-0,2021.45,2035.31,13.86,1790.56,1776.7,-13.86
4013907,3,draft,2,rq45xp25,"Bertram, Timo",zciwnzo6,Yuchen Liu,L,0-2,1964.11,,,2008.87,2026.06,17.19
4013945,3,draft,40,rt4irfpd,Aedan Simons-Rudolph,y8e1u0yd,January Adams,W,2-0,1817.42,1835.89,18.47,1843.37,1824.9,-18.47
4014053,3,draft,148,sds7i9fy,"Fauquenoi, Noe",z79y5c98,Klarke Trezise,W,2-0,1812.43,,,1634.56,1619.77,-14.79
4013960,3,draft,55,swqf5brq,Jack Potter,x1s81611,Andrew Elenbogen,W,2-1,1912.01,1932.55,20.54,2052.18,2031.64,-20.54
4013946,3,draft,41,t05l3sme,Yuya Hosokawa,wnvbye9w,Yuxuan Zhang,W,2-0,1880.57,1895.56,14.99,1713.68,1698.69,-14.99
4014040,3,draft,135,v09smgn2,Gabriel Nicholas,wa456ln4,Cherukad Sajan,W,2-1,1958.23,1970.27,12.04,1618.77,1606.73,-12.04
4013970,3,draft,65,vmzl2n0r,Rodrigo Pinheiro,vthtszcf,Jason Reid,L,1-2,1873.71,1854.84,-18.87,1825.87,1844.75,18.88
4014047,3,draft,142,wa3qhmh5,Pier Paolo Moro,y46mfw1k,"Martinez, Carlos [MEX]",L,0-2,1580.68,1563.39,-17.29,1619.89,,
4013934,3,draft,29,wrr61zbv,Christoffer Larsen,ympa2ttn,Davor Detecnik,W,2-1,2261.24,2275.72,14.48,2066.17,2051.68,-14.49
4014042,3,draft,137,z2s366ev,Anthony Cuello,zagotcbk,Pierre Smith,W,2-1,1909.34,1927.97,18.63,1943.68,1925.05,-18.63
4014197,4,standard,131,07a3r24p,Joshua Saruga,th5ocm0o,Hiroki Kageyama,L,1-2,1882.68,1865.47,-17.21,1925.61,1942.83,17.22
4014088,4,standard,22,0qivecmh,"Martin, Adria",8uemg873,Ryan Condon,W,2-0,2012.38,,,2088.21,2068.83,-19.38
4014193,4,standard,127,0scosskv,Matheus Crusius,zzta7cxz,Ryan Gassaway,W,2-0,1845.63,1861.91,16.28,1750.76,1734.48,-16.28
4014133,4,standard,67,0uqxbitj,Takeshi Ozawa,ltct0ppk,Lucas Duchow,W,2-1,1973.4,1990.02,16.62,1897.54,1880.93,-16.61
4014070,4,standard,4,10bptxxv,Aras Senyuz,336bqtu6,"Zhang, Rei",L,0-2,1883.6,1868.49,-15.11,2043.52,,
4014221,4,standard,155,10u7a2gt,Shinnosuke Hando,wa456ln4,Cherukad Sajan,L,1-2,1877.23,1854.41,-22.82,1606.73,1629.54,22.81
4014122,4,standard,56,12p06h4s,Shota Yasooka,ioxsup46,Suorsa Miitri,W,2-0,1996.35,2009.1,12.75,1699.95,1687.2,-12.75
4014148,4,standard,82,14bbh8fs,Raul Porojan,oqgf796b,Mattia Rizzi,L,1-2,1828.96,1813.98,-14.98,1996.09,2011.07,14.98
4014216,4,standard,150,1fsar1uc,Paul Gabat,5g92tx55,Spencer Mazur,L,1-2,1560.74,1548.16,-12.58,1867.06,1879.64,12.58
4014184,4,standard,118,1ibvz7s1,"Horiuchi, Makoto",k2i5icls,Javier Ramos,L,0-2,2014.68,,,1571.38,1596.96,25.58
4014074,4,standard,8,1mghnbu5,Mateo Ferreira,rip7ttlz,Alexander Kans,W,2-0,2005.68,2023.96,18.28,2021.06,2002.78,-18.28
4014073,4,standard,7,1mgu2l1k,Adam Edelson,81xkae72,Nam Dang,L,1-2,2130.23,2110.54,-19.69,2037.22,2056.91,19.69
4014215,4,standard,149,1o2chbpk,Neil Estrada,fuoyfsmc,Junichi Adachi,W,2-0,2017.26,2027.32,10.06,1549.72,1539.66,-10.06
4014141,4,standard,75,1yfv22vg,Muhan Yu,grqo9am2,"De Gaetano, Carlo",W,2-1,2047.82,2060.09,12.27,1722.94,,
4014131,4,standard,65,222vn7x7,Christian Baker,k5r20pva,Allen Wu,W,2-1,1847.71,1870.4,22.69,2110.73,2088.04,-22.69
4014147,4,standard,81,25hfvyjf,"Torrico, Carlos",vhsiasqx,Samuel Chang,W,2-0,1843.02,,,2142.39,2119.09,-23.3
4014086,4,standard,20,282fp22n,"Inglis, David [USA]",56cr0qb6,Yi Yang,W,2-1,2065.79,,,2001.18,1984.36,-16.82
4014097,4,standard,31,2adkhpoc,Vincent Choy,r0ndxfmr,Avi Lessure,W,2-1,1713.16,1736.84,23.68,2035.31,2011.64,-23.67
4014198,4,standard,132,2pjv6j9n,"Del Pivo, Marco",ewiiryln,Max Rappaport,W,2-1,2005.08,,,1912.79,1896.47,-16.32
4014105,4,standard,39,2t3iotiu,Kazuya Takuwa,p2kk3rf1,"von Stange, Alexander",L,0-2,1747.31,1732.19,-15.12,1906.84,,
4014202,4,standard,136,2vmnlvst,"Cordobes, Albert",9ist1h5x,Jody Keith,D,1-1,1937.61,,,2061.92,2059.67,-2.25
4014106,4,standard,40,2zm33fzl,Eleanor Dubreuil,mlphz36k,Gregorio Galeotti,L,1-2,1754.24,1735.18,-19.06,1696.03,1715.09,19.06
4014211,4,standard,145,33jofyde,"van der Heiden, Jay",c7vhz652,Allen Norman,L,1-2,1558.87,,,1768.8,1783.03,14.23
4014219,4,standard,153,34h2qsa9,Jonny Guttman,qtkpoy98,Mason Buonadonna,L,0-2,1983.75,1966.5,-17.25,2025.03,2042.28,17.25
4014136,4,standard,70,37okj715,Lukas Schwendinger,7257flbo,Winston Chamora,W,2-0,1834.81,1856.74,21.93,2053.37,2031.45,-21.92
4014108,4,standard,42,38q7bl47,Alex Rohan,br67eruq,"Castillo Santos, Daniela Isabel",W,2-1,2097.12,2107.15,10.03,1627.96,,
4014099,4,standard,33,3ayzk61f,Devon Straub,elxyz8tl,"Sanchez, Francisco",W,2-1,2016.63,2039.05,22.42,2263.88,,
4014185,4,standard,119,3bh1f0mb,Curtis Lam,9t0i3vyv,Karl Sarap,W,2-1,1809.9,1831.48,21.58,2009.0,1987.41,-21.59
4014159,4,standard,93,3l0vbst8,Thirawat Chaovarindr,e9z9twqj,Marco Belacca,W,2-0,1910.49,1930.07,19.58,1997.08,1977.51,-19.57
4014220,4,standard,154,3m2v9pq5,Shuhei Nakamura,xbl3uwo2,Alan Hubbard,W,2-0,1974.09,1989.29,15.2,1819.54,1804.34,-15.2
4014123,4,standard,57,3tkaanb4,Luis Gobern,apxu0evx,Oliver Coffey,W,2-1,1932.43,1948.65,16.22,1834.11,1817.89,-16.22
4014092,4,standard,26,42r3xhem,Mae French,cs0qj8ny,Brennan Roy,W,2-1,2021.56,2038.44,16.88,1959.85,1942.97,-16.88
4014212,4,standard,146,462obbta,Arrick Chaulk,6aaxsfy7,Guillaume Petri,W,2-1,1709.19,1729.59,20.4,1841.21,1820.81,-20.4
4014102,4,standard,36,4a8umq19,Will Krueger,7r07ic8h,Maciej Jezyna,W,2-1,2074.14,2086.93,12.79,1780.17,1767.38,-12.79
4014127,4,standard,61,4i2wz2go,Edgar Magalhaes,aad50tcz,"Stefans, Matthew",L,1-2,1973.18,1950.29,-22.89,1698.21,,
4014183,4,standard,117,4n3bd7nj,Nico Ferrigno,g7umra42,Ian Robb,L,1-2,1883.87,1864.61,-19.26,1815.0,1834.25,19.25
4014209,4,standard,143,5502rkyo,Claire Tian,8agu6e8x,Takuya Hasegawa,W,2-0,1662.43,1683.67,21.24,1842.06,1820.82,-21.24
4014152,4,standard,86,5ef0632t,Steve Gan,hioy7ydm,"Harvey, Clement",L,1-2,1981.24,1958.95,-22.29,1741.81,,
4014138,4,standard,72,5gbytedy,Atsuki Kihara,ud8xjwt9,Ryan Brozovich,L,0-2,1940.33,1922.64,-17.69,1957.25,1974.94,17.69
4014081,4,standard,15,5h9pep1a,Jacob Mitchell-Rabaey,oa3ioxca,Andy Garcia-Romo,W,2-1,1943.23,1965.49,22.26,2181.49,2159.22,-22.27
4014116,4,standard,50,5hec4ugr,"Morales Macaya, Nicolas",rpnmp036,Percy Fang,W,2-0,1671.02,,,1993.29,1969.61,-23.68
4014175,4,standard,109,5m2dou5i,Jude Hopkins,cxtr7uuw,Josep Sanfeliu,W,2-1,1705.8,1727.67,21.87,1921.36,1899.49,-21.87
4014111,4,standard,45,5nc9un5m,Robin Courtiat,jrfwzvbo,"Mills Emmett, Asha",W,2-0,1821.06,1844.48,23.42,2127.58,,
4014082,4,standard,16,5nzvn1j4,Toru Inoue,qmwpvgrb,"Kikidis, Charalampos",W,2-1,1942.36,1963.22,20.86,2100.51,,
4014100,4,standard,34,60wynwt8,Yiren Jiang,9r2o9fib,Prez Kuhnke,L,0-2,2033.91,2012.24,-21.67,1829.9,1851.57,21.67
4014168,4,standard,102,6arhq0t8,"Ma, Noah",oruuc6vd,Bassel Nasri,W,2-1,1987.17,,,1960.45,1942.93,-17.52
4014196,4,standard,130,6b7njfgs,Ethan Hollen,rct58euk,Elijah Herr,W,2-0,1700.65,1722.3,21.65,1903.58,1881.93,-21.65
4014078,4,standard,12,6bmqreq2,Mark Tubola,hmkukxn7,George Berrett,L,0-2,1893.33,1873.55,-19.78,1795.33,1815.11,19.78
4014171,4,standard,105,6o7cy69b,Willy Edel,9fixv4fb,Guillermo Loli,L,1-2,1930.64,1912.81,-17.83,1940.13,1957.96,17.83
4014165,4,standard,99,6vhjryk2,Philip Silberman,coibjxuk,Nathan Kirner,L,1-2,1986.13,1965.28,-20.85,1828.69,1849.54,20.85
4014227,4,standard,161,6yez5lpc,Yang He,exwav16j,Ken Yukuhiro,W,2-1,1853.48,1877.44,23.96,2192.64,2168.68,-23.96
4014166,4,standard,100,75uworlu,Xinrong Chen,w2mq3pye,Andrew Cuneo,W,2-1,1802.53,1822.11,19.58,1889.45,1869.87,-19.58
4014170,4,standard,104,7bcj6xil,Shawn Doherty,wo0ujj9p,Valerie Jade,W,2-1,1782.91,1804.95,22.04,2008.38,1986.33,-22.05
4014158,4,standard,92,7ccbrp4c,Etai Kurtzman,axfogvl6,Marc Peral,W,2-1,1998.93,2016.94,18.01,1999.04,1981.04,-18.0
4014090,4,standard,24,7wvvj689,Mitchell Tamblyn,vsmld9tt,Christian Calcano,L,1-2,2097.36,2077.08,-20.28,1971.67,1991.95,20.28
4014180,4,standard,114,7yb1fq4i,Mikey Bishara,tuti7rxn,Oliver Tomajko,L,1-2,1926.98,1911.41,-15.57,2060.68,2076.26,15.58
4014069,4,standard,3,7zo943oe,Yang Chen,hlwt81oy,Eli Kassis,W,2-0,1993.87,2016.04,22.17,2226.48,2204.31,-22.17
4014149,4,standard,83,8l3ukog4,Julian Riedener,fywsbcwb,Julius Fan,L,1-2,1773.64,1759.4,-14.24,1982.34,1996.59,14.25
4014154,4,standard,88,8o1onzs3,"Nielsen, Simon",u8zb1g86,Victor Hawkins,W,2-0,2151.42,,,1980.69,1965.78,-14.91
4014112,4,standard,46,8qvy0oha,Masakuni Hamaguchi,jpgr1uft,Amy James,W,2-1,1934.07,1950.57,16.5,1851.96,1835.46,-16.5
4014110,4,standard,44,8r8ub5ts,Koki Hara,9ciliata,Bryan Rockenbach,L,1-2,1941.95,1924.71,-17.24,1983.94,2001.18,17.24
4014094,4,standard,28,8ry46oq5,Nicolas Cosgrove,ympa2ttn,Davor Detecnik,L,1-2,1775.56,1762.47,-13.09,2051.68,2064.77,13.09
4014144,4,standard,78,8snu2urd,Jack Young,bchw2dah,"Kane, Liam",L,1-2,1815.58,1799.27,-16.31,1908.77,,
4014156,4,standard,90,8x1h9yn0,Gabriel Bostic,lo6wrr1f,Masataka Hori,L,1-2,1838.73,1825.0,-13.73,2077.57,2091.3,13.73
4014075,4,standard,9,8ymwtvpk,Chang Zheng,o8jo73e1,Collins Mullen,L,0-2,1804.28,1791.08,-13.2,2074.18,2087.37,13.19
4014195,4,standard,129,8zkekidi,"Rangel Paez, Edgar Emmanuel",j1ilwfgj,Aylin Davis,W,2-0,1831.06,,,1829.27,1811.3,-17.97
4014132,4,standard,66,9am8loyq,Reid Duke,oy8ad8og,Gabriel Joglar,W,2-0,2189.49,2203.15,13.66,1946.89,1933.23,-13.66
4014067,4,standard,1,9cdybzxw,"Blondiaux, Timothee",wrr61zbv,Christoffer Larsen,W,2-0,1900.63,,,2275.72,2251.19,-24.53
4014084,4,standard,18,9e2i11mk,Kye Nelson,yvw9nn4r,Toni Martos,L,1-2,2017.51,2000.11,-17.4,2050.6,2068.0,17.4
4014076,4,standard,10,9q7jr5pf,Thierry Ramboa,qrilo72j,Kellen Pastore,W,2-1,2050.21,2069.62,19.41,2127.73,2108.32,-19.41
4014095,4,standard,29,a1zp0k3i,Quinn Tonole,h28ep1ds,Adam Brace,L,1-2,1990.62,1973.95,-16.67,2063.55,2080.22,16.67
4014089,4,standard,23,a6c0a5by,Haven Gilbert-Avila,z2s366ev,Anthony Cuello,W,2-1,1931.31,1949.25,17.94,1927.97,1910.03,-17.94
4014181,4,standard,115,ao7gqd8u,Nicholas Odenheimer,ka9v76mv,Benji Leaf,W,2-1,1967.6,1981.64,14.04,1747.4,1733.35,-14.05
4014225,4,standard,159,aoprdgnv,Mike Boulinguiez,ieteb820,Alex Friedrichsen,L,1-2,1671.82,1658.26,-13.56,1920.49,1934.04,13.55
4014160,4,standard,94,apxvwg9g,Seth Manfield,sds7i9fy,"Fauquenoi, Noe",L,1-2,2159.32,2135.48,-23.84,1827.22,,
4014224,4,standard,158,awrwen4n,Rick Hup Beng Lee,zqql6zm0,Jake Koenig,W,2-0,1862.54,1883.07,20.53,2002.56,1982.02,-20.54
4014164,4,standard,98,axpab9cd,James Dimitrov,kd8wr08l,Yuta Hori,W,2-0,1983.22,1996.17,12.95,1698.76,1685.81,-12.95
4014206,4,standard,140,b1soc7vy,Masashiro Kuroda,ucdcy25j,Marcus Wosner,W,2-0,1932.51,1951.08,18.57,1963.8,1945.23,-18.57
4014098,4,standard,32,bf5gu0pd,Matt Nass,ktk9r9kq,Wappa Hamada,W,2-1,1972.93,1989.91,16.98,1917.31,1900.32,-16.99
4014188,4,standard,122,bgw70171,Arch Dota,n2x9oaz0,"Onoda, Kenji",W,2-1,2091.5,2103.6,12.1,1756.29,,
4014091,4,standard,25,bj3mq8l1,Luis Venegas,j9ruocra,Gavin Perry,L,0-2,1726.29,1712.97,-13.32,1988.74,2002.07,13.33
4014178,4,standard,112,bmxlpfb0,"Xu, Matt",s7cmhif5,Neilson Zhang,L,0-2,1918.59,,,1748.59,1769.67,21.08
4014118,4,standard,52,bpk5fpjt,Guglielmo Lupi,ddeejmn8,John Wager,L,0-2,2150.11,2128.61,-21.5,1955.68,1977.18,21.5
4014137,4,standard,71,br2ww8kq,Jack Yudt,q9xm94yx,Robert Wagner-Krankel,W,2-1,1814.25,1831.7,17.45,1784.15,1766.7,-17.45
4014169,4,standard,103,c3ei1s37,Xiangjun Dai,lzhfk0l7,Pietro Maria Oltolina,W,2-0,1783.26,1799.17,15.91,1668.47,1652.55,-15.92
4014191,4,standard,125,c5kmg86w,Lorenzo Terlizzi,or2i5kf0,Evan Vetter,L,1-2,2077.02,2056.77,-20.25,1952.89,1973.15,20.26
4014163,4,standard,97,ccwsbbsz,Jeff Jao,dq44xncy,Toni Portolan,W,2-0,1742.18,1769.03,26.85,2273.2,2246.35,-26.85
4014176,4,standard,110,cewo5vn2,Adriano Melo,v09smgn2,Gabriel Nicholas,W,2-1,1799.46,1820.55,21.09,1970.27,1949.18,-21.09
4014177,4,standard,111,cfr12lns,Valentin Orru,kphgot73,Brendan Hsu,W,2-0,1642.48,1663.53,21.05,1811.66,1790.6,-21.06
4014194,4,standard,128,chgnyz2i,Nick Deriu,dy3df6m4,Jason Qiu,W,2-0,1907.04,1923.08,16.04,1799.15,1783.11,-16.04
4014142,4,standard,76,cjf0ru2a,Sebastian Thaler,rj1n7oj4,Joshua Willis,L,0-2,2103.23,2084.3,-18.93,2052.27,2071.19,18.92
4014150,4,standard,84,deuz9pk5,Ryan Normandin,ttx6udui,Akira Shibata,L,0-2,1847.96,1833.51,-14.45,2044.98,2059.43,14.45
4014121,4,standard,55,e0kgwg90,Elliot Fortier,gln77x5p,Samuel Pardee,L,0-2,1863.11,1850.75,-12.36,2182.8,2195.16,12.36
4014182,4,standard,116,e7yew0je,Ivan Saenz,x1s81611,Andrew Elenbogen,L,0-2,1747.9,1734.94,-12.96,2031.64,2044.6,12.96
4014079,4,standard,13,e9kksekk,Mike Sigrist,rt4irfpd,Aedan Simons-Rudolph,W,2-0,2040.11,2054.44,14.33,1835.89,1821.56,-14.33
4014134,4,standard,68,e9qoi8nt,Alexey Paulot,v64f3aay,Elad Stettner,W,2-1,2167.3,2176.54,9.24,1642.82,1633.58,-9.24
4014145,4,standard,79,f21zrfi5,"Garcia Gonzalez, Sergio",vxgk5lbd,Kenta Masukado,L,0-2,2010.35,,,2027.04,2044.74,17.7
4014126,4,standard,60,feqlbxuy,"Kaluzny, Matyas",o4d4yzce,Abe Schnake,W,2-0,1846.36,,,2020.57,1999.42,-21.15
4014101,4,standard,35,fsia37fx,Richard Nealston,ho41rzpc,Patricio Roman,W,2-1,1771.07,1791.67,20.6,1914.43,1893.84,-20.59
4014072,4,standard,6,fsw9mgvs,Luis Salvatto,k32x6elu,Yuuki Ichikawa,W,2-0,2235.36,2249.07,13.71,1995.79,1982.08,-13.71
4014117,4,standard,51,gag1uiw8,Maxx Kominowski,oijetp3y,Bernardo Torres,L,1-2,2127.97,2106.5,-21.47,1935.38,1956.85,21.47
4014172,4,standard,106,gam2tsv8,Cyprien Tron,hcpoppa2,"Flynn, Zach",W,2-0,2053.55,2067.75,14.2,1842.1,,
4014210,4,standard,144,hhuqajyt,Ryouta Mishina,jt8tfoyh,"Weiser, Daniel",W,2-1,1765.38,1787.5,22.12,1995.17,,
4014205,4,standard,139,hj5ztc7w,Huaxing Bai,uuoqp9l7,Derrick Davis,L,1-2,2005.02,1988.01,-17.01,2059.55,2076.55,17.0
4014129,4,standard,63,hwih6mgh,Jean-Emmanuel Depraz,rtio0ez5,"White, Thomas [ENG]",W,2-1,2120.85,2135.6,14.75,1941.18,,
4014103,4,standard,37,i2dp3ubf,Atsushi Nakashima,kg6w3gfk,Jake Beardsley,W,2-1,1867.82,1886.98,19.16,1931.58,1912.42,-19.16
4014213,4,standard,147,i6joq7x2,Joao Quege,z79y5c98,Klarke Trezise,L,0-2,1762.4,1741.81,-20.59,1619.77,1640.35,20.58
4014207,4,standard,141,ifvgu0a3,Matthew Wright,j3ihrdjq,Shaun Henry,W,2-1,2021.94,2040.32,18.38,2042.84,2024.46,-18.38
4014226,4,standard,160,iikvh8w6,David Kerrigan,zmb5xcqx,Pedro Molina,W,2-1,1617.56,1636.51,18.95,1670.05,1651.09,-18.96
4014085,4,standard,19,iqk1hqx5,Gavin Meagher,upnklhaj,Aidan Mirabelli,W,2-1,1987.57,2008.78,21.21,2165.08,2143.88,-21.2
4014190,4,standard,124,iuw859gm,Matt Sperling,vvqk8ugq,Dylan Nollen,L,0-2,2110.3,2089.29,-21.01,1943.53,1964.54,21.01
4014162,4,standard,96,iv2h0zof,Coby Schnepf,tqwc1ir9,Brian Coval,W,2-1,1740.19,1762.0,21.81,1952.09,1930.28,-21.81
4014157,4,standard,91,izlk7lhv,"Ng, Hei Wo",k4i24mu5,Evan Sonnenberg-Rhim,L,1-2,1638.75,,,2053.84,2064.69,10.85
4014119,4,standard,53,ji0rj273,Dylan Pratt,ua41p3kc,Nicholas Talbot,L,1-2,1811.89,1796.08,-15.81,1932.3,1948.11,15.81
4014114,4,standard,48,jn5kno9m,Ryan Mullens,xd98dyts,"Wong, Charles",L,1-2,2095.46,2076.56,-18.9,2045.79,,
4014167,4,standard,101,jpoffa9k,"Benito, Jaime",p6sxs8jn,Maxime Rayvich,L,0-2,1904.68,,,1820.92,1840.44,19.52
4014201,4,standard,135,k3z2odw0,Daniel Goetschel,rqhrdoas,Charles Eliatamby,W,2-1,2089.55,2104.81,15.26,1938.52,1923.26,-15.26
4014214,4,standard,148,kbnqolg0,Gavin Teo,w7smw1wa,"Lin, Jeff",L,1-2,1592.29,1576.8,-15.49,1730.75,,
4014174,4,standard,108,kk5yiwgo,"Szyinski, Piotr",tdoka6qb,Truong Hai Nguyen,W,2-0,1912.47,,,1858.36,1841.35,-17.01
4014173,4,standard,107,kyrvj5j9,Edgar Baumler,qiodci2h,"Stange, Jonathan",W,2-0,1728.87,1745.62,16.75,1660.59,,
4014146,4,standard,80,kzchygxr,Andrew Kidston,mntoqmss,Kazutaka Oya,L,0-2,2083.96,2064.0,-19.96,1975.97,1995.93,19.96
4014204,4,standard,138,l0nqx8nx,"Jones, Ben",xtbco2kd,Justin Schabel,W,2-0,2069.61,,,2044.4,2026.86,-17.54
4014187,4,standard,121,l1uqhlkm,Isael Feitosa,zagotcbk,Pierre Smith,L,1-2,1890.12,1872.76,-17.36,1925.05,1942.41,17.36
4014217,4,standard,151,l4x45emr,Tristan Wylde-LaRue,zr33vcz7,Ben Zoz,W,2-0,1917.01,1933.76,16.75,1848.7,1831.94,-16.76
4014161,4,standard,95,lanbihme,Phillip Li,pv9ckf8c,Eli Swafford,W,2-1,2021.5,2038.79,17.29,1982.59,1965.3,-17.29
4014128,4,standard,62,lekird68,Jonathan Melamed,wum7k15v,"Astrand, David",L,1-2,2013.54,1989.03,-24.51,1639.74,,
4014080,4,standard,14,mkq0xzy4,Masahide Moriyama,zz14clya,Nathan Steuer,L,0-2,2094.85,2075.56,-19.29,2024.15,2043.44,19.29
4014109,4,standard,43,mvh6e9tq,Vasilios Morikis,yaomdkss,Wentong Zhang,W,2-1,1922.52,1937.64,15.12,1763.44,1748.32,-15.12
4014151,4,standard,85,mw706ncx,Yuya Tase,y04pdtin,Chris Kral,L,1-2,1805.95,1791.51,-14.44,2003.63,2018.07,14.44
4014135,4,standard,69,myahi6h7,Eduardo Sajgalik,xx1j61dt,"Medeiros Merjam, Guilherme",L,1-2,2162.41,2141.24,-21.17,1986.72,,
4014199,4,standard,133,mybfhhle,Jon Beitler,y46mfw1k,"Martinez, Carlos [MEX]",D,1-1,1685.94,1685.05,-0.89,1637.17,,
4014120,4,standard,54,ney4ym60,"Walker, Austin",nhhe1pi1,Matthew Oomkes,L,1-2,1760.59,,,1860.18,1876.37,16.19
4014143,4,standard,77,o6gkw2bt,Shi Tian Lee,ydosmtui,Zevin Faust,W,2-0,1839.03,1861.43,22.4,2085.26,2062.86,-22.4
4014139,4,standard,73,og21dc58,Kenneth Oswald,pley1pk6,Julien Henry,W,2-1,1823.76,1845.42,21.66,2026.84,2005.18,-21.66
4014218,4,standard,152,oo822yog,Paul Green,twdzi2ic,Manato Hosomi,W,2-0,2057.13,2068.53,11.4,1677.7,1666.3,-11.4
4014096,4,standard,30,oul159pu,Marco Cammilluzzi,smlqb2ut,Arne Huschenbeth,W,2-1,2055.28,2076.5,21.22,2233.93,2212.71,-21.22
4014203,4,standard,137,ox3ctsq5,David Rood,wnvbye9w,Yuxuan Zhang,L,1-2,2007.68,1984.22,-23.46,1698.69,1722.15,23.46
4014125,4,standard,59,oz33n7wy,"Stark, Ben S",wgwxf3od,Yimin Zhi,W,2-1,1969.71,,,1962.93,1945.06,-17.87
4014115,4,standard,49,qi3sp8mj,Sophi Seley,swz4omjg,Antonin Branis,L,0-2,1614.64,1600.56,-14.08,1833.12,1847.19,14.07
4014222,4,standard,156,qjuk86iv,"Iriarte Valenzuela, Mauricio",wa3qhmh5,Pier Paolo Moro,L,1-2,1634.69,,,1563.39,1582.69,19.3
4014124,4,standard,58,qll3mq3n,Brandon Kohrs,t05l3sme,Yuya Hosokawa,L,1-2,1869.75,1852.22,-17.53,1895.56,1913.08,17.52
4014189,4,standard,123,quea097u,"Lopez, Jorge [MEX]",zpkbk496,Adam Kinnaird,W,2-0,1668.07,,,1644.2,1626.63,-17.57
4014223,4,standard,157,rymaal4b,Ben Tudman,yjqw6dtq,Tyler Steinwand,L,1-2,1979.72,1957.36,-22.36,1736.11,1758.46,22.35
4014077,4,standard,11,s80aw6v9,"Offman, Noe",wtntvl5l,Yoshitaka Yamasaki,W,2-0,2011.26,,,1801.06,1786.84,-14.22
4014186,4,standard,120,sbxfa2dv,Atsuya Okuno,swh1olqe,"Verdierre, Gaetan",L,1-2,1807.83,1789.7,-18.13,1800.56,,
4014113,4,standard,47,spi8ybx3,Corey Burkhart,y5dm09fs,Tyson Roylance,L,1-2,2089.04,2064.84,-24.2,1734.56,1758.77,24.21
4014087,4,standard,21,swqf5brq,Jack Potter,z6r4p2ce,Javier Dominguez,W,2-1,1932.55,1953.67,21.12,2105.21,2084.09,-21.12
4014208,4,standard,142,tf1s0ddy,Kevin Kong,z4lu3jn3,Terry Edwards,W,2-0,1776.7,1794.64,17.94,1773.64,1755.7,-17.94
4014071,4,standard,5,ulticqxp,Anthony Lee,zciwnzo6,Yuchen Liu,W,2-1,1856.2,1877.27,21.07,2026.06,2004.99,-21.07
4014200,4,standard,134,ut9cb8sw,Rafael Marin,xqogf5dc,"Costa, Matthew",W,2-0,1677.62,1701.35,23.73,2003.26,,
4014153,4,standard,87,vmzl2n0r,Rodrigo Pinheiro,zpnpzas3,William Au,L,1-2,1854.84,1833.84,-21.0,1688.64,1709.64,21.0
4014093,4,standard,27,vthtszcf,Jason Reid,xcgpultt,Sam Bogue,W,2-1,1844.75,1864.45,19.7,1938.37,1918.66,-19.71
4014104,4,standard,38,w1j40t2k,Pedro Flores,xgece8kn,"Young, Michael M",W,2-0,1860.49,1876.95,16.46,1775.84,,
4014068,4,standard,2,w8ibxhmk,"Byrd, Michael",z184xrwz,Nathan Hu,W,2-1,2039.08,,,1739.19,1726.5,-12.69
4014130,4,standard,64,y8e1u0yd,January Adams,ypvuccra,Daniel Weiss,L,1-2,1824.9,1804.75,-20.15,1706.88,1727.03,20.15
4014368,5,standard,140,07a3r24p,Joshua Saruga,wo0ujj9p,Valerie Jade,L,1-2,1865.47,1849.66,-15.81,1986.33,2002.14,15.81
4014263,5,standard,35,0qivecmh,"Martin, Adria",3ayzk61f,Devon Straub,W,2-1,2031.77,,,2039.05,2020.91,-18.14
4014314,5,standard,86,0scosskv,Matheus Crusius,cewo5vn2,Adriano Melo,W,2-1,1861.91,1879.15,17.24,1820.55,1803.3,-17.25
4014241,5,standard,13,0uqxbitj,Takeshi Ozawa,1mgu2l1k,Adam Edelson,W,2-0,1990.02,2010.21,20.19,2110.54,2090.35,-20.19
4014252,5,standard,24,10bptxxv,Aras Senyuz,9e2i11mk,Kye Nelson,L,0-2,1868.49,1852.88,-15.61,2000.11,2015.73,15.62
4014268,5,standard,40,12p06h4s,Shota Yasooka,ympa2ttn,Davor Detecnik,W,2-1,2009.1,2028.11,19.01,2064.77,2045.75,-19.02
4014344,5,standard,116,14bbh8fs,Raul Porojan,ka9v76mv,Benji Leaf,W,2-1,1813.98,1830.51,16.53,1733.35,1716.82,-16.53
4014387,5,standard,159,1fsar1uc,Paul Gabat,rymaal4b,Ben Tudman,L,1-2,1548.16,1537.22,-10.94,1957.36,1968.29,10.93
4014348,5,standard,120,1ibvz7s1,"Horiuchi, Makoto",w2mq3pye,Andrew Cuneo,L,0-2,1989.09,,,1869.87,1890.03,20.16
4014230,5,standard,2,1mghnbu5,Mateo Ferreira,5h9pep1a,Jacob Mitchell-Rabaey,W,2-0,2023.96,2040.89,16.93,1965.49,1948.56,-16.93
4014362,5,standard,134,1o2chbpk,Neil Estrada,deuz9pk5,Ryan Normandin,W,2-0,2027.32,2041.83,14.51,1833.51,1819.0,-14.51
4014257,5,standard,29,1yfv22vg,Muhan Yu,2adkhpoc,Vincent Choy,W,2-0,2060.09,2072.4,12.31,1736.84,1724.53,-12.31
4014270,5,standard,42,222vn7x7,Christian Baker,8ymwtvpk,Chang Zheng,W,2-0,1870.4,1886.96,16.56,1791.08,1774.53,-16.55
4014305,5,standard,77,25hfvyjf,"Torrico, Carlos",7ccbrp4c,Etai Kurtzman,W,2-1,1866.32,,,2016.94,1996.21,-20.73
4014232,5,standard,4,282fp22n,"Inglis, David [USA]",7zo943oe,Yang Chen,W,2-0,2082.62,,,2016.04,1999.25,-16.79
4014285,5,standard,57,2pjv6j9n,"Del Pivo, Marco",ioxsup46,Suorsa Miitri,W,2-0,2021.4,,,1687.2,1675.07,-12.13
4014335,5,standard,107,2t3iotiu,Kazuya Takuwa,ji0rj273,Dylan Pratt,L,1-2,1732.19,1715.36,-16.83,1796.08,1812.92,16.84
4014339,5,standard,111,2vmnlvst,"Cordobes, Albert",mybfhhle,Jon Beitler,L,1-2,1939.87,,,1685.05,1707.6,22.55
4014346,5,standard,118,2yxw7amh,"Angeles Servin, Alfredo Aaron",kphgot73,Brendan Hsu,L,1-2,1507.5,,,1790.6,1803.57,12.97
4014294,5,standard,66,2zm33fzl,Eleanor Dubreuil,g7umra42,Ian Robb,L,0-2,1735.18,1718.98,-16.2,1834.25,1850.45,16.2
4014231,5,standard,3,336bqtu6,"Zhang, Rei",81xkae72,Nam Dang,W,2-0,2058.63,,,2056.91,2038.95,-17.96
4014388,5,standard,160,33jofyde,"van der Heiden, Jay",aoprdgnv,Mike Boulinguiez,L,1-2,1544.64,,,1658.26,1674.2,15.94
4014291,5,standard,63,34h2qsa9,Jonny Guttman,rq45xp25,"Bertram, Timo",L,0-2,1966.5,1947.86,-18.64,1930.98,,
4014239,5,standard,11,37okj715,Lukas Schwendinger,swqf5brq,Jack Potter,L,1-2,1856.74,1840.5,-16.24,1953.67,1969.91,16.24
4014247,5,standard,19,38q7bl47,Alex Rohan,5hec4ugr,"Morales Macaya, Nicolas",W,2-0,2107.15,2118.03,10.88,1694.7,,
4014298,5,standard,70,3bh1f0mb,Curtis Lam,v89wl7jv,"Fernandez Torres, Alvaro",L,1-2,1831.48,1813.13,-18.35,1812.01,,
4014304,5,standard,76,3l0vbst8,Thirawat Chaovarindr,5gbytedy,Atsuki Kihara,W,2-0,1930.07,1947.93,17.86,1922.64,1904.77,-17.87
4014361,5,standard,133,3m2v9pq5,Shuhei Nakamura,n2x9oaz0,"Onoda, Kenji",W,2-1,1989.29,2002.91,13.62,1744.18,,
4014278,5,standard,50,3tkaanb4,Luis Gobern,mvh6e9tq,Vasilios Morikis,L,0-2,1948.65,1930.44,-18.21,1937.64,1955.84,18.2
4014261,5,standard,33,42r3xhem,Mae French,vthtszcf,Jason Reid,L,1-2,2038.44,2017.3,-21.14,1864.45,1885.59,21.14
4014343,5,standard,115,462obbta,Arrick Chaulk,sbxfa2dv,Atsuya Okuno,L,0-2,1729.59,1712.68,-16.91,1789.7,1806.6,16.9
4014256,5,standard,28,4a8umq19,Will Krueger,6bmqreq2,Mark Tubola,W,2-0,2086.93,2101.1,14.17,1873.55,1859.38,-14.17
4014289,5,standard,61,4i2wz2go,Edgar Magalhaes,y04pdtin,Chris Kral,L,1-2,1950.29,1933.52,-16.77,2018.07,2034.83,16.76
4014365,5,standard,137,4n3bd7nj,Nico Ferrigno,wa3qhmh5,Pier Paolo Moro,L,0-2,1864.61,1841.61,-23.0,1582.69,1605.7,23.01
4014350,5,standard,122,5502rkyo,Claire Tian,mw706ncx,Yuya Tase,L,1-2,1683.67,1667.63,-16.04,1791.51,1807.55,16.04
4014258,5,standard,30,56cr0qb6,Yi Yang,ua41p3kc,Nicholas Talbot,L,1-2,1984.36,1965.7,-18.66,1948.11,1966.77,18.66
4014354,5,standard,126,5ef0632t,Steve Gan,axfogvl6,Marc Peral,W,2-0,1958.95,1977.36,18.41,1981.04,1962.63,-18.41
4014352,5,standard,124,5g92tx55,Spencer Mazur,oo822yog,Paul Green,L,1-2,1879.64,1865.05,-14.59,2068.53,2083.12,14.59
4014310,5,standard,82,5m2dou5i,Jude Hopkins,uuoqp9l7,Derrick Davis,L,1-2,1727.67,1715.78,-11.89,2076.55,2088.44,11.89
4014272,5,standard,44,5nc9un5m,Robin Courtiat,i2dp3ubf,Atsushi Nakashima,W,2-1,1844.48,1863.25,18.77,1886.98,1868.21,-18.77
4014235,5,standard,7,5nzvn1j4,Toru Inoue,e9kksekk,Mike Sigrist,W,2-0,1963.22,1982.88,19.66,2054.44,2034.78,-19.66
4014284,5,standard,56,60wynwt8,Yiren Jiang,8uemg873,Ryan Condon,L,1-2,2012.24,1995.27,-16.97,2068.83,2085.8,16.97
4014386,5,standard,158,6aaxsfy7,Guillaume Petri,jt8tfoyh,"Weiser, Daniel",L,1-2,1820.81,1805.57,-15.24,1973.05,,
4014331,5,standard,103,6arhq0t8,"Ma, Noah",jpgr1uft,Amy James,W,2-1,2004.68,,,1835.46,1820.52,-14.94
4014287,5,standard,59,6b7njfgs,Ethan Hollen,hioy7ydm,"Harvey, Clement",W,2-1,1722.3,1741.06,18.76,1764.09,,
4014353,5,standard,125,6o7cy69b,Willy Edel,v09smgn2,Gabriel Nicholas,W,2-1,1912.81,1931.47,18.66,1949.18,1930.52,-18.66
4014359,5,standard,131,6vh8n9gw,"Higgins, Evan [USA]",kd8wr08l,Yuta Hori,W,2-0,1787.86,,,1685.81,1669.67,-16.14
4014347,5,standard,119,6vhjryk2,Philip Silberman,lzhfk0l7,Pietro Maria Oltolina,L,1-2,1965.28,1941.76,-23.52,1652.55,1676.08,23.53
4014277,5,standard,49,6yez5lpc,Yang He,swz4omjg,Antonin Branis,L,0-2,1877.44,1858.88,-18.56,1847.19,1865.74,18.55
4014286,5,standard,58,7257flbo,Winston Chamora,o4d4yzce,Abe Schnake,L,1-2,2031.45,2012.86,-18.59,1999.42,2018.01,18.59
4014332,5,standard,104,75uworlu,Xinrong Chen,ccwsbbsz,Jeff Jao,W,2-1,1822.11,1839.14,17.03,1769.03,1752.0,-17.03
4014324,5,standard,96,7bcj6xil,Shawn Doherty,k3z2odw0,Daniel Goetschel,L,1-2,1804.95,1792.26,-12.69,2104.81,2117.5,12.69
4014281,5,standard,53,7r07ic8h,Maciej Jezyna,ktk9r9kq,Wappa Hamada,W,2-1,1767.38,1787.8,20.42,1900.32,1879.91,-20.41
4014337,5,standard,109,7wvvj689,Mitchell Tamblyn,z2s366ev,Anthony Cuello,L,0-2,2077.08,2056.06,-21.02,1910.03,1931.05,21.02
4014373,5,standard,145,7yb1fq4i,Mikey Bishara,hhuqajyt,Ryouta Mishina,W,2-1,1911.41,1927.16,15.75,1787.5,1771.75,-15.75
4014382,5,standard,154,8agu6e8x,Takuya Hasegawa,exwav16j,Ken Yukuhiro,L,1-2,1820.82,1808.92,-11.9,2168.68,2180.59,11.91
4014367,5,standard,139,8l3ukog4,Julian Riedener,dy3df6m4,Jason Qiu,W,2-0,1759.4,1777.83,18.43,1783.11,1764.68,-18.43
4014333,5,standard,105,8o1onzs3,"Nielsen, Simon",ut9cb8sw,Rafael Marin,L,0-2,2166.34,,,1701.35,1727.26,25.91
4014267,5,standard,39,8qvy0oha,Masakuni Hamaguchi,og21dc58,Kenneth Oswald,W,2-1,1950.57,1966.66,16.09,1845.42,1829.33,-16.09
4014317,5,standard,89,8r8ub5ts,Koki Hara,iv2h0zof,Coby Schnepf,W,2-1,1924.71,1939.77,15.06,1762.0,1746.94,-15.06
4014323,5,standard,95,8ry46oq5,Nicolas Cosgrove,kzchygxr,Andrew Kidston,L,1-2,1762.47,1749.81,-12.66,2064.0,2076.66,12.66
4014292,5,standard,64,8snu2urd,Jack Young,elxyz8tl,"Sanchez, Francisco",L,1-2,1799.27,1788.84,-10.43,2241.46,,
4014356,5,standard,128,8x1h9yn0,Gabriel Bostic,c5kmg86w,Lorenzo Terlizzi,L,1-2,1825.0,1811.15,-13.85,2056.77,2070.61,13.84
4014296,5,standard,68,8yk0ficp,"Mora Romero, Alejandro",q9xm94yx,Robert Wagner-Krankel,W,2-1,1882.67,,,1766.7,1750.81,-15.89
4014279,5,standard,51,8zkekidi,"Rangel Paez, Edgar Emmanuel",bpk5fpjt,Guglielmo Lupi,L,1-2,1849.03,,,2128.61,2141.64,13.03
4014262,5,standard,34,9am8loyq,Reid Duke,o6gkw2bt,Shi Tian Lee,L,0-2,2203.15,2179.15,-24.0,1861.43,1885.43,24.0
4014238,5,standard,10,9cdybzxw,"Blondiaux, Timothee",iqk1hqx5,Gavin Meagher,L,0-2,1925.16,,,2008.78,2025.26,16.48
4014379,5,standard,151,9ciliata,Bryan Rockenbach,v5debkjw,"Queralt Garriga, Albert",W,2-1,2001.18,2016.87,15.69,1874.31,,
4014299,5,standard,71,9fixv4fb,Guillermo Loli,oy8ad8og,Gabriel Joglar,L,1-2,1957.96,1939.51,-18.45,1933.23,1951.68,18.45
4014340,5,standard,112,9ist1h5x,Jody Keith,vhsiasqx,Samuel Chang,L,0-2,2059.67,2042.75,-16.92,2119.09,2136.01,16.92
4014234,5,standard,6,9q7jr5pf,Thierry Ramboa,fsw9mgvs,Luis Salvatto,W,2-0,2069.62,2090.86,21.24,2249.07,2227.83,-21.24
4014254,5,standard,26,9r2o9fib,Prez Kuhnke,y5dm09fs,Tyson Roylance,L,1-2,1851.57,1831.88,-19.69,1758.77,1778.46,19.69
4014374,5,standard,146,9t0i3vyv,Karl Sarap,j3ihrdjq,Shaun Henry,W,2-0,1987.41,2006.09,18.68,2024.46,2005.78,-18.68
4014330,5,standard,102,a1zp0k3i,Quinn Tonole,tf1s0ddy,Kevin Kong,W,2-0,1973.95,1988.72,14.77,1794.64,1779.88,-14.76
4014265,5,standard,37,a6c0a5by,Haven Gilbert-Avila,e9qoi8nt,Alexey Paulot,L,0-2,1949.25,1935.33,-13.92,2176.54,2190.47,13.93
4014269,5,standard,41,aad50tcz,"Stefans, Matthew",mlphz36k,Gregorio Galeotti,W,2-1,1721.11,,,1715.09,1697.2,-17.89
4014325,5,standard,97,ao7gqd8u,Nicholas Odenheimer,xcgpultt,Sam Bogue,W,2-0,1981.64,1998.5,16.86,1918.66,1901.81,-16.85
4014308,5,standard,80,apxu0evx,Oliver Coffey,r0ndxfmr,Avi Lessure,W,2-1,1817.89,1839.38,21.49,2011.64,1990.15,-21.49
4014341,5,standard,113,apxvwg9g,Seth Manfield,cxtr7uuw,Josep Sanfeliu,L,1-2,2135.48,2113.26,-22.22,1899.49,1921.71,22.22
4014375,5,standard,147,awrwen4n,Rick Hup Beng Lee,e9z9twqj,Marco Belacca,W,2-1,1883.07,1902.79,19.72,1977.51,1957.79,-19.72
4014293,5,standard,65,axpab9cd,James Dimitrov,wgwxf3od,Yimin Zhi,L,0-2,1996.17,1977.24,-18.93,1945.06,1963.99,18.93
4014328,5,standard,100,b1soc7vy,Masashiro Kuroda,kg6w3gfk,Jake Beardsley,W,2-0,1951.08,1968.38,17.3,1912.42,1895.12,-17.3
4014264,5,standard,36,bchw2dah,"Kane, Liam",rip7ttlz,Alexander Kans,W,2-0,1925.07,,,2002.78,1983.37,-19.41
4014246,5,standard,18,bf5gu0pd,Matt Nass,k32x6elu,Yuuki Ichikawa,W,2-1,1989.91,2007.77,17.86,1982.08,1964.22,-17.86
4014301,5,standard,73,bgw70171,Arch Dota,qll3mq3n,Brandon Kohrs,L,0-2,2103.6,2081.11,-22.49,1852.22,1874.71,22.49
4014334,5,standard,106,bj3mq8l1,Luis Venegas,swh1olqe,"Verdierre, Gaetan",L,1-2,1712.97,1696.89,-16.08,1818.7,,
4014243,5,standard,15,br2ww8kq,Jack Yudt,m46p08w0,"Santos Esquici, Victor",L,1-2,1831.7,1817.29,-14.41,2030.92,,
4014320,5,standard,92,br67eruq,"Castillo Santos, Daniela Isabel",lanbihme,Phillip Li,W,2-0,1617.93,,,2038.79,2013.54,-25.25
4014311,5,standard,83,c3ei1s37,Xiangjun Dai,y8e1u0yd,January Adams,W,2-0,1799.17,1817.28,18.11,1804.75,1786.65,-18.1
4014378,5,standard,150,c59z9dzj,"Rodrigues Cavalcante, Marcelo",rqhrdoas,Charles Eliatamby,L,0-2,1966.98,,,1923.26,1942.06,18.8
4014380,5,standard,152,c7vhz652,Allen Norman,y46mfw1k,"Martinez, Carlos [MEX]",L,0-2,1783.03,1762.4,-20.63,1638.06,,
4014295,5,standard,67,cfr12lns,Valentin Orru,lekird68,Jonathan Melamed,L,0-2,1663.53,1651.27,-12.26,1989.03,2001.3,12.27
4014316,5,standard,88,chgnyz2i,Nick Deriu,kyrvj5j9,Edgar Baumler,L,0-2,1923.08,1901.88,-21.2,1745.62,1766.83,21.21
4014306,5,standard,78,cjf0ru2a,Sebastian Thaler,k2i5icls,Javier Ramos,L,1-2,2084.3,2058.07,-26.23,1596.96,1623.2,26.24
4014288,5,standard,60,coibjxuk,Nathan Kirner,smlqb2ut,Arne Huschenbeth,L,0-2,1849.54,1837.88,-11.66,2212.71,2224.36,11.65
4014282,5,standard,54,cs0qj8ny,Brennan Roy,spi8ybx3,Corey Burkhart,L,0-2,1942.97,1927.18,-15.79,2064.84,2080.62,15.78
4014271,5,standard,43,ddeejmn8,John Wager,t05l3sme,Yuya Hosokawa,W,2-0,1977.18,1994.01,16.83,1913.08,1896.25,-16.83
4014345,5,standard,117,dq44xncy,Toni Portolan,xtbco2kd,Justin Schabel,W,2-0,2246.35,2260.41,14.06,2026.86,2012.8,-14.06
4014266,5,standard,38,dq87d9e6,"Bossaneli Araujo, William",hwih6mgh,Jean-Emmanuel Depraz,L,0-2,2076.33,,,2135.6,2152.52,16.92
4014307,5,standard,79,e0kgwg90,Elliot Fortier,ifvgu0a3,Matthew Wright,L,1-2,1850.75,1836.17,-14.58,2040.32,2054.91,14.59
4014369,5,standard,141,e7yew0je,Ivan Saenz,ieteb820,Alex Friedrichsen,W,2-0,1734.94,1756.53,21.59,1934.04,1912.46,-21.58
4014371,5,standard,143,ewiiryln,Max Rappaport,tdoka6qb,Truong Hai Nguyen,W,2-0,1896.47,1913.47,17.0,1841.35,1824.35,-17.0
4014283,5,standard,55,f21zrfi5,"Garcia Gonzalez, Sergio",s7cmhif5,Neilson Zhang,L,1-2,1992.65,,,1769.67,1791.67,22.0
4014249,5,standard,21,feqlbxuy,"Kaluzny, Matyas",vsmld9tt,Christian Calcano,W,2-1,1867.51,,,1991.95,1971.7,-20.25
4014274,5,standard,46,fsia37fx,Richard Nealston,rj1n7oj4,Joshua Willis,L,0-2,1791.67,1778.64,-13.03,2071.19,2084.23,13.04
4014383,5,standard,155,fuoyfsmc,Junichi Adachi,qi3sp8mj,Sophi Seley,W,2-1,1539.66,1558.77,19.11,1600.56,1581.45,-19.11
4014327,5,standard,99,fywsbcwb,Julius Fan,ho41rzpc,Patricio Roman,L,1-2,1996.59,1976.72,-19.87,1893.84,1913.71,19.87
4014315,5,standard,87,gag1uiw8,Maxx Kominowski,lo6wrr1f,Masataka Hori,W,2-1,2106.5,2124.23,17.73,2091.3,2073.58,-17.72
4014318,5,standard,90,gam2tsv8,Cyprien Tron,k4i24mu5,Evan Sonnenberg-Rhim,L,1-2,2067.75,2049.69,-18.06,2064.69,2082.74,18.05
4014273,5,standard,45,gln77x5p,Samuel Pardee,oa3ioxca,Andy Garcia-Romo,L,1-2,2195.16,2176.51,-18.65,2159.22,2177.88,18.66
4014260,5,standard,32,h28ep1ds,Adam Brace,mkq0xzy4,Masahide Moriyama,L,1-2,2080.22,2062.14,-18.08,2075.56,2093.64,18.08
4014377,5,standard,149,hcpoppa2,"Flynn, Zach",l1uqhlkm,Isael Feitosa,W,2-0,1827.9,,,1872.76,1853.94,-18.82
4014355,5,standard,127,hj5ztc7w,Huaxing Bai,wa456ln4,Cherukad Sajan,W,2-0,1988.01,1999.74,11.73,1629.54,1617.81,-11.73
4014245,5,standard,17,hlwt81oy,Eli Kassis,qmwpvgrb,"Kikidis, Charalampos",L,0-2,2204.31,2184.05,-20.26,2079.64,,
4014229,5,standard,1,hmkukxn7,George Berrett,ulticqxp,Anthony Lee,W,2-0,1815.11,1834.24,19.13,1877.27,1858.14,-19.13
4014389,5,standard,161,i6joq7x2,Joao Quege,twdzi2ic,Manato Hosomi,W,2-1,1741.81,1758.44,16.63,1666.3,1649.67,-16.63
4014360,5,standard,132,iikvh8w6,David Kerrigan,l4x45emr,Tristan Wylde-LaRue,L,1-2,1636.51,1623.78,-12.73,1933.76,1946.5,12.74
4014357,5,standard,129,iuw859gm,Matt Sperling,z4lu3jn3,Terry Edwards,W,2-1,2089.29,2101.42,12.13,1755.7,1743.57,-12.13
4014370,5,standard,142,izlk7lhv,"Ng, Hei Wo",pv9ckf8c,Eli Swafford,L,0-2,1627.91,,,1965.3,1977.37,12.07
4014364,5,standard,136,j1ilwfgj,Aylin Davis,u8zb1g86,Victor Hawkins,L,0-2,1811.3,1796.1,-15.2,1965.78,1980.98,15.2
4014244,5,standard,16,j9ruocra,Gavin Perry,wum7k15v,"Astrand, David",W,2-1,2002.07,2014.13,12.06,1664.25,,
4014336,5,standard,108,jn5kno9m,Ryan Mullens,xgece8kn,"Young, Michael M",W,2-0,2076.56,2088.96,12.4,1759.38,,
4014303,5,standard,75,k5r20pva,Allen Wu,ney4ym60,"Walker, Austin",L,1-2,2088.04,2064.01,-24.03,1744.4,,
4014381,5,standard,153,kbnqolg0,Gavin Teo,zr33vcz7,Ben Zoz,L,0-2,1576.8,1563.36,-13.44,1831.94,1845.39,13.45
4014312,5,standard,84,kk5yiwgo,"Szyinski, Piotr",wnvbye9w,Yuxuan Zhang,L,0-2,1929.48,,,1722.15,1743.88,21.73
4014322,5,standard,94,l0nqx8nx,"Jones, Ben",v64f3aay,Elad Stettner,W,2-1,2087.15,,,1633.58,1623.32,-10.26
4014326,5,standard,98,ltct0ppk,Lucas Duchow,ydosmtui,Zevin Faust,L,1-2,1880.93,1866.21,-14.72,2062.86,2077.57,14.71
4014255,5,standard,27,mntoqmss,Kazutaka Oya,nhhe1pi1,Matthew Oomkes,W,2-1,1995.93,2011.76,15.83,1876.37,1860.54,-15.83
4014313,5,standard,85,myahi6h7,Eduardo Sajgalik,quea097u,"Lopez, Jorge [MEX]",W,2-1,2141.24,2151.47,10.23,1685.63,,
4014233,5,standard,5,o8jo73e1,Collins Mullen,pifyvicd,"Schuetz, Stefan",W,2-0,2087.37,2105.95,18.58,2119.08,,
4014253,5,standard,25,oijetp3y,Bernardo Torres,wrr61zbv,Christoffer Larsen,L,0-2,1956.85,1944.07,-12.78,2251.19,2263.97,12.78
4014329,5,standard,101,oqgf796b,Mattia Rizzi,zagotcbk,Pierre Smith,W,2-0,2011.07,2027.82,16.75,1942.41,1925.66,-16.75
4014302,5,standard,74,or2i5kf0,Evan Vetter,tuti7rxn,Oliver Tomajko,L,1-2,1973.15,1957.02,-16.13,2076.26,2092.39,16.13
4014358,5,standard,130,oruuc6vd,Bassel Nasri,zpkbk496,Adam Kinnaird,W,2-1,1942.93,1955.35,12.42,1626.63,1614.21,-12.42
4014276,5,standard,48,oul159pu,Marco Cammilluzzi,qrilo72j,Kellen Pastore,L,0-2,2076.5,2059.08,-17.42,2108.32,2125.74,17.42
4014376,5,standard,148,ox3ctsq5,David Rood,vmzl2n0r,Rodrigo Pinheiro,L,1-2,1984.22,1963.49,-20.73,1833.84,1854.56,20.72
4014275,5,standard,47,oz33n7wy,"Stark, Ben S",z184xrwz,Nathan Hu,L,1-2,1987.58,,,1726.5,1749.15,22.65
4014240,5,standard,12,p2kk3rf1,"von Stange, Alexander",wtntvl5l,Yoshitaka Yamasaki,W,2-1,1921.95,,,1786.84,1771.29,-15.55
4014321,5,standard,93,p6sxs8jn,Maxime Rayvich,rpnmp036,Percy Fang,W,2-0,1840.44,1860.79,20.35,1969.61,1949.27,-20.34
4014309,5,standard,81,pley1pk6,Julien Henry,zpnpzas3,William Au,L,1-2,2005.18,1981.95,-23.23,1709.64,1732.88,23.24
4014300,5,standard,72,prbfum6i,"D'Souza, Kenith",x1s81611,Andrew Elenbogen,L,1-2,1922.41,,,2044.6,2060.38,15.78
4014385,5,standard,157,qjuk86iv,"Iriarte Valenzuela, Mauricio",xbl3uwo2,Alan Hubbard,L,0-2,1615.39,,,1804.34,1818.93,14.59
4014250,5,standard,22,qtkpoy98,Mason Buonadonna,w1j40t2k,Pedro Flores,L,0-2,2042.28,2021.29,-20.99,1876.95,1897.94,20.99
4014372,5,standard,144,rct58euk,Elijah Herr,w7smw1wa,"Lin, Jeff",L,0-2,1881.93,1861.47,-20.46,1746.24,,
4014338,5,standard,110,rt4irfpd,Aedan Simons-Rudolph,yaomdkss,Wentong Zhang,L,0-2,1821.56,1802.23,-19.33,1748.32,1767.65,19.33
4014237,5,standard,9,s80aw6v9,"Offman, Noe",yvw9nn4r,Toni Martos,W,2-0,2025.48,,,2068.0,2049.22,-18.78
4014297,5,standard,69,th5ocm0o,Hiroki Kageyama,ycxedwh1,"DeBenedetto-Plummer, Michael",L,0-2,1942.83,1927.48,-15.35,2088.97,,
4014363,5,standard,135,tqwc1ir9,Brian Coval,ucdcy25j,Marcus Wosner,L,1-2,1930.28,1912.55,-17.73,1945.23,1962.96,17.73
4014290,5,standard,62,ttx6udui,Akira Shibata,vvqk8ugq,Dylan Nollen,L,0-2,2059.43,2039.71,-19.72,1964.54,1984.27,19.73
4014242,5,standard,14,ud8xjwt9,Ryan Brozovich,vxgk5lbd,Kenta Masukado,W,2-1,1974.94,1994.21,19.27,2044.74,2025.47,-19.27
4014251,5,standard,23,upnklhaj,Aidan Mirabelli,xd98dyts,"Wong, Charles",W,2-1,2143.88,2160.43,16.55,2064.69,,
4014236,5,standard,8,w8ibxhmk,"Byrd, Michael",zz14clya,Nathan Steuer,L,1-2,2051.77,,,2043.44,2061.59,18.15
4014259,5,standard,31,xx1j61dt,"Medeiros Merjam, Guilherme",zciwnzo6,Yuchen Liu,L,0-2,2007.9,,,2004.99,2023.04,18.05
4014366,5,standard,138,yjqw6dtq,Tyler Steinwand,zzta7cxz,Ryan Gassaway,L,0-2,1758.46,1740.02,-18.44,1734.48,1752.92,18.44
4014248,5,standard,20,ypvuccra,Daniel Weiss,z6r4p2ce,Javier Dominguez,W,2-1,1727.03,1751.27,24.24,2084.09,2059.84,-24.25
4014351,5,standard,123,yv80zman,"Kho, Sek-Un",z79y5c98,Klarke Trezise,W,2-0,1701.07,,,1640.35,1623.46,-16.89
4014384,5,standard,156,zmb5xcqx,Pedro Molina,zqql6zm0,Jake Koenig,L,1-2,1651.09,1638.92,-12.17,1982.02,1994.2,12.18
4014542,6,standard,153,07a3r24p,Joshua Saruga,v09smgn2,Gabriel Nicholas,L,0-2,1849.66,1833.13,-16.53,1930.52,1947.05,16.53
4014395,6,standard,6,0qivecmh,"Martin, Adria",swqf5brq,Jack Potter,L,0-2,2049.9,,,1969.91,1989.36,19.45
4014459,6,standard,70,0scosskv,Matheus Crusius,wnvbye9w,Yuxuan Zhang,W,2-0,1879.15,1894.7,15.55,1743.88,1728.34,-15.54
4014400,6,standard,11,0uqxbitj,Takeshi Ozawa,9e2i11mk,Kye Nelson,L,1-2,2010.21,1992.31,-17.9,2015.73,2033.62,17.89
4014429,6,standard,40,10bptxxv,Aras Senyuz,grqo9am2,"De Gaetano, Carlo",W,2-0,1852.88,1868.69,15.81,1732.54,,
4014540,6,standard,151,10u7a2gt,Shinnosuke Hando,6yez5lpc,Yang He,W,2-0,1854.41,1872.49,18.08,1858.88,1840.8,-18.08
4014404,6,standard,15,12p06h4s,Shota Yasooka,qmwpvgrb,"Kikidis, Charalampos",L,0-2,2028.11,2011.42,-16.69,2099.91,,
4014486,6,standard,97,14bbh8fs,Raul Porojan,q9xm94yx,Robert Wagner-Krankel,W,2-0,1830.51,1847.06,16.55,1750.81,1734.26,-16.55
4014548,6,standard,159,1fsar1uc,Paul Gabat,8agu6e8x,Takuya Hasegawa,L,0-2,1537.22,1524.06,-13.16,1808.92,1822.08,13.16
4014541,6,standard,152,1ibvz7s1,"Horiuchi, Makoto",8x1h9yn0,Gabriel Bostic,W,2-1,1968.93,,,1811.15,1796.01,-15.14
4014392,6,standard,3,1mghnbu5,Mateo Ferreira,s80aw6v9,"Offman, Noe",L,1-2,2040.89,2022.95,-17.94,2044.25,,
4014451,6,standard,62,1mgu2l1k,Adam Edelson,kzchygxr,Andrew Kidston,L,1-2,2090.35,2072.1,-18.25,2076.66,2094.91,18.25
4014491,6,standard,102,1o2chbpk,Neil Estrada,tf1s0ddy,Kevin Kong,L,0-2,2041.83,2019.16,-22.67,1779.88,1802.55,22.67
4014415,6,standard,26,1yfv22vg,Muhan Yu,fsw9mgvs,Luis Salvatto,L,1-2,2072.4,2057.21,-15.19,2227.83,2243.02,15.19
4014397,6,standard,8,222vn7x7,Christian Baker,mntoqmss,Kazutaka Oya,L,0-2,1886.96,1871.22,-15.74,2011.76,2027.5,15.74
4014432,6,standard,43,25hfvyjf,"Torrico, Carlos",smlqb2ut,Arne Huschenbeth,L,0-2,1887.04,,,2224.36,2236.44,12.08
4014390,6,standard,1,282fp22n,"Inglis, David [USA]",hmkukxn7,George Berrett,L,0-2,2099.4,,,1834.24,1856.97,22.73
4014516,6,standard,127,2adkhpoc,Vincent Choy,ut9cb8sw,Rafael Marin,L,0-2,1724.53,1706.58,-17.95,1727.26,1745.21,17.95
4014445,6,standard,56,2pjv6j9n,"Del Pivo, Marco",k3z2odw0,Daniel Goetschel,L,0-2,2033.53,,,2117.5,2133.98,16.48
4014499,6,standard,110,2t3iotiu,Kazuya Takuwa,chgnyz2i,Nick Deriu,L,1-2,1715.36,1700.72,-14.64,1901.88,1916.51,14.63
4014522,6,standard,133,2vmnlvst,"Cordobes, Albert",zpkbk496,Adam Kinnaird,W,2-0,1917.32,,,1614.21,1601.58,-12.63
4014532,6,standard,143,2yxw7amh,"Angeles Servin, Alfredo Aaron",axfogvl6,Marc Peral,L,1-2,1494.53,,,1962.63,1972.68,10.05
4014505,6,standard,116,2zm33fzl,Eleanor Dubreuil,y8e1u0yd,January Adams,W,2-1,1718.98,1738.22,19.24,1786.65,1767.42,-19.23
4014391,6,standard,2,336bqtu6,"Zhang, Rei",o8jo73e1,Collins Mullen,W,2-0,2076.6,,,2105.95,2087.41,-18.54
4014507,6,standard,118,34h2qsa9,Jonny Guttman,e0kgwg90,Elliot Fortier,W,2-0,1947.86,1963.83,15.97,1836.17,1820.2,-15.97
4014463,6,standard,74,37okj715,Lukas Schwendinger,ho41rzpc,Patricio Roman,L,0-2,1840.5,1823.83,-16.67,1913.71,1930.37,16.66
4014411,6,standard,22,38q7bl47,Alex Rohan,m46p08w0,"Santos Esquici, Victor",L,0-2,2118.03,2098.71,-19.32,2045.34,,
4014457,6,standard,68,3ayzk61f,Devon Straub,5hec4ugr,"Morales Macaya, Nicolas",L,0-2,2020.91,1996.99,-23.92,1683.81,,
4014510,6,standard,121,3bh1f0mb,Curtis Lam,jpoffa9k,"Benito, Jaime",L,1-2,1813.13,1796.8,-16.33,1904.87,,
4014437,6,standard,48,3l0vbst8,Thirawat Chaovarindr,8r8ub5ts,Koki Hara,W,2-1,1947.93,1965.78,17.85,1939.77,1921.92,-17.85
4014472,6,standard,83,3m2v9pq5,Shuhei Nakamura,l4x45emr,Tristan Wylde-LaRue,L,1-2,2002.91,1983.88,-19.03,1946.5,1965.52,19.02
4014435,6,standard,46,3tkaanb4,Luis Gobern,uuoqp9l7,Derrick Davis,L,1-2,1930.44,1915.3,-15.14,2088.44,2103.58,15.14
4014461,6,standard,72,42r3xhem,Mae French,elxyz8tl,"Sanchez, Francisco",W,2-1,2017.3,2039.5,22.2,2251.89,,
4014539,6,standard,150,462obbta,Arrick Chaulk,5g92tx55,Spencer Mazur,L,0-2,1712.68,1697.44,-15.24,1865.05,1880.29,15.24
4014403,6,standard,14,4a8umq19,Will Krueger,w1j40t2k,Pedro Flores,W,2-1,2101.1,2115.44,14.34,1897.94,1883.59,-14.35
4014514,6,standard,125,4i2wz2go,Edgar Magalhaes,kg6w3gfk,Jake Beardsley,W,2-1,1933.52,1950.82,17.3,1895.12,1877.82,-17.3
4014546,6,standard,157,4n3bd7nj,Nico Ferrigno,exwav16j,Ken Yukuhiro,L,0-2,1841.61,1829.56,-12.05,2180.59,2192.64,12.05
4014530,6,standard,141,5502rkyo,Claire Tian,jt8tfoyh,"Weiser, Daniel",W,2-1,1667.63,1691.28,23.65,1988.3,,
4014456,6,standard,67,56cr0qb6,Yi Yang,9am8loyq,Reid Duke,L,1-2,1965.7,1951.53,-14.17,2179.15,2193.32,14.17
4014438,6,standard,49,5ef0632t,Steve Gan,swz4omjg,Antonin Branis,L,0-2,1977.36,1957.33,-20.03,1865.74,1885.77,20.03
4014517,6,standard,128,5gbytedy,Atsuki Kihara,e7yew0je,Ivan Saenz,W,2-1,1904.77,1920.09,15.32,1756.53,1741.21,-15.32
4014418,6,standard,29,5h9pep1a,Jacob Mitchell-Rabaey,p2kk3rf1,"von Stange, Alexander",L,0-2,1948.56,1930.36,-18.2,1937.5,,
4014489,6,standard,100,5m2dou5i,Jude Hopkins,pley1pk6,Julien Henry,L,1-2,1715.78,1702.52,-13.26,1981.95,1995.2,13.25
4014401,6,standard,12,5nc9un5m,Robin Courtiat,8qvy0oha,Masakuni Hamaguchi,W,2-0,1863.25,1883.13,19.88,1966.66,1946.78,-19.88
4014393,6,standard,4,5nzvn1j4,Toru Inoue,9q7jr5pf,Thierry Ramboa,L,0-2,1982.88,1966.84,-16.04,2090.86,2106.9,16.04
4014509,6,standard,120,60wynwt8,Yiren Jiang,dq44xncy,Toni Portolan,L,1-2,1995.27,1981.99,-13.28,2260.41,2273.68,13.27
4014469,6,standard,80,6b7njfgs,Ethan Hollen,oijetp3y,Bernardo Torres,L,1-2,1741.06,1726.71,-14.35,1944.07,1958.42,14.35
4014466,6,standard,77,6bmqreq2,Mark Tubola,75uworlu,Xinrong Chen,L,1-2,1859.38,1841.01,-18.37,1839.14,1857.51,18.37
4014518,6,standard,129,6o7cy69b,Willy Edel,quea097u,"Lopez, Jorge [MEX]",W,2-1,1931.47,1944.9,13.43,1675.4,,
4014503,6,standard,114,6vh8n9gw,"Higgins, Evan [USA]",kphgot73,Brendan Hsu,W,2-1,1804.0,,,1803.57,1785.58,-17.99
4014544,6,standard,155,6vhjryk2,Philip Silberman,ieteb820,Alex Friedrichsen,L,1-2,1941.76,1923.23,-18.53,1912.46,1930.99,18.53
4014520,6,standard,131,7257flbo,Winston Chamora,ucdcy25j,Marcus Wosner,W,2-1,2012.86,2029.95,17.09,1962.96,1945.87,-17.09
4014492,6,standard,103,7bcj6xil,Shawn Doherty,ttx6udui,Akira Shibata,L,1-2,1792.26,1778.68,-13.58,2039.71,2053.28,13.57
4014487,6,standard,98,7ccbrp4c,Etai Kurtzman,9t0i3vyv,Karl Sarap,W,2-0,1996.21,2014.39,18.18,2006.09,1987.91,-18.18
4014446,6,standard,57,7r07ic8h,Maciej Jezyna,wtntvl5l,Yoshitaka Yamasaki,W,2-0,1787.8,1805.49,17.69,1771.29,1753.59,-17.7
4014490,6,standard,101,7wvvj689,Mitchell Tamblyn,jrfwzvbo,"Mills Emmett, Asha",W,2-1,2056.06,2074.52,18.46,2081.64,,
4014513,6,standard,124,7yb1fq4i,Mikey Bishara,axpab9cd,James Dimitrov,L,0-2,1927.16,1910.07,-17.09,1977.24,1994.32,17.08
4014408,6,standard,19,7zo943oe,Yang Chen,oa3ioxca,Andy Garcia-Romo,L,0-2,1999.25,1984.47,-14.78,2177.88,2192.65,14.77
4014414,6,standard,25,81xkae72,Nam Dang,ud8xjwt9,Ryan Brozovich,W,2-1,2038.95,2056.13,17.18,1994.21,1977.03,-17.18
4014512,6,standard,123,8l3ukog4,Julian Riedener,rpnmp036,Percy Fang,W,2-0,1777.83,1798.93,21.1,1949.27,1928.17,-21.1
4014502,6,standard,113,8o1onzs3,"Nielsen, Simon",rqhrdoas,Charles Eliatamby,L,1-2,2140.43,,,1942.06,1963.63,21.57
4014519,6,standard,130,8ry46oq5,Nicolas Cosgrove,wo0ujj9p,Valerie Jade,L,0-2,1749.81,1736.32,-13.49,2002.14,2015.63,13.49
4014482,6,standard,93,8snu2urd,Jack Young,r0ndxfmr,Avi Lessure,W,2-1,1788.84,1810.46,21.62,1990.15,1968.52,-21.63
4014430,6,standard,41,8uemg873,Ryan Condon,8ymwtvpk,Chang Zheng,W,2-1,2085.8,2098.3,12.5,1774.53,1762.03,-12.5
4014431,6,standard,42,8yk0ficp,"Mora Romero, Alejandro",myahi6h7,Eduardo Sajgalik,W,2-1,1898.57,,,2151.47,2128.95,-22.52
4014497,6,standard,108,8zkekidi,"Rangel Paez, Edgar Emmanuel",coibjxuk,Nathan Kirner,L,0-2,1836.0,,,1837.88,1855.85,17.97
4014416,6,standard,27,9ciliata,Bryan Rockenbach,feqlbxuy,"Kaluzny, Matyas",W,2-0,2016.87,2032.53,15.66,1887.77,,
4014494,6,standard,105,9fixv4fb,Guillermo Loli,ccwsbbsz,Jeff Jao,W,2-1,1939.51,1954.13,14.62,1752.0,1737.38,-14.62
4014521,6,standard,132,9ist1h5x,Jody Keith,ox3ctsq5,David Rood,W,2-1,2042.75,2059.31,16.56,1963.49,1946.94,-16.55
4014450,6,standard,61,9r2o9fib,Prez Kuhnke,gag1uiw8,Maxx Kominowski,L,1-2,1831.88,1819.06,-12.82,2124.23,2137.04,12.81
4014442,6,standard,53,a1zp0k3i,Quinn Tonole,vsmld9tt,Christian Calcano,L,1-2,1988.72,1970.41,-18.31,1971.7,1990.01,18.31
4014433,6,standard,44,a6c0a5by,Haven Gilbert-Avila,hlwt81oy,Eli Kassis,L,0-2,1935.33,1921.77,-13.56,2184.05,2197.6,13.55
4014426,6,standard,37,ao7gqd8u,Nicholas Odenheimer,gln77x5p,Samuel Pardee,L,0-2,1998.5,1983.71,-14.79,2176.51,2191.3,14.79
4014537,6,standard,148,aoprdgnv,Mike Boulinguiez,qiodci2h,"Stange, Jonathan",W,2-0,1674.2,1691.4,17.2,1630.36,,
4014427,6,standard,38,apxu0evx,Oliver Coffey,wgwxf3od,Yimin Zhi,L,0-2,1839.38,1823.65,-15.73,1963.99,1979.73,15.74
4014526,6,standard,137,apxvwg9g,Seth Manfield,rymaal4b,Ben Tudman,W,2-0,2113.26,2128.63,15.37,1968.29,1952.92,-15.37
4014488,6,standard,99,awrwen4n,Rick Hup Beng Lee,w2mq3pye,Andrew Cuneo,W,2-1,1902.79,1920.56,17.77,1890.03,1872.27,-17.76
4014458,6,standard,69,b1soc7vy,Masashiro Kuroda,ji0rj273,Dylan Pratt,W,2-1,1968.38,1983.56,15.18,1812.92,1797.73,-15.19
4014419,6,standard,30,bchw2dah,"Kane, Liam",j9ruocra,Gavin Perry,W,2-1,1944.49,,,2014.13,1994.86,-19.27
4014417,6,standard,28,bf5gu0pd,Matt Nass,z184xrwz,Nathan Hu,W,2-0,2007.77,2021.16,13.39,1749.15,1735.76,-13.39
4014496,6,standard,107,bgw70171,Arch Dota,cxtr7uuw,Josep Sanfeliu,L,0-2,2081.11,2060.23,-20.88,1921.71,1942.6,20.89
4014511,6,standard,122,bj3mq8l1,Luis Venegas,hioy7ydm,"Harvey, Clement",L,0-2,1696.89,1679.78,-17.11,1745.33,,
4014473,6,standard,84,bmxlpfb0,"Xu, Matt",cfr12lns,Valentin Orru,W,2-0,1910.99,,,1651.27,1637.9,-13.37
4014449,6,standard,60,bpk5fpjt,Guglielmo Lupi,zpnpzas3,William Au,W,2-1,2141.64,2152.58,10.94,1732.88,1721.94,-10.94
4014425,6,standard,36,br2ww8kq,Jack Yudt,k2i5icls,Javier Ramos,W,2-0,1817.29,1831.79,14.5,1623.2,1608.69,-14.51
4014447,6,standard,58,br67eruq,"Castillo Santos, Daniela Isabel",vvqk8ugq,Dylan Nollen,L,1-2,1643.17,,,1984.27,1996.28,12.01
4014428,6,standard,39,c3ei1s37,Xiangjun Dai,y04pdtin,Chris Kral,L,0-2,1817.28,1803.18,-14.1,2034.83,2048.93,14.1
4014536,6,standard,147,c59z9dzj,"Rodrigues Cavalcante, Marcelo",hhuqajyt,Ryouta Mishina,W,2-0,1948.19,,,1771.75,1756.94,-14.81
4014476,6,standard,87,c5kmg86w,Lorenzo Terlizzi,sbxfa2dv,Atsuya Okuno,W,2-0,2070.61,2083.91,13.3,1806.6,1793.31,-13.29
4014523,6,standard,134,c7vhz652,Allen Norman,xqogf5dc,"Costa, Matthew",L,0-2,1762.4,1747.96,-14.44,1959.81,,
4014504,6,standard,115,cewo5vn2,Adriano Melo,zzta7cxz,Ryan Gassaway,L,0-2,1803.3,1784.38,-18.92,1752.92,1771.84,18.92
4014498,6,standard,109,cjf0ru2a,Sebastian Thaler,fywsbcwb,Julius Fan,L,0-2,2058.07,2038.59,-19.48,1976.72,1996.2,19.48
4014481,6,standard,92,cs0qj8ny,Brennan Roy,jpgr1uft,Amy James,W,2-0,1927.18,1943.24,16.06,1820.52,1804.46,-16.06
4014398,6,standard,9,ddeejmn8,John Wager,ulticqxp,Anthony Lee,L,1-2,1994.01,1973.55,-20.46,1858.14,1878.6,20.46
4014538,6,standard,149,deuz9pk5,Ryan Normandin,n2x9oaz0,"Onoda, Kenji",W,2-1,1819.0,1835.39,16.39,1730.57,,
4014465,6,standard,76,dq87d9e6,"Bossaneli Araujo, William",ydosmtui,Zevin Faust,L,0-2,2059.41,,,2077.57,2095.24,17.67
4014543,6,standard,154,dy3df6m4,Jason Qiu,iikvh8w6,David Kerrigan,W,2-0,1764.68,1780.13,15.45,1623.78,1608.33,-15.45
4014405,6,standard,16,e9kksekk,Mike Sigrist,o6gkw2bt,Shi Tian Lee,L,1-2,2034.78,2014.07,-20.71,1885.43,1906.13,20.7
4014406,6,standard,17,e9qoi8nt,Alexey Paulot,qrilo72j,Kellen Pastore,L,1-2,2190.47,2171.29,-19.18,2125.74,2144.92,19.18
4014545,6,standard,156,e9z9twqj,Marco Belacca,fb53qwgi,"Osterude, Nicholas",W,2-1,1957.79,1972.23,14.44,1759.91,,
4014515,6,standard,126,ewiiryln,Max Rappaport,hj5ztc7w,Huaxing Bai,L,1-2,1913.47,1897.04,-16.43,1999.74,2016.17,16.43
4014464,6,standard,75,fsia37fx,Richard Nealston,yaomdkss,Wentong Zhang,L,1-2,1778.64,1760.44,-18.2,1767.65,1785.85,18.2
4014534,6,standard,145,fuoyfsmc,Junichi Adachi,tqwc1ir9,Brian Coval,W,2-0,1558.77,1582.97,24.2,1912.55,1888.36,-24.19
4014470,6,standard,81,g7umra42,Ian Robb,y46mfw1k,"Martinez, Carlos [MEX]",W,2-0,1850.45,1865.0,14.55,1658.69,,
4014500,6,standard,111,gam2tsv8,Cyprien Tron,vmzl2n0r,Rodrigo Pinheiro,W,2-1,2049.69,2064.18,14.49,1854.56,1840.07,-14.49
4014440,6,standard,51,h28ep1ds,Adam Brace,ifvgu0a3,Matthew Wright,L,0-2,2062.14,2044.01,-18.13,2054.91,2073.04,18.13
4014477,6,standard,88,hcpoppa2,"Flynn, Zach",u8zb1g86,Victor Hawkins,W,2-0,1846.71,,,1980.98,1960.55,-20.43
4014399,6,standard,10,hwih6mgh,Jean-Emmanuel Depraz,mkq0xzy4,Masahide Moriyama,W,2-1,2152.52,2169.45,16.93,2093.64,2076.72,-16.92
4014468,6,standard,79,i2dp3ubf,Atsushi Nakashima,oz33n7wy,"Stark, Ben S",L,1-2,1868.21,1851.97,-16.24,1964.93,,
4014529,6,standard,140,i6joq7x2,Joao Quege,kd8wr08l,Yuta Hori,W,2-1,1758.44,1774.82,16.38,1669.67,1653.28,-16.39
4014474,6,standard,85,ioxsup46,Suorsa Miitri,xgece8kn,"Young, Michael M",W,2-0,1675.07,1694.38,19.31,1746.98,,
4014394,6,standard,5,iqk1hqx5,Gavin Meagher,zz14clya,Nathan Steuer,L,1-2,2025.26,2007.92,-17.34,2061.59,2078.93,17.34
4014485,6,standard,96,iuw859gm,Matt Sperling,k5r20pva,Allen Wu,L,0-2,2101.42,2082.74,-18.68,2064.01,2082.7,18.69
4014479,6,standard,90,iv2h0zof,Coby Schnepf,lzhfk0l7,Pietro Maria Oltolina,L,1-2,1746.94,1727.65,-19.29,1676.08,1695.37,19.29
4014535,6,standard,146,izlk7lhv,"Ng, Hei Wo",z4lu3jn3,Terry Edwards,W,2-1,1615.83,,,1743.57,1723.25,-20.32
4014527,6,standard,138,j1ilwfgj,Aylin Davis,rct58euk,Elijah Herr,W,2-1,1796.1,1815.29,19.19,1861.47,1842.28,-19.19
4014421,6,standard,32,jn5kno9m,Ryan Mullens,ympa2ttn,Davor Detecnik,L,0-2,2088.96,2070.18,-18.78,2045.75,2064.54,18.79
4014424,6,standard,35,k32x6elu,Yuuki Ichikawa,z6r4p2ce,Javier Dominguez,W,2-1,1964.22,1983.96,19.74,2059.84,2040.11,-19.73
4014439,6,standard,50,k4i24mu5,Evan Sonnenberg-Rhim,og21dc58,Kenneth Oswald,L,1-2,2082.74,2060.22,-22.52,1829.33,1851.85,22.52
4014533,6,standard,144,ka9v76mv,Benji Leaf,yjqw6dtq,Tyler Steinwand,L,1-2,1716.82,1699.24,-17.58,1740.02,1757.6,17.58
4014508,6,standard,119,kk5yiwgo,"Szyinski, Piotr",oruuc6vd,Bassel Nasri,L,1-2,1907.75,,,1955.35,1972.48,17.13
4014484,6,standard,95,ktk9r9kq,Wappa Hamada,prbfum6i,"D'Souza, Kenith",L,0-2,1879.91,1862.4,-17.51,1906.62,,
4014443,6,standard,54,kyrvj5j9,Edgar Baumler,t05l3sme,Yuya Hosokawa,L,1-2,1766.83,1751.18,-15.65,1896.25,1911.9,15.65
4014531,6,standard,142,l1uqhlkm,Isael Feitosa,zr33vcz7,Ben Zoz,W,2-1,1853.94,1871.78,17.84,1845.39,1827.55,-17.84
4014495,6,standard,106,lanbihme,Phillip Li,oo822yog,Paul Green,L,1-2,2013.54,1996.81,-16.73,2083.12,2099.85,16.73
4014444,6,standard,55,lekird68,Jonathan Melamed,tuti7rxn,Oliver Tomajko,L,1-2,2001.3,1984.96,-16.34,2092.39,2108.73,16.34
4014478,6,standard,89,lo6wrr1f,Masataka Hori,th5ocm0o,Hiroki Kageyama,W,2-0,2073.58,2088.93,15.35,1927.48,1912.12,-15.36
4014475,6,standard,86,ltct0ppk,Lucas Duchow,wa3qhmh5,Pier Paolo Moro,L,1-2,1866.21,1843.56,-22.65,1605.7,1628.34,22.64
4014423,6,standard,34,mlphz36k,Gregorio Galeotti,rt4irfpd,Aedan Simons-Rudolph,W,2-1,1697.2,1717.11,19.91,1802.23,1782.32,-19.91
4014407,6,standard,18,mvh6e9tq,Vasilios Morikis,w8ibxhmk,"Byrd, Michael",L,0-2,1955.84,1939.26,-16.58,2033.62,,
4014501,6,standard,112,mw706ncx,Yuya Tase,w7smw1wa,"Lin, Jeff",W,2-1,1807.55,1824.81,17.26,1766.7,,
4014471,6,standard,82,mybfhhle,Jon Beitler,vhsiasqx,Samuel Chang,W,2-1,1707.6,1732.96,25.36,2136.01,2110.65,-25.36
4014462,6,standard,73,nhhe1pi1,Matthew Oomkes,qtkpoy98,Mason Buonadonna,W,2-0,1860.54,1881.45,20.91,2021.29,2000.38,-20.91
4014460,6,standard,71,o4d4yzce,Abe Schnake,oul159pu,Marco Cammilluzzi,W,2-1,2018.01,2036.76,18.75,2059.08,2040.33,-18.75
4014452,6,standard,63,oqgf796b,Mattia Rizzi,spi8ybx3,Corey Burkhart,W,2-0,2027.82,2046.78,18.96,2080.62,2061.66,-18.96
4014483,6,standard,94,or2i5kf0,Evan Vetter,v64f3aay,Elad Stettner,W,2-0,1957.02,1969.15,12.13,1623.32,1611.19,-12.13
4014453,6,standard,64,oy8ad8og,Gabriel Joglar,x1s81611,Andrew Elenbogen,L,1-2,1951.68,1935.66,-16.02,2060.38,2076.41,16.03
4014434,6,standard,45,p6sxs8jn,Maxime Rayvich,v89wl7jv,"Fernandez Torres, Alvaro",W,2-1,1860.79,1878.23,17.44,1830.36,,
4014413,6,standard,24,pifyvicd,"Schuetz, Stefan",upnklhaj,Aidan Mirabelli,W,2-1,2100.5,,,2160.43,2141.34,-19.09
4014506,6,standard,117,pv9ckf8c,Eli Swafford,yv80zman,"Kho, Sek-Un",W,2-1,1977.37,1990.74,13.37,1717.96,,
4014547,6,standard,158,qi3sp8mj,Sophi Seley,qjuk86iv,"Iriarte Valenzuela, Mauricio",W,2-1,1581.45,1599.81,18.36,1600.79,,
4014441,6,standard,52,qll3mq3n,Brandon Kohrs,xx1j61dt,"Medeiros Merjam, Guilherme",L,0-2,1874.71,1858.8,-15.91,1989.84,,
4014455,6,standard,66,rip7ttlz,Alexander Kans,v5debkjw,"Queralt Garriga, Albert",L,1-2,1983.37,1963.1,-20.27,1858.62,,
4014396,6,standard,7,rj1n7oj4,Joshua Willis,zciwnzo6,Yuchen Liu,L,0-2,2084.23,2065.11,-19.12,2023.04,2042.16,19.12
4014436,6,standard,47,rq45xp25,"Bertram, Timo",s7cmhif5,Neilson Zhang,L,1-2,1949.63,,,1791.67,1812.52,20.85
4014467,6,standard,78,swh1olqe,"Verdierre, Gaetan",vxgk5lbd,Kenta Masukado,W,2-0,1834.78,,,2025.47,2004.03,-21.44
4014528,6,standard,139,tdoka6qb,Truong Hai Nguyen,zqql6zm0,Jake Koenig,L,1-2,1824.35,1809.42,-14.93,1994.2,2009.13,14.93
4014409,6,standard,20,ua41p3kc,Nicholas Talbot,ypvuccra,Daniel Weiss,L,0-2,1966.77,1944.9,-21.87,1751.27,1773.14,21.87
4014402,6,standard,13,vthtszcf,Jason Reid,wrr61zbv,Christoffer Larsen,L,1-2,1885.59,1874.18,-11.41,2263.97,2275.39,11.42
4014525,6,standard,136,wa456ln4,Cherukad Sajan,xtbco2kd,Justin Schabel,W,2-1,1617.81,1642.66,24.85,2012.8,1987.96,-24.84
4014524,6,standard,135,xbl3uwo2,Alan Hubbard,z79y5c98,Klarke Trezise,W,2-0,1818.93,1833.41,14.48,1623.46,1608.98,-14.48
4014480,6,standard,91,xcgpultt,Sam Bogue,zagotcbk,Pierre Smith,L,1-2,1901.81,1884.25,-17.56,1925.66,1943.23,17.57
4014412,6,standard,23,y5dm09fs,Tyson Roylance,yvw9nn4r,Toni Martos,L,1-2,1778.46,1765.28,-13.18,2049.22,2062.4,13.18
4014448,6,standard,59,ycxedwh1,"DeBenedetto-Plummer, Michael",z2s366ev,Anthony Cuello,W,2-0,2104.32,,,1931.05,1916.18,-14.87
4014573,7,standard,25,0qivecmh,"Martin, Adria",wgwxf3od,Yimin Zhi,W,2-1,2030.44,,,1979.73,1962.65,-17.08
4014582,7,standard,34,0scosskv,Matheus Crusius,vsmld9tt,Christian Calcano,L,0-2,1894.7,1878.43,-16.27,1990.01,2006.27,16.26
4014574,7,standard,26,0uqxbitj,Takeshi Ozawa,9am8loyq,Reid Duke,L,1-2,1992.31,1977.92,-14.39,2193.32,2207.7,14.38
4014568,7,standard,20,10bptxxv,Aras Senyuz,oz33n7wy,"Stark, Ben S",L,1-2,1868.69,1852.73,-15.96,1981.17,,
4014664,7,standard,116,10u7a2gt,Shinnosuke Hando,rtio0ez5,"White, Thomas [ENG]",W,2-0,1872.49,1890.77,18.28,1887.76,,
4014602,7,standard,54,12p06h4s,Shota Yasooka,j9ruocra,Gavin Perry,W,2-1,2011.42,2029.12,17.7,1994.86,1977.16,-17.7
4014651,7,standard,103,14bbh8fs,Raul Porojan,rip7ttlz,Alexander Kans,W,2-1,1847.06,1867.16,20.1,1963.1,1943.0,-20.1
4014688,7,standard,140,1ibvz7s1,"Horiuchi, Makoto",yjqw6dtq,Tyler Steinwand,W,2-0,1984.08,,,1757.6,1743.66,-13.94
4014554,7,standard,6,1mghnbu5,Mateo Ferreira,ulticqxp,Anthony Lee,L,0-2,2022.95,2002.34,-20.61,1878.6,1899.22,20.62
4014619,7,standard,71,1mgu2l1k,Adam Edelson,bmxlpfb0,"Xu, Matt",W,2-1,2072.1,2087.42,15.32,1924.36,,
4014660,7,standard,112,1o2chbpk,Neil Estrada,exwav16j,Ken Yukuhiro,L,1-2,2019.16,2004.29,-14.87,2192.64,2207.5,14.86
4014596,7,standard,48,1yfv22vg,Muhan Yu,xx1j61dt,"Medeiros Merjam, Guilherme",L,1-2,2057.21,2038.27,-18.94,2005.75,,
4014598,7,standard,50,222vn7x7,Christian Baker,tuti7rxn,Oliver Tomajko,L,1-2,1871.22,1857.48,-13.74,2108.73,2122.48,13.75
4014556,7,standard,8,282fp22n,"Inglis, David [USA]",mntoqmss,Kazutaka Oya,L,0-2,2076.68,,,2027.5,2046.39,18.89
4014609,7,standard,61,2adkhpoc,Vincent Choy,grqo9am2,"De Gaetano, Carlo",L,1-2,1706.58,1688.77,-17.81,1716.73,,
4014667,7,standard,119,2t3iotiu,Kazuya Takuwa,3bh1f0mb,Curtis Lam,W,2-1,1700.72,1720.47,19.75,1796.8,1777.05,-19.75
4014655,7,standard,107,2vmnlvst,"Cordobes, Albert",vhsiasqx,Samuel Chang,W,2-0,1929.96,,,2110.65,2089.39,-21.26
4014701,7,standard,153,2yxw7amh,"Angeles Servin, Alfredo Aaron",kd8wr08l,Yuta Hori,L,0-2,1484.48,,,1653.28,1668.23,14.95
4014623,7,standard,75,2zm33fzl,Eleanor Dubreuil,wnvbye9w,Yuxuan Zhang,W,2-1,1738.22,1756.04,17.82,1728.34,1710.52,-17.82
4014550,7,standard,2,336bqtu6,"Zhang, Rei",9q7jr5pf,Thierry Ramboa,W,2-0,2095.13,,,2106.9,2088.68,-18.22
4014653,7,standard,105,34h2qsa9,Jonny Guttman,wo0ujj9p,Valerie Jade,L,0-2,1963.83,1946.77,-17.06,2015.63,2032.69,17.06
4014617,7,standard,69,37okj715,Lukas Schwendinger,ttx6udui,Akira Shibata,W,2-1,1823.83,1845.95,22.12,2053.28,2031.17,-22.11
4014584,7,standard,36,38q7bl47,Alex Rohan,k32x6elu,Yuuki Ichikawa,W,2-1,2098.71,2114.62,15.91,1983.96,1968.05,-15.91
4014649,7,standard,101,3ayzk61f,Devon Straub,56cr0qb6,Yi Yang,L,0-2,1996.99,1978.16,-18.83,1951.53,1970.36,18.83
4014569,7,standard,21,3l0vbst8,Thirawat Chaovarindr,5hec4ugr,"Morales Macaya, Nicolas",L,1-2,1965.78,1943.18,-22.6,1707.74,,
4014674,7,standard,126,3m2v9pq5,Shuhei Nakamura,i6joq7x2,Joao Quege,W,2-0,1983.88,1998.12,14.24,1774.82,1760.58,-14.24
4014632,7,standard,84,3tkaanb4,Luis Gobern,oo822yog,Paul Green,L,1-2,1915.3,1900.63,-14.67,2099.85,2114.52,14.67
4014570,7,standard,22,42r3xhem,Mae French,oqgf796b,Mattia Rizzi,L,0-2,2039.5,2021.63,-17.87,2046.78,2064.65,17.87
4014564,7,standard,16,4a8umq19,Will Krueger,qrilo72j,Kellen Pastore,W,2-1,2115.44,2133.98,18.54,2144.92,2126.38,-18.54
4014635,7,standard,87,4i2wz2go,Edgar Magalhaes,wa3qhmh5,Pier Paolo Moro,W,2-1,1950.82,1963.14,12.32,1628.34,1616.03,-12.31
4014687,7,standard,139,5502rkyo,Claire Tian,lanbihme,Phillip Li,W,2-1,1691.28,1714.69,23.41,1996.81,1973.41,-23.4
4014671,7,standard,123,5ef0632t,Steve Gan,zqql6zm0,Jake Koenig,W,2-1,1957.33,1976.27,18.94,2009.13,1990.19,-18.94
4014659,7,standard,111,5g92tx55,Spencer Mazur,w2mq3pye,Andrew Cuneo,L,1-2,1880.29,1862.14,-18.15,1872.27,1890.41,18.14
4014637,7,standard,89,5gbytedy,Atsuki Kihara,hj5ztc7w,Huaxing Bai,L,0-2,1920.09,1903.84,-16.25,2016.17,2032.42,16.25
4014589,7,standard,41,5h9pep1a,Jacob Mitchell-Rabaey,e9qoi8nt,Alexey Paulot,W,2-1,1930.36,1952.67,22.31,2171.29,2148.98,-22.31
4014679,7,standard,131,5m2dou5i,Jude Hopkins,ccwsbbsz,Jeff Jao,L,1-2,1702.52,1685.16,-17.36,1737.38,1754.75,17.37
4014555,7,standard,7,5nc9un5m,Robin Courtiat,yvw9nn4r,Toni Martos,W,2-1,1883.13,1904.37,21.24,2062.4,2041.17,-21.23
4014565,7,standard,17,5nzvn1j4,Toru Inoue,w8ibxhmk,"Byrd, Michael",L,0-2,1966.84,1950.36,-16.48,2050.2,,
4014681,7,standard,133,60wynwt8,Yiren Jiang,e0kgwg90,Elliot Fortier,L,0-2,1981.99,1961.07,-20.92,1820.2,1841.12,20.92
4014641,7,standard,93,6b7njfgs,Ethan Hollen,l0nqx8nx,"Jones, Ben",L,0-2,1726.71,1714.77,-11.94,2071.8,,
4014630,7,standard,82,6bmqreq2,Mark Tubola,awrwen4n,Rick Hup Beng Lee,L,1-2,1841.01,1824.46,-16.55,1920.56,1937.11,16.55
4014642,7,standard,94,6o7cy69b,Willy Edel,zagotcbk,Pierre Smith,L,1-2,1944.9,1926.87,-18.03,1943.23,1961.26,18.03
4014645,7,standard,97,6vh8n9gw,"Higgins, Evan [USA]",c5kmg86w,Lorenzo Terlizzi,L,1-2,1822.0,,,2083.91,2097.24,13.33
4014695,7,standard,147,6vhjryk2,Philip Silberman,8x1h9yn0,Gabriel Bostic,W,2-1,1923.23,1938.92,15.69,1796.01,1780.32,-15.69
4014699,7,standard,151,6yez5lpc,Yang He,zr33vcz7,Ben Zoz,L,0-2,1840.8,1822.56,-18.24,1827.55,1845.79,18.24
4014606,7,standard,58,7257flbo,Winston Chamora,i2dp3ubf,Atsushi Nakashima,L,1-2,2029.95,2008.74,-21.21,1851.97,1873.18,21.21
4014588,7,standard,40,75uworlu,Xinrong Chen,uuoqp9l7,Derrick Davis,W,2-1,1857.51,1879.91,22.4,2103.58,2081.18,-22.4
4014663,7,standard,115,7bcj6xil,Shawn Doherty,apxvwg9g,Seth Manfield,W,2-1,1778.68,1802.81,24.13,2128.63,2104.5,-24.13
4014634,7,standard,86,7ccbrp4c,Etai Kurtzman,8ymwtvpk,Chang Zheng,W,2-1,2014.39,2027.88,13.49,1762.03,1748.53,-13.5
4014603,7,standard,55,7r07ic8h,Maciej Jezyna,p6sxs8jn,Maxime Rayvich,W,2-1,1805.49,1824.82,19.33,1878.23,1858.91,-19.32
4014628,7,standard,80,7wvvj689,Mitchell Tamblyn,hcpoppa2,"Flynn, Zach",L,1-2,2074.52,2052.8,-21.72,1867.15,,
4014689,7,standard,141,7yb1fq4i,Mikey Bishara,cewo5vn2,Adriano Melo,W,2-0,1910.07,1925.79,15.72,1784.38,1768.66,-15.72
4014600,7,standard,52,7zo943oe,Yang Chen,ua41p3kc,Nicholas Talbot,W,2-1,1984.47,2001.75,17.28,1944.9,1927.62,-17.28
4014552,7,standard,4,81xkae72,Nam Dang,pifyvicd,"Schuetz, Stefan",W,2-0,2056.13,2075.29,19.16,2119.6,,
4014700,7,standard,152,8agu6e8x,Takuya Hasegawa,fb53qwgi,"Osterude, Nicholas",L,0-2,1822.08,1802.69,-19.39,1745.48,,
4014644,7,standard,96,8l3ukog4,Julian Riedener,chgnyz2i,Nick Deriu,L,1-2,1798.93,1783.06,-15.87,1916.51,1932.38,15.87
4014633,7,standard,85,8qvy0oha,Masakuni Hamaguchi,mvh6e9tq,Vasilios Morikis,W,2-0,1946.78,1964.65,17.87,1939.26,1921.39,-17.87
4014647,7,standard,99,8r8ub5ts,Koki Hara,br67eruq,"Castillo Santos, Daniela Isabel",W,2-0,1921.92,1934.76,12.84,1631.16,,
4014676,7,standard,128,8ry46oq5,Nicolas Cosgrove,rpnmp036,Percy Fang,L,0-2,1736.32,1721.77,-14.55,1928.17,1942.71,14.54
4014654,7,standard,106,8snu2urd,Jack Young,y46mfw1k,"Martinez, Carlos [MEX]",W,2-0,1810.46,1825.46,15.0,1644.14,,
4014593,7,standard,45,8uemg873,Ryan Condon,yaomdkss,Wentong Zhang,L,1-2,2098.3,2074.78,-23.52,1785.85,1809.37,23.52
4014578,7,standard,30,8yk0ficp,"Mora Romero, Alejandro",mlphz36k,Gregorio Galeotti,W,2-1,1921.08,,,1717.11,1702.78,-14.33
4014657,7,standard,109,8zkekidi,"Rangel Paez, Edgar Emmanuel",ieteb820,Alex Friedrichsen,L,1-2,1818.03,,,1930.99,1946.94,15.95
4014567,7,standard,19,9cdybzxw,"Blondiaux, Timothee",ddeejmn8,John Wager,L,1-2,1887.62,,,1973.55,1989.99,16.44
4014558,7,standard,10,9ciliata,Bryan Rockenbach,zciwnzo6,Yuchen Liu,W,2-1,2032.53,2050.71,18.18,2042.16,2023.98,-18.18
4014557,7,standard,9,9e2i11mk,Kye Nelson,ypvuccra,Daniel Weiss,L,1-2,2033.62,2010.98,-22.64,1773.14,1795.79,22.65
4014614,7,standard,66,9fixv4fb,Guillermo Loli,apxu0evx,Oliver Coffey,L,0-2,1954.13,1933.76,-20.37,1823.65,1844.01,20.36
4014656,7,standard,108,9ist1h5x,Jody Keith,ktk9r9kq,Wappa Hamada,L,0-2,2059.31,2037.76,-21.55,1862.4,1883.94,21.54
4014612,7,standard,64,9r2o9fib,Prez Kuhnke,or2i5kf0,Evan Vetter,L,1-2,1819.06,1803.78,-15.28,1969.15,1984.44,15.29
4014686,7,standard,138,9t0i3vyv,Karl Sarap,iuw859gm,Matt Sperling,L,1-2,1987.91,1971.63,-16.28,2082.74,2099.01,16.27
4014643,7,standard,95,a1zp0k3i,Quinn Tonole,lzhfk0l7,Pietro Maria Oltolina,W,2-1,1970.41,1983.51,13.1,1695.37,1682.26,-13.11
4014650,7,standard,102,a6c0a5by,Haven Gilbert-Avila,prbfum6i,"D'Souza, Kenith",L,0-2,1921.77,1903.82,-17.95,1924.14,,
4014611,7,standard,63,ao7gqd8u,Nicholas Odenheimer,axpab9cd,James Dimitrov,W,2-0,1983.71,2001.9,18.19,1994.32,1976.13,-18.19
4014690,7,standard,142,aoprdgnv,Mike Boulinguiez,y8e1u0yd,January Adams,W,2-0,1691.4,1710.79,19.39,1767.42,1748.04,-19.38
4014661,7,standard,113,axfogvl6,Marc Peral,xcgpultt,Sam Bogue,W,2-0,1972.68,1989.07,16.39,1884.25,1867.85,-16.4
4014590,7,standard,42,b1soc7vy,Masashiro Kuroda,vvqk8ugq,Dylan Nollen,W,2-1,1983.56,2001.8,18.24,1996.28,1978.05,-18.23
4014561,7,standard,13,bchw2dah,"Kane, Liam",bf5gu0pd,Matt Nass,L,0-2,1963.75,,,2021.16,2038.11,16.95
4014684,7,standard,136,bgw70171,Arch Dota,j1ilwfgj,Aylin Davis,W,2-1,2060.23,2073.85,13.62,1815.29,1801.67,-13.62
4014662,7,standard,114,bj3mq8l1,Luis Venegas,ltct0ppk,Lucas Duchow,L,0-2,1679.78,1664.74,-15.04,1843.56,1858.6,15.04
4014587,7,standard,39,bpk5fpjt,Guglielmo Lupi,ut9cb8sw,Rafael Marin,W,2-1,2152.58,2163.54,10.96,1745.21,1734.25,-10.96
4014575,7,standard,27,br2ww8kq,Jack Yudt,sds7i9fy,"Fauquenoi, Noe",W,2-0,1831.79,1850.94,19.15,1894.73,,
4014640,7,standard,92,c3ei1s37,Xiangjun Dai,lekird68,Jonathan Melamed,W,2-1,1803.18,1824.46,21.28,1984.96,1963.68,-21.28
4014678,7,standard,130,c59z9dzj,"Rodrigues Cavalcante, Marcelo",ewiiryln,Max Rappaport,L,1-2,1963.0,,,1897.04,1916.24,19.2
4014696,7,standard,148,c7vhz652,Allen Norman,rct58euk,Elijah Herr,L,0-2,1747.96,1731.67,-16.29,1842.28,1858.56,16.28
4014685,7,standard,137,cfr12lns,Valentin Orru,wa456ln4,Cherukad Sajan,W,2-1,1637.9,1655.99,18.09,1642.66,1624.57,-18.09
4014675,7,standard,127,cjf0ru2a,Sebastian Thaler,xgece8kn,"Young, Michael M",W,2-1,2038.59,2051.1,12.51,1727.67,,
4014652,7,standard,104,coibjxuk,Nathan Kirner,gam2tsv8,Cyprien Tron,L,0-2,1855.85,1841.6,-14.25,2064.18,2078.43,14.25
4014639,7,standard,91,cs0qj8ny,Brennan Roy,fsia37fx,Richard Nealston,L,1-2,1943.24,1921.95,-21.29,1760.44,1781.73,21.29
4014621,7,standard,73,cxtr7uuw,Josep Sanfeliu,spi8ybx3,Corey Burkhart,W,2-1,1942.6,1962.76,20.16,2061.66,2041.5,-20.16
4014658,7,standard,110,deuz9pk5,Ryan Normandin,izlk7lhv,"Ng, Hei Wo",W,2-1,1835.39,1849.81,14.42,1636.15,,
4014616,7,standard,68,dq44xncy,Toni Portolan,zzta7cxz,Ryan Gassaway,L,0-2,2273.68,2247.24,-26.44,1771.84,1798.28,26.44
4014615,7,standard,67,dq87d9e6,"Bossaneli Araujo, William",qll3mq3n,Brandon Kohrs,W,2-0,2041.74,,,1858.8,1844.1,-14.7
4014683,7,standard,135,dy3df6m4,Jason Qiu,iv2h0zof,Coby Schnepf,W,2-1,1780.13,1797.17,17.04,1727.65,1710.61,-17.04
4014668,7,standard,120,e7yew0je,Ivan Saenz,u8zb1g86,Victor Hawkins,L,0-2,1741.21,1727.15,-14.06,1960.55,1974.61,14.06
4014591,7,standard,43,e9kksekk,Mike Sigrist,vthtszcf,Jason Reid,L,1-2,2014.07,1993.54,-20.53,1874.18,1894.71,20.53
4014670,7,standard,122,e9z9twqj,Marco Belacca,kphgot73,Brendan Hsu,L,0-2,1972.23,1950.86,-21.37,1785.58,1806.95,21.37
4014627,7,standard,79,elxyz8tl,"Sanchez, Francisco",zpnpzas3,William Au,W,2-1,2229.69,,,1721.94,1712.46,-9.48
4014577,7,standard,29,feqlbxuy,"Kaluzny, Matyas",nhhe1pi1,Matthew Oomkes,L,1-2,1872.11,,,1881.45,1899.28,17.83
4014560,7,standard,12,fsw9mgvs,Luis Salvatto,qmwpvgrb,"Kikidis, Charalampos",L,0-2,2243.02,2222.72,-20.3,2116.6,,
4014692,7,standard,144,fuoyfsmc,Junichi Adachi,jpgr1uft,Amy James,W,2-0,1582.97,1604.94,21.97,1804.46,1782.48,-21.98
4014613,7,standard,65,fywsbcwb,Julius Fan,kyrvj5j9,Edgar Baumler,W,2-0,1996.2,2009.82,13.62,1751.18,1737.56,-13.62
4014595,7,standard,47,g7umra42,Ian Robb,upnklhaj,Aidan Mirabelli,W,2-0,1865.0,1887.91,22.91,2141.34,2118.43,-22.91
4014585,7,standard,37,gag1uiw8,Maxx Kominowski,v5debkjw,"Queralt Garriga, Albert",W,2-1,2137.04,2150.44,13.4,1878.88,,
4014583,7,standard,35,gln77x5p,Samuel Pardee,w1j40t2k,Pedro Flores,W,2-1,2191.3,2203.86,12.56,1883.59,1871.03,-12.56
4014624,7,standard,76,h28ep1ds,Adam Brace,ioxsup46,Suorsa Miitri,L,0-2,2044.01,2019.88,-24.13,1694.38,1718.51,24.13
4014694,7,standard,146,hhuqajyt,Ryouta Mishina,zpkbk496,Adam Kinnaird,W,2-1,1756.94,1772.13,15.19,1601.58,1586.39,-15.19
4014622,7,standard,74,hioy7ydm,"Harvey, Clement",k2i5icls,Javier Ramos,W,2-1,1762.45,,,1608.69,1593.48,-15.21
4014572,7,standard,24,hlwt81oy,Eli Kassis,y5dm09fs,Tyson Roylance,L,0-2,2197.6,2172.19,-25.41,1765.28,1790.69,25.41
4014551,7,standard,3,hmkukxn7,George Berrett,swqf5brq,Jack Potter,L,0-2,1856.97,1841.37,-15.6,1989.36,2004.96,15.6
4014601,7,standard,53,ho41rzpc,Patricio Roman,y04pdtin,Chris Kral,W,2-0,1930.37,1950.52,20.15,2048.93,2028.78,-20.15
4014563,7,standard,15,hwih6mgh,Jean-Emmanuel Depraz,oa3ioxca,Andy Garcia-Romo,L,1-2,2169.45,2151.87,-17.58,2192.65,2210.23,17.58
4014571,7,standard,23,ifvgu0a3,Matthew Wright,og21dc58,Kenneth Oswald,W,2-1,2073.04,2087.07,14.03,1851.85,1837.82,-14.03
4014559,7,standard,11,iqk1hqx5,Gavin Meagher,wrr61zbv,Christoffer Larsen,L,0-2,2007.92,1994.68,-13.24,2275.39,2288.63,13.24
4014620,7,standard,72,ji0rj273,Dylan Pratt,oy8ad8og,Gabriel Joglar,W,2-1,1797.73,1818.23,20.5,1935.66,1915.16,-20.5
4014636,7,standard,88,jn5kno9m,Ryan Mullens,vxgk5lbd,Kenta Masukado,W,2-1,2070.18,2086.97,16.79,2004.03,1987.24,-16.79
4014618,7,standard,70,jpoffa9k,"Benito, Jaime",tf1s0ddy,Kevin Kong,W,2-1,1921.2,,,1802.55,1786.7,-15.85
4014665,7,standard,117,jrfwzvbo,"Mills Emmett, Asha",kg6w3gfk,Jake Beardsley,W,2-0,2063.17,,,1877.82,1863.17,-14.65
4014697,7,standard,149,jt8tfoyh,"Weiser, Daniel",z79y5c98,Klarke Trezise,W,2-0,1964.64,,,1608.98,1597.2,-11.78
4014579,7,standard,31,k3z2odw0,Daniel Goetschel,x1s81611,Andrew Elenbogen,W,2-1,2133.98,2150.93,16.95,2076.41,2059.46,-16.95
4014631,7,standard,83,k4i24mu5,Evan Sonnenberg-Rhim,rqhrdoas,Charles Eliatamby,L,0-2,2060.22,2040.46,-19.76,1963.63,1983.38,19.75
4014608,7,standard,60,k5r20pva,Allen Wu,oruuc6vd,Bassel Nasri,W,2-1,2082.7,2098.69,15.99,1972.48,1956.49,-15.99
4014677,7,standard,129,kk5yiwgo,"Szyinski, Piotr",th5ocm0o,Hiroki Kageyama,L,0-2,1890.62,,,1912.12,1929.73,17.61
4014592,7,standard,44,kzchygxr,Andrew Kidston,oijetp3y,Bernardo Torres,L,0-2,2094.91,2074.44,-20.47,1958.42,1978.89,20.47
4014680,7,standard,132,l1uqhlkm,Isael Feitosa,v64f3aay,Elad Stettner,W,2-0,1871.78,1885.14,13.36,1611.19,1597.83,-13.36
4014626,7,standard,78,l4x45emr,Tristan Wylde-LaRue,mw706ncx,Yuya Tase,W,2-1,1965.52,1980.97,15.45,1824.81,1809.36,-15.45
4014648,7,standard,100,lo6wrr1f,Masataka Hori,pley1pk6,Julien Henry,L,1-2,2088.93,2069.23,-19.7,1995.2,2014.91,19.71
4014553,7,standard,5,m46p08w0,"Santos Esquici, Victor",o8jo73e1,Collins Mullen,W,2-1,2064.66,,,2087.41,2069.0,-18.41
4014599,7,standard,51,mkq0xzy4,Masahide Moriyama,rj1n7oj4,Joshua Willis,L,1-2,2076.72,2058.5,-18.22,2065.11,2083.32,18.21
4014610,7,standard,62,myahi6h7,Eduardo Sajgalik,z6r4p2ce,Javier Dominguez,L,1-2,2128.95,2109.34,-19.61,2040.11,2059.72,19.61
4014604,7,standard,56,mybfhhle,Jon Beitler,o4d4yzce,Abe Schnake,L,0-2,1732.96,1720.33,-12.63,2036.76,2049.38,12.62
4014693,7,standard,145,n2x9oaz0,"Onoda, Kenji",z4lu3jn3,Terry Edwards,W,2-1,1714.18,,,1723.25,1705.08,-18.17
4014580,7,standard,32,ney4ym60,"Walker, Austin",smlqb2ut,Arne Huschenbeth,L,0-2,1790.92,,,2236.44,2246.82,10.38
4014566,7,standard,18,o6gkw2bt,Shi Tian Lee,ycxedwh1,"DeBenedetto-Plummer, Michael",W,2-0,1906.13,1927.96,21.83,2119.19,,
4014605,7,standard,57,oul159pu,Marco Cammilluzzi,qtkpoy98,Mason Buonadonna,L,1-2,2040.33,2021.6,-18.73,2000.38,2019.11,18.73
4014607,7,standard,59,pv9ckf8c,Eli Swafford,wtntvl5l,Yoshitaka Yamasaki,L,1-2,1990.74,1968.5,-22.24,1753.59,1775.84,22.25
4014672,7,standard,124,q9xm94yx,Robert Wagner-Krankel,ucdcy25j,Marcus Wosner,L,0-2,1734.26,1720.06,-14.2,1945.87,1960.06,14.19
4014698,7,standard,150,qi3sp8mj,Sophi Seley,qiodci2h,"Stange, Jonathan",W,2-1,1599.81,1618.05,18.24,1613.16,,
4014669,7,standard,121,quea097u,"Lopez, Jorge [MEX]",sbxfa2dv,Atsuya Okuno,L,1-2,1661.97,,,1793.31,1808.93,15.62
4014666,7,standard,118,r0ndxfmr,Avi Lessure,v09smgn2,Gabriel Nicholas,W,2-1,1968.52,1986.13,17.61,1947.05,1929.44,-17.61
4014597,7,standard,49,rq45xp25,"Bertram, Timo",swz4omjg,Antonin Branis,L,1-2,1928.77,,,1885.77,1904.56,18.79
4014646,7,standard,98,rt4irfpd,Aedan Simons-Rudolph,z2s366ev,Anthony Cuello,L,1-2,1782.32,1766.75,-15.57,1916.18,1931.75,15.57
4014581,7,standard,33,s7cmhif5,Neilson Zhang,z184xrwz,Nathan Hu,W,2-0,1812.52,1829.13,16.61,1735.76,1719.16,-16.6
4014549,7,standard,1,s80aw6v9,"Offman, Noe",zz14clya,Nathan Steuer,L,1-2,2062.19,,,2078.93,2096.62,17.69
4014576,7,standard,28,swh1olqe,"Verdierre, Gaetan",t05l3sme,Yuya Hosokawa,L,1-2,1856.21,,,1911.9,1928.89,16.99
4014586,7,standard,38,ud8xjwt9,Ryan Brozovich,ympa2ttn,Davor Detecnik,L,0-2,1977.03,1960.62,-16.41,2064.54,2080.95,16.41
4014673,7,standard,125,vmzl2n0r,Rodrigo Pinheiro,xbl3uwo2,Alan Hubbard,L,0-2,1840.07,1821.95,-18.12,1833.41,1851.53,18.12
4014594,7,standard,46,wum7k15v,"Astrand, David",ydosmtui,Zevin Faust,L,1-2,1677.79,,,2095.24,2106.05,10.81
4014735,8,standard,34,0qivecmh,"Martin, Adria",bpk5fpjt,Guglielmo Lupi,L,1-2,2047.52,,,2163.54,2179.44,15.9
4014755,8,standard,54,0scosskv,Matheus Crusius,ao7gqd8u,Nicholas Odenheimer,L,1-2,1878.43,1862.67,-15.76,2001.9,2017.66,15.76
4014761,8,standard,60,0uqxbitj,Takeshi Ozawa,f21zrfi5,"Garcia Gonzalez, Sergio",L,1-2,1977.92,1960.44,-17.48,2005.99,,
4014766,8,standard,65,10bptxxv,Aras Senyuz,zzta7cxz,Ryan Gassaway,W,2-1,1852.73,1869.74,17.01,1798.28,1781.27,-17.01
4014784,8,standard,83,10u7a2gt,Shinnosuke Hando,cfr12lns,Valentin Orru,L,0-2,1890.77,1868.57,-22.2,1655.99,1678.19,22.2
4014726,8,standard,25,12p06h4s,Shota Yasooka,nhhe1pi1,Matthew Oomkes,W,2-0,2029.12,2044.76,15.64,1899.28,1883.63,-15.65
4014742,8,standard,41,14bbh8fs,Raul Porojan,ney4ym60,"Walker, Austin",L,1-2,1867.16,1847.59,-19.57,1780.54,,
4014809,8,standard,108,1ibvz7s1,"Horiuchi, Makoto",3tkaanb4,Luis Gobern,L,0-2,1998.01,,,1900.63,1920.4,19.77
4014716,8,standard,15,1mghnbu5,Mateo Ferreira,vthtszcf,Jason Reid,W,2-1,2002.34,2018.38,16.04,1894.71,1878.67,-16.04
4014767,8,standard,66,1mgu2l1k,Adam Edelson,p6sxs8jn,Maxime Rayvich,L,1-2,2087.42,2065.33,-22.09,1858.91,1881.0,22.09
4014832,8,standard,131,1o2chbpk,Neil Estrada,n2x9oaz0,"Onoda, Kenji",W,2-0,2004.29,2017.45,13.16,1732.34,,
4014743,8,standard,42,1yfv22vg,Muhan Yu,fsia37fx,Richard Nealston,L,1-2,2038.27,2015.69,-22.58,1781.73,1804.31,22.58
4014747,8,standard,46,222vn7x7,Christian Baker,hj5ztc7w,Huaxing Bai,L,1-2,1857.48,1842.63,-14.85,2032.42,2047.27,14.85
4014824,8,standard,123,25hfvyjf,"Torrico, Carlos",sbxfa2dv,Atsuya Okuno,L,0-2,1859.72,,,1808.93,1827.85,18.92
4014712,8,standard,11,282fp22n,"Inglis, David [USA]",wrr61zbv,Christoffer Larsen,L,1-2,2057.78,,,2288.63,2302.49,13.86
4014796,8,standard,95,2adkhpoc,Vincent Choy,exwav16j,Ken Yukuhiro,W,2-0,1688.77,1715.45,26.68,2207.5,2180.82,-26.68
4014814,8,standard,113,2pjv6j9n,"Del Pivo, Marco",rpnmp036,Percy Fang,W,2-1,1998.51,,,1942.71,1925.73,-16.98
4014819,8,standard,118,2t3iotiu,Kazuya Takuwa,kyrvj5j9,Edgar Baumler,L,1-2,1720.47,1702.78,-17.69,1737.56,1755.24,17.68
4014782,8,standard,81,2vmnlvst,"Cordobes, Albert",k5r20pva,Allen Wu,L,1-2,1951.22,,,2098.69,2114.02,15.33
4014845,8,standard,145,2yxw7amh,"Angeles Servin, Alfredo Aaron",z4lu3jn3,Terry Edwards,W,2-1,1469.53,,,1705.08,1682.86,-22.22
4014750,8,standard,49,2zm33fzl,Eleanor Dubreuil,swz4omjg,Antonin Branis,W,2-0,1756.04,1776.73,20.69,1904.56,1883.87,-20.69
4014702,8,standard,1,336bqtu6,"Zhang, Rei",zz14clya,Nathan Steuer,L,1-2,2113.35,,,2096.62,2114.93,18.31
4014803,8,standard,102,34h2qsa9,Jonny Guttman,th5ocm0o,Hiroki Kageyama,L,1-2,1946.77,1928.46,-18.31,1929.73,1948.04,18.31
4014754,8,standard,53,37okj715,Lukas Schwendinger,mkq0xzy4,Masahide Moriyama,L,1-2,1845.95,1831.77,-14.18,2058.5,2072.69,14.19
4014736,8,standard,35,38q7bl47,Alex Rohan,g7umra42,Ian Robb,L,0-2,2114.62,2092.56,-22.06,1887.91,1909.98,22.07
4014807,8,standard,106,3ayzk61f,Devon Straub,mw706ncx,Yuya Tase,W,2-1,1978.16,1993.11,14.95,1809.36,1794.41,-14.95
4014828,8,standard,127,3bh1f0mb,Curtis Lam,apxvwg9g,Seth Manfield,L,1-2,1777.05,1764.81,-12.24,2104.5,2116.74,12.24
4014776,8,standard,75,3l0vbst8,Thirawat Chaovarindr,y04pdtin,Chris Kral,L,0-2,1943.18,1926.74,-16.44,2028.78,2045.22,16.44
4014795,8,standard,94,3m2v9pq5,Shuhei Nakamura,rt4irfpd,Aedan Simons-Rudolph,W,2-0,1998.12,2011.97,13.85,1766.75,1752.89,-13.86
4014745,8,standard,44,42r3xhem,Mae French,zagotcbk,Pierre Smith,W,2-0,2021.63,2038.53,16.9,1961.26,1944.36,-16.9
4014711,8,standard,10,4a8umq19,Will Krueger,qmwpvgrb,"Kikidis, Charalampos",W,2-0,2133.98,2152.04,18.06,2136.89,,
4014770,8,standard,69,4i2wz2go,Edgar Magalhaes,wum7k15v,"Astrand, David",W,2-0,1963.14,1975.89,12.75,1666.99,,
4014805,8,standard,104,5502rkyo,Claire Tian,ewiiryln,Max Rappaport,L,0-2,1714.69,1700.31,-14.38,1916.24,1930.61,14.37
4014753,8,standard,52,56cr0qb6,Yi Yang,z6r4p2ce,Javier Dominguez,L,1-2,1970.36,1953.99,-16.37,2059.72,2076.1,16.38
4014822,8,standard,121,5ef0632t,Steve Gan,k4i24mu5,Evan Sonnenberg-Rhim,W,2-0,1976.27,1995.44,19.17,2040.46,2021.29,-19.17
4014788,8,standard,87,5gbytedy,Atsuki Kihara,cs0qj8ny,Brennan Roy,L,0-2,1903.84,1886.17,-17.67,1921.95,1939.62,17.67
4014724,8,standard,23,5h9pep1a,Jacob Mitchell-Rabaey,7zo943oe,Yang Chen,L,1-2,1952.67,1935.56,-17.11,2001.75,2018.86,17.11
4014734,8,standard,33,5hec4ugr,"Morales Macaya, Nicolas",tuti7rxn,Oliver Tomajko,W,2-0,1730.34,,,2122.48,2097.68,-24.8
4014833,8,standard,132,5m2dou5i,Jude Hopkins,lanbihme,Phillip Li,W,2-1,1685.16,1708.27,23.11,1973.41,1950.29,-23.12
4014703,8,standard,2,5nc9un5m,Robin Courtiat,swqf5brq,Jack Potter,L,1-2,1904.37,1888.2,-16.17,2004.96,2021.13,16.17
4014725,8,standard,24,5nzvn1j4,Toru Inoue,ddeejmn8,John Wager,W,2-0,1950.36,1969.08,18.72,1989.99,1971.26,-18.73
4014840,8,standard,139,60wynwt8,Yiren Jiang,rtio0ez5,"White, Thomas [ENG]",W,2-1,1961.07,1977.4,16.33,1869.48,,
4014799,8,standard,98,6b7njfgs,Ethan Hollen,9r2o9fib,Prez Kuhnke,L,1-2,1714.77,1698.39,-16.38,1803.78,1820.16,16.38
4014798,8,standard,97,6bmqreq2,Mark Tubola,7wvvj689,Mitchell Tamblyn,L,0-2,1824.46,1810.56,-13.9,2052.8,2066.7,13.9
4014812,8,standard,111,6o7cy69b,Willy Edel,kphgot73,Brendan Hsu,L,0-2,1926.87,1906.69,-20.18,1806.95,1827.13,20.18
4014794,8,standard,93,6vh8n9gw,"Higgins, Evan [USA]",ltct0ppk,Lucas Duchow,W,2-1,1808.67,,,1858.6,1839.69,-18.91
4014839,8,standard,138,6vhjryk2,Philip Silberman,kk5yiwgo,"Szyinski, Piotr",W,2-1,1938.92,1955.72,16.8,1873.01,,
4014846,8,standard,146,6yez5lpc,Yang He,8x1h9yn0,Gabriel Bostic,L,1-2,1822.56,1803.79,-18.77,1780.32,1799.09,18.77
4014783,8,standard,82,7257flbo,Winston Chamora,mybfhhle,Jon Beitler,L,1-2,2008.74,1985.62,-23.12,1720.33,1743.45,23.12
4014731,8,standard,30,75uworlu,Xinrong Chen,ho41rzpc,Patricio Roman,L,1-2,1879.91,1863.2,-16.71,1950.52,1967.24,16.72
4014801,8,standard,100,7bcj6xil,Shawn Doherty,lekird68,Jonathan Melamed,L,0-2,1802.81,1787.72,-15.09,1963.68,1978.77,15.09
4014744,8,standard,43,7ccbrp4c,Etai Kurtzman,ua41p3kc,Nicholas Talbot,W,2-0,2027.88,2044.06,16.18,1927.62,1911.45,-16.17
4014729,8,standard,28,7r07ic8h,Maciej Jezyna,hwih6mgh,Jean-Emmanuel Depraz,L,1-2,1824.82,1812.58,-12.24,2151.87,2164.12,12.25
4014797,8,standard,96,7yb1fq4i,Mikey Bishara,dy3df6m4,Jason Qiu,W,2-0,1925.79,1941.46,15.67,1797.17,1781.51,-15.66
4014705,8,standard,4,81xkae72,Nam Dang,o6gkw2bt,Shi Tian Lee,W,2-1,2075.29,2090.62,15.33,1927.96,1912.63,-15.33
4014847,8,standard,147,8agu6e8x,Takuya Hasegawa,zpkbk496,Adam Kinnaird,W,2-1,1802.69,1816.8,14.11,1586.39,1572.27,-14.12
4014821,8,standard,120,8l3ukog4,Julian Riedener,a6c0a5by,Haven Gilbert-Avila,L,1-2,1783.06,1767.25,-15.81,1903.82,1919.62,15.8
4014841,8,standard,140,8o1onzs3,"Nielsen, Simon",yjqw6dtq,Tyler Steinwand,W,2-1,2098.24,,,1743.66,1731.87,-11.79
4014728,8,standard,27,8qvy0oha,Masakuni Hamaguchi,gag1uiw8,Maxx Kominowski,L,1-2,1964.65,1950.0,-14.65,2150.44,2165.09,14.65
4014781,8,standard,80,8r8ub5ts,Koki Hara,feqlbxuy,"Kaluzny, Matyas",L,1-2,1934.76,1915.3,-19.46,1854.28,,
4014751,8,standard,50,8snu2urd,Jack Young,c5kmg86w,Lorenzo Terlizzi,W,2-1,1825.46,1848.3,22.84,2097.24,2074.4,-22.84
4014739,8,standard,38,8uemg873,Ryan Condon,mlphz36k,Gregorio Galeotti,L,0-2,2074.78,2050.3,-24.48,1702.78,1727.26,24.48
4014730,8,standard,29,8yk0ficp,"Mora Romero, Alejandro",k3z2odw0,Daniel Goetschel,L,0-2,1935.41,,,2150.93,2165.06,14.13
4014786,8,standard,85,8ymwtvpk,Chang Zheng,9fixv4fb,Guillermo Loli,W,2-1,1748.53,1769.87,21.34,1933.76,1912.42,-21.34
4014718,8,standard,17,9am8loyq,Reid Duke,vsmld9tt,Christian Calcano,W,2-0,2207.7,2222.08,14.38,2006.27,1991.9,-14.37
4014710,8,standard,9,9ciliata,Bryan Rockenbach,ypvuccra,Daniel Weiss,L,0-2,2050.71,2028.16,-22.55,1795.79,1818.34,22.55
4014723,8,standard,22,9e2i11mk,Kye Nelson,yaomdkss,Wentong Zhang,L,0-2,2010.98,1989.35,-21.63,1809.37,1831.0,21.63
4014827,8,standard,126,9ist1h5x,Jody Keith,y46mfw1k,"Martinez, Carlos [MEX]",W,2-1,2037.76,2048.71,10.95,1629.15,,
4014707,8,standard,6,9q7jr5pf,Thierry Ramboa,aad50tcz,"Stefans, Matthew",W,2-0,2088.68,2101.25,12.57,1781.59,,
4014769,8,standard,68,a1zp0k3i,Quinn Tonole,j9ruocra,Gavin Perry,L,0-2,1983.51,1965.4,-18.11,1977.16,1995.28,18.12
4014811,8,standard,110,aoprdgnv,Mike Boulinguiez,wa3qhmh5,Pier Paolo Moro,W,2-1,1710.79,1727.06,16.27,1616.03,1599.75,-16.28
4014778,8,standard,77,apxu0evx,Oliver Coffey,upnklhaj,Aidan Mirabelli,L,0-2,1844.01,1830.89,-13.12,2118.43,2131.55,13.12
4014773,8,standard,72,awrwen4n,Rick Hup Beng Lee,xd98dyts,"Wong, Charles",W,2-1,1937.11,1957.02,19.91,2042.23,,
4014825,8,standard,124,axfogvl6,Marc Peral,iuw859gm,Matt Sperling,W,2-1,1989.07,2009.07,20.0,2099.01,2079.02,-19.99
4014787,8,standard,86,axpab9cd,James Dimitrov,spi8ybx3,Corey Burkhart,L,0-2,1976.13,1959.32,-16.81,2041.5,2058.31,16.81
4014721,8,standard,20,b1soc7vy,Masashiro Kuroda,oijetp3y,Bernardo Torres,L,0-2,2001.8,1983.38,-18.42,1978.89,1997.31,18.42
4014722,8,standard,21,bchw2dah,"Kane, Liam",ympa2ttn,Davor Detecnik,W,2-1,1946.8,,,2080.95,2060.52,-20.43
4014708,8,standard,7,bf5gu0pd,Matt Nass,oa3ioxca,Andy Garcia-Romo,W,2-1,2038.11,2059.22,21.11,2210.23,2189.12,-21.11
4014826,8,standard,125,bgw70171,Arch Dota,vhsiasqx,Samuel Chang,W,2-0,2073.85,2092.13,18.28,2089.39,2071.11,-18.28
4014802,8,standard,101,bmxlpfb0,"Xu, Matt",xbl3uwo2,Alan Hubbard,W,2-0,1909.03,,,1851.53,1834.58,-16.95
4014738,8,standard,37,br2ww8kq,Jack Yudt,hcpoppa2,"Flynn, Zach",L,0-2,1850.94,1833.63,-17.31,1888.88,,
4014817,8,standard,116,br67eruq,"Castillo Santos, Daniela Isabel",vxgk5lbd,Kenta Masukado,L,0-2,1618.32,,,1987.24,1998.8,11.56
4014752,8,standard,51,c3ei1s37,Xiangjun Dai,sds7i9fy,"Fauquenoi, Noe",L,1-2,1824.46,1807.39,-17.07,1875.58,,
4014813,8,standard,112,ccwsbbsz,Jeff Jao,oruuc6vd,Bassel Nasri,W,2-1,1754.75,1776.38,21.63,1956.49,1934.86,-21.63
4014829,8,standard,128,cewo5vn2,Adriano Melo,kd8wr08l,Yuta Hori,L,0-2,1768.66,1748.84,-19.82,1668.23,1688.06,19.83
4014741,8,standard,40,chgnyz2i,Nick Deriu,x1s81611,Andrew Elenbogen,W,2-1,1932.38,1952.68,20.3,2059.46,2039.15,-20.31
4014792,8,standard,91,cjf0ru2a,Sebastian Thaler,e0kgwg90,Elliot Fortier,L,0-2,2051.1,2029.32,-21.78,1841.12,1862.9,21.78
4014806,8,standard,105,coibjxuk,Nathan Kirner,k2i5icls,Javier Ramos,W,2-0,1841.6,1855.16,13.56,1593.48,1579.91,-13.57
4014759,8,standard,58,cxtr7uuw,Josep Sanfeliu,pley1pk6,Julien Henry,W,2-1,1962.76,1981.71,18.95,2014.91,1995.96,-18.95
4014816,8,standard,115,deuz9pk5,Ryan Normandin,r0ndxfmr,Avi Lessure,W,2-1,1849.81,1870.28,20.47,1986.13,1965.66,-20.47
4014785,8,standard,84,dq44xncy,Toni Portolan,ttx6udui,Akira Shibata,L,1-2,2247.24,2225.36,-21.88,2031.17,2053.05,21.88
4014779,8,standard,78,dq87d9e6,"Bossaneli Araujo, William",w1j40t2k,Pedro Flores,W,2-1,2056.44,,,1871.03,1856.37,-14.66
4014831,8,standard,130,e7yew0je,Ivan Saenz,jt8tfoyh,"Weiser, Daniel",L,0-2,1727.15,1713.6,-13.55,1976.42,,
4014763,8,standard,62,e9kksekk,Mike Sigrist,fywsbcwb,Julius Fan,W,2-1,1993.54,2011.83,18.29,2009.82,1991.52,-18.3
4014765,8,standard,64,e9qoi8nt,Alexey Paulot,ut9cb8sw,Rafael Marin,L,1-2,2148.98,2123.83,-25.15,1734.25,1759.4,25.15
4014843,8,standard,142,e9z9twqj,Marco Belacca,izlk7lhv,"Ng, Hei Wo",W,2-0,1950.86,1963.07,12.21,1621.74,,
4014771,8,standard,70,elxyz8tl,"Sanchez, Francisco",oo822yog,Paul Green,L,0-2,2239.16,,,2114.52,2134.79,20.27
4014836,8,standard,135,fb53qwgi,"Osterude, Nicholas",qi3sp8mj,Sophi Seley,W,2-0,1764.87,,,1618.05,1602.71,-15.34
4014715,8,standard,14,fsw9mgvs,Luis Salvatto,oqgf796b,Mattia Rizzi,W,2-0,2222.72,2237.86,15.14,2064.65,2049.51,-15.14
4014804,8,standard,103,fuoyfsmc,Junichi Adachi,wnvbye9w,Yuxuan Zhang,W,2-0,1604.94,1624.86,19.92,1710.52,1690.6,-19.92
4014757,8,standard,56,gam2tsv8,Cyprien Tron,qtkpoy98,Mason Buonadonna,L,1-2,2078.43,2059.35,-19.08,2019.11,2038.19,19.08
4014732,8,standard,31,gln77x5p,Samuel Pardee,ifvgu0a3,Matthew Wright,L,1-2,2203.86,2183.74,-20.12,2087.07,2107.19,20.12
4014789,8,standard,88,h28ep1ds,Adam Brace,rip7ttlz,Alexander Kans,W,2-1,2019.88,2036.48,16.6,1943.0,1926.4,-16.6
4014835,8,standard,134,hhuqajyt,Ryouta Mishina,wa456ln4,Cherukad Sajan,W,2-1,1772.13,1787.45,15.32,1624.57,1609.24,-15.33
4014772,8,standard,71,hioy7ydm,"Harvey, Clement",uuoqp9l7,Derrick Davis,W,2-0,1777.67,,,2081.18,2057.81,-23.37
4014768,8,standard,67,hlwt81oy,Eli Kassis,l0nqx8nx,"Jones, Ben",L,1-2,2172.19,2152.58,-19.61,2083.75,,
4014704,8,standard,3,hmkukxn7,George Berrett,m46p08w0,"Santos Esquici, Victor",L,0-2,1841.37,1827.69,-13.68,2083.08,,
4014762,8,standard,61,i2dp3ubf,Atsushi Nakashima,rqhrdoas,Charles Eliatamby,L,0-2,1873.18,1857.18,-16.0,1983.38,1999.38,16.0
4014810,8,standard,109,ieteb820,Alex Friedrichsen,jrfwzvbo,"Mills Emmett, Asha",W,2-0,1946.94,1967.32,20.38,2077.83,,
4014760,8,standard,59,ioxsup46,Suorsa Miitri,ycxedwh1,"DeBenedetto-Plummer, Michael",L,1-2,1718.51,1707.1,-11.41,2097.36,,
4014719,8,standard,18,iqk1hqx5,Gavin Meagher,qrilo72j,Kellen Pastore,W,2-0,1994.68,2015.07,20.39,2126.38,2105.99,-20.39
4014764,8,standard,63,ji0rj273,Dylan Pratt,jpoffa9k,"Benito, Jaime",W,2-0,1818.23,1838.39,20.16,1937.04,,
4014777,8,standard,76,jn5kno9m,Ryan Mullens,kzchygxr,Andrew Kidston,W,2-0,2086.97,2104.74,17.77,2074.44,2056.67,-17.77
4014838,8,standard,137,jpgr1uft,Amy James,v64f3aay,Elad Stettner,W,2-1,1782.48,1797.15,14.67,1597.83,1583.16,-14.67
4014780,8,standard,79,k32x6elu,Yuuki Ichikawa,z184xrwz,Nathan Hu,L,0-2,1968.05,1945.6,-22.45,1719.16,1741.61,22.45
4014823,8,standard,122,ktk9r9kq,Wappa Hamada,ucdcy25j,Marcus Wosner,L,1-2,1883.94,1867.33,-16.61,1960.06,1976.68,16.62
4014791,8,standard,90,l1uqhlkm,Isael Feitosa,myahi6h7,Eduardo Sajgalik,L,0-2,1885.14,1871.16,-13.98,2109.34,2123.32,13.98
4014749,8,standard,48,l4x45emr,Tristan Wylde-LaRue,mvh6e9tq,Vasilios Morikis,W,2-0,1980.97,1997.89,16.92,1921.39,1904.48,-16.91
4014793,8,standard,92,lo6wrr1f,Masataka Hori,lzhfk0l7,Pietro Maria Oltolina,L,0-2,2069.23,2044.51,-24.72,1682.26,1706.98,24.72
4014709,8,standard,8,mntoqmss,Kazutaka Oya,ulticqxp,Anthony Lee,L,1-2,2046.39,2025.73,-20.66,1899.22,1919.89,20.67
4014714,8,standard,13,o4d4yzce,Abe Schnake,yvw9nn4r,Toni Martos,W,2-0,2049.38,2067.23,17.85,2041.17,2023.32,-17.85
4014720,8,standard,19,o8jo73e1,Collins Mullen,xx1j61dt,"Medeiros Merjam, Guilherme",W,2-1,2069.0,2086.19,17.19,2024.69,,
4014740,8,standard,39,og21dc58,Kenneth Oswald,vvqk8ugq,Dylan Nollen,W,2-1,1837.82,1858.36,20.54,1978.05,1957.51,-20.54
4014774,8,standard,73,or2i5kf0,Evan Vetter,ud8xjwt9,Ryan Brozovich,L,1-2,1984.44,1966.0,-18.44,1960.62,1979.05,18.43
4014808,8,standard,107,oul159pu,Marco Cammilluzzi,w7smw1wa,"Lin, Jeff",W,2-1,2021.6,2035.05,13.45,1766.63,,
4014820,8,standard,119,oy8ad8og,Gabriel Joglar,pv9ckf8c,Eli Swafford,L,0-2,1915.16,1898.13,-17.03,1968.5,1985.53,17.03
4014717,8,standard,16,pifyvicd,"Schuetz, Stefan",rj1n7oj4,Joshua Willis,W,2-0,2100.44,,,2083.32,2065.64,-17.68
4014844,8,standard,144,qjuk86iv,"Iriarte Valenzuela, Mauricio",z79y5c98,Klarke Trezise,L,0-2,1582.44,,,1597.2,1614.93,17.73
4014818,8,standard,117,qll3mq3n,Brandon Kohrs,rq45xp25,"Bertram, Timo",L,1-2,1844.1,1827.3,-16.8,1909.99,,
4014834,8,standard,133,rct58euk,Elijah Herr,xcgpultt,Sam Bogue,W,2-1,1858.56,1876.73,18.17,1867.85,1849.69,-18.16
4014737,8,standard,36,s7cmhif5,Neilson Zhang,ydosmtui,Zevin Faust,L,0-2,1829.13,1816.05,-13.08,2106.05,2119.13,13.08
4014727,8,standard,26,smlqb2ut,Arne Huschenbeth,y5dm09fs,Tyson Roylance,W,2-0,2246.82,2257.04,10.22,1790.69,1780.47,-10.22
4014746,8,standard,45,swh1olqe,"Verdierre, Gaetan",wtntvl5l,Yoshitaka Yamasaki,W,2-1,1839.23,,,1775.84,1758.99,-16.85
4014713,8,standard,12,t05l3sme,Yuya Hosokawa,zciwnzo6,Yuchen Liu,L,1-2,1928.89,1912.62,-16.27,2023.98,2040.25,16.27
4014800,8,standard,99,tf1s0ddy,Kevin Kong,w2mq3pye,Andrew Cuneo,L,0-2,1786.7,1770.59,-16.11,1890.41,1906.53,16.12
4014815,8,standard,114,u8zb1g86,Victor Hawkins,zpnpzas3,William Au,W,2-1,1974.61,1987.93,13.32,1712.46,1699.14,-13.32
4014830,8,standard,129,v09smgn2,Gabriel Nicholas,y8e1u0yd,January Adams,L,1-2,1929.44,1908.17,-21.27,1748.04,1769.31,21.27
4014748,8,standard,47,v89wl7jv,"Fernandez Torres, Alvaro",wgwxf3od,Yimin Zhi,W,2-1,1834.24,,,1962.65,1942.32,-20.33
4014756,8,standard,55,wo0ujj9p,Valerie Jade,z2s366ev,Anthony Cuello,L,0-2,2032.69,2012.85,-19.84,1931.75,1951.58,19.83
4014842,8,standard,141,xgece8kn,"Young, Michael M",zr33vcz7,Ben Zoz,W,2-1,1715.16,,,1845.79,1825.42,-20.37
4014910,9,draft,63,0qivecmh,"Martin, Adria",mkq0xzy4,Masahide Moriyama,L,1-2,2031.62,,,2072.69,2089.94,17.25
4014939,9,draft,92,0scosskv,Matheus Crusius,3tkaanb4,Luis Gobern,L,0-2,1862.67,1845.73,-16.94,1920.4,1937.35,16.95
4014894,9,draft,47,0uqxbitj,Takeshi Ozawa,8uemg873,Ryan Condon,W,2-0,1960.44,1980.07,19.63,2050.3,2030.67,-19.63
4014909,9,draft,62,10bptxxv,Aras Senyuz,5h9pep1a,Jacob Mitchell-Rabaey,L,1-2,1869.74,1852.94,-16.8,1935.56,1952.36,16.8
4014902,9,draft,55,12p06h4s,Shota Yasooka,fsw9mgvs,Luis Salvatto,W,2-1,2044.76,2066.24,21.48,2237.86,2216.39,-21.47
4014948,9,draft,101,14bbh8fs,Raul Porojan,u8zb1g86,Victor Hawkins,W,2-1,1847.59,1868.13,20.54,1987.93,1967.39,-20.54
4014925,9,draft,78,1mghnbu5,Mateo Ferreira,w8ibxhmk,"Byrd, Michael",W,2-1,2018.38,2036.93,18.55,2048.28,,
4014945,9,draft,98,1mgu2l1k,Adam Edelson,elxyz8tl,"Sanchez, Francisco",W,2-0,2065.33,2086.11,20.78,2218.9,,
4014940,9,draft,93,1yfv22vg,Muhan Yu,w1j40t2k,Pedro Flores,W,2-0,2015.69,2030.81,15.12,1856.37,1841.26,-15.11
4014865,9,draft,18,222vn7x7,Christian Baker,kzchygxr,Andrew Kidston,L,1-2,1842.63,1828.48,-14.15,2056.67,2070.82,14.15
4014859,9,draft,12,282fp22n,"Inglis, David [USA]",z6r4p2ce,Javier Dominguez,L,0-2,2043.92,,,2076.1,2093.51,17.41
4014921,9,draft,74,2adkhpoc,Vincent Choy,cs0qj8ny,Brennan Roy,L,0-2,1715.45,1701.47,-13.98,1939.62,1953.6,13.98
4014867,9,draft,20,2pjv6j9n,"Del Pivo, Marco",myahi6h7,Eduardo Sajgalik,L,0-2,2015.5,,,2123.32,2139.36,16.04
4014911,9,draft,64,2zm33fzl,Eleanor Dubreuil,z2s366ev,Anthony Cuello,W,2-0,1776.73,1797.88,21.15,1951.58,1930.43,-21.15
4014923,9,draft,76,336bqtu6,"Zhang, Rei",81xkae72,Nam Dang,W,2-0,2095.04,,,2090.62,2072.7,-17.92
4014919,9,draft,72,37okj715,Lukas Schwendinger,8ymwtvpk,Chang Zheng,W,2-0,1831.77,1848.64,16.87,1769.87,1753.0,-16.87
4014860,9,draft,13,38q7bl47,Alex Rohan,ney4ym60,"Walker, Austin",W,2-0,2092.56,2105.37,12.81,1800.11,,
4014870,9,draft,23,3ayzk61f,Devon Straub,e0kgwg90,Elliot Fortier,L,1-2,1993.11,1972.75,-20.36,1862.9,1883.26,20.36
4014891,9,draft,44,3l0vbst8,Thirawat Chaovarindr,kyrvj5j9,Edgar Baumler,W,2-1,1926.74,1941.64,14.9,1755.24,1740.34,-14.9
4014918,9,draft,71,3m2v9pq5,Shuhei Nakamura,bgw70171,Arch Dota,W,2-0,2011.97,2031.43,19.46,2092.13,2072.68,-19.45
4014912,9,draft,65,42r3xhem,Mae French,oqgf796b,Mattia Rizzi,L,0-2,2038.53,2020.73,-17.8,2049.51,2067.31,17.8
4014874,9,draft,27,4a8umq19,Will Krueger,ulticqxp,Anthony Lee,W,2-1,2152.04,2165.88,13.84,1919.89,1906.04,-13.85
4014930,9,draft,83,4i2wz2go,Edgar Magalhaes,v89wl7jv,"Fernandez Torres, Alvaro",W,2-1,1975.89,1991.69,15.8,1854.57,,
4014869,9,draft,22,56cr0qb6,Yi Yang,5ef0632t,Steve Gan,W,2-1,1953.99,1972.74,18.75,1995.44,1976.69,-18.75
4014853,9,draft,6,5hec4ugr,"Morales Macaya, Nicolas",g7umra42,Ian Robb,L,1-2,1755.14,,,1909.98,1925.17,15.19
4014927,9,draft,80,5nc9un5m,Robin Courtiat,mntoqmss,Kazutaka Oya,W,2-0,1888.2,1908.69,20.49,2025.73,2005.24,-20.49
4014900,9,draft,53,5nzvn1j4,Toru Inoue,k3z2odw0,Daniel Goetschel,W,2-1,1969.08,1990.61,21.53,2165.06,2143.53,-21.53
4014917,9,draft,70,6arhq0t8,"Ma, Noah",a6c0a5by,Haven Gilbert-Avila,L,0-2,1994.16,,,1919.62,1938.98,19.36
4014938,9,draft,91,6vh8n9gw,"Higgins, Evan [USA]",lzhfk0l7,Pietro Maria Oltolina,W,2-1,1827.58,,,1706.98,1691.17,-15.81
4014935,9,draft,88,75uworlu,Xinrong Chen,8qvy0oha,Masakuni Hamaguchi,D,1-1,1863.2,1864.78,1.58,1950.0,1948.42,-1.58
4014936,9,draft,89,7ccbrp4c,Etai Kurtzman,hioy7ydm,"Harvey, Clement",W,2-0,2044.06,2057.71,13.65,1801.04,,
4014932,9,draft,85,7r07ic8h,Maciej Jezyna,feqlbxuy,"Kaluzny, Matyas",L,1-2,1812.58,1795.69,-16.89,1873.74,,
4014871,9,draft,24,7wvvj689,Mitchell Tamblyn,rq45xp25,"Bertram, Timo",W,2-0,2066.7,2082.17,15.47,1926.79,,
4014893,9,draft,46,7yb1fq4i,Mikey Bishara,th5ocm0o,Hiroki Kageyama,W,2-1,1941.46,1959.58,18.12,1948.04,1929.92,-18.12
4014903,9,draft,56,7zo943oe,Yang Chen,ifvgu0a3,Matthew Wright,L,1-2,2018.86,2002.46,-16.4,2107.19,2123.58,16.39
4014892,9,draft,45,8r8ub5ts,Koki Hara,zzta7cxz,Ryan Gassaway,L,0-2,1915.3,1894.87,-20.43,1781.27,1801.7,20.43
4014906,9,draft,59,8snu2urd,Jack Young,hcpoppa2,"Flynn, Zach",W,2-1,1848.3,1867.35,19.05,1906.19,,
4014862,9,draft,15,8yk0ficp,"Mora Romero, Alejandro",chgnyz2i,Nick Deriu,W,2-1,1921.29,,,1952.68,1934.11,-18.57
4014876,9,draft,29,9am8loyq,Reid Duke,smlqb2ut,Arne Huschenbeth,L,1-2,2222.08,2204.71,-17.37,2257.04,2274.41,17.37
4014915,9,draft,68,9cdybzxw,"Blondiaux, Timothee",mvh6e9tq,Vasilios Morikis,L,1-2,1850.71,,,1904.48,1921.5,17.02
4014877,9,draft,30,9ciliata,Bryan Rockenbach,hwih6mgh,Jean-Emmanuel Depraz,W,2-1,2028.16,2048.62,20.46,2164.12,2143.65,-20.47
4014883,9,draft,36,9e2i11mk,Kye Nelson,nhhe1pi1,Matthew Oomkes,L,0-2,1989.35,1969.43,-19.92,1883.63,1903.55,19.92
4014873,9,draft,26,9q7jr5pf,Thierry Ramboa,wrr61zbv,Christoffer Larsen,W,2-0,2101.25,2122.87,21.62,2302.49,2280.87,-21.62
4014916,9,draft,69,9r2o9fib,Prez Kuhnke,wum7k15v,"Astrand, David",L,0-2,1820.16,1799.16,-21.0,1654.23,,
4014889,9,draft,42,a1zp0k3i,Quinn Tonole,x1s81611,Andrew Elenbogen,W,2-0,1965.4,1984.74,19.34,2039.15,2019.81,-19.34
4014852,9,draft,5,aad50tcz,"Stefans, Matthew",yaomdkss,Wentong Zhang,W,2-1,1769.01,,,1831.0,1811.87,-19.13
4014881,9,draft,34,ao7gqd8u,Nicholas Odenheimer,l0nqx8nx,"Jones, Ben",W,2-1,2017.66,2037.22,19.56,2103.36,,
4014888,9,draft,41,aoprdgnv,Mike Boulinguiez,ucdcy25j,Marcus Wosner,W,2-0,1727.06,1749.52,22.46,1976.68,1954.22,-22.46
4014913,9,draft,66,apxu0evx,Oliver Coffey,axfogvl6,Marc Peral,W,2-0,1830.89,1852.11,21.22,2009.07,1987.85,-21.22
4014879,9,draft,32,awrwen4n,Rick Hup Beng Lee,oo822yog,Paul Green,L,0-2,1957.02,1942.23,-14.79,2134.79,2149.58,14.79
4014905,9,draft,58,b1soc7vy,Masashiro Kuroda,ud8xjwt9,Ryan Brozovich,L,1-2,1983.38,1965.3,-18.08,1979.05,1997.13,18.08
4014851,9,draft,4,bchw2dah,"Kane, Liam",ydosmtui,Zevin Faust,L,1-2,1967.23,,,2119.13,2134.38,15.25
4014849,9,draft,2,bf5gu0pd,Matt Nass,ypvuccra,Daniel Weiss,W,2-0,2059.22,2072.91,13.69,1818.34,1804.65,-13.69
4014914,9,draft,67,bmxlpfb0,"Xu, Matt",zagotcbk,Pierre Smith,W,2-1,1925.98,,,1944.36,1926.02,-18.34
4014901,9,draft,54,bpk5fpjt,Guglielmo Lupi,gag1uiw8,Maxx Kominowski,L,0-2,2179.44,2161.17,-18.27,2165.09,2183.35,18.26
4014885,9,draft,38,br2ww8kq,Jack Yudt,y5dm09fs,Tyson Roylance,L,0-2,1833.63,1814.66,-18.97,1780.47,1799.44,18.97
4014946,9,draft,99,c3ei1s37,Xiangjun Dai,ttx6udui,Akira Shibata,L,1-2,1807.39,1793.78,-13.61,2053.05,2066.66,13.61
4014941,9,draft,94,c5kmg86w,Lorenzo Terlizzi,vvqk8ugq,Dylan Nollen,L,0-2,2074.4,2054.28,-20.12,1957.51,1977.63,20.12
4014922,9,draft,75,ccwsbbsz,Jeff Jao,sbxfa2dv,Atsuya Okuno,L,0-2,1776.38,1759.32,-17.06,1827.85,1844.91,17.06
4014897,9,draft,50,cfr12lns,Valentin Orru,xd98dyts,"Wong, Charles",L,0-2,1678.19,1666.23,-11.96,2022.32,,
4014949,9,draft,102,coibjxuk,Nathan Kirner,gam2tsv8,Cyprien Tron,W,2-1,1855.16,1876.84,21.68,2059.35,2037.68,-21.67
4014854,9,draft,7,cxtr7uuw,Josep Sanfeliu,k5r20pva,Allen Wu,W,2-0,1981.71,2002.11,20.4,2114.02,2093.62,-20.4
4014928,9,draft,81,ddeejmn8,John Wager,yvw9nn4r,Toni Martos,L,0-2,1971.26,1954.21,-17.05,2023.32,2040.37,17.05
4014863,9,draft,16,deuz9pk5,Ryan Normandin,pley1pk6,Julien Henry,L,1-2,1870.28,1854.56,-15.72,1995.96,2011.68,15.72
4014857,9,draft,10,dq87d9e6,"Bossaneli Araujo, William",upnklhaj,Aidan Mirabelli,W,2-1,2071.09,,,2131.55,2112.45,-19.1
4014880,9,draft,33,e9kksekk,Mike Sigrist,swh1olqe,"Verdierre, Gaetan",W,2-1,2011.83,2027.02,15.19,1856.07,,
4014895,9,draft,48,e9qoi8nt,Alexey Paulot,uuoqp9l7,Derrick Davis,W,2-0,2123.83,2140.62,16.79,2057.81,2041.02,-16.79
4014896,9,draft,49,ewiiryln,Max Rappaport,swz4omjg,Antonin Branis,W,2-0,1930.61,1947.76,17.15,1883.87,1866.72,-17.15
4014855,9,draft,8,f21zrfi5,"Garcia Gonzalez, Sergio",j9ruocra,Gavin Perry,L,1-2,2023.48,,,1995.28,2013.8,18.52
4014934,9,draft,87,fsia37fx,Richard Nealston,ycxedwh1,"DeBenedetto-Plummer, Michael",L,1-2,1804.31,1791.7,-12.61,2108.77,,
4014868,9,draft,21,fuoyfsmc,Junichi Adachi,pv9ckf8c,Eli Swafford,L,0-2,1624.86,1613.16,-11.7,1985.53,1997.22,11.69
4014942,9,draft,95,fywsbcwb,Julius Fan,kphgot73,Brendan Hsu,L,1-2,1991.52,1970.55,-20.97,1827.13,1848.1,20.97
4014882,9,draft,35,gln77x5p,Samuel Pardee,rj1n7oj4,Joshua Willis,L,0-2,2183.74,2163.59,-20.15,2065.64,2085.78,20.14
4014931,9,draft,84,grqo9am2,"De Gaetano, Carlo",jn5kno9m,Ryan Mullens,L,1-2,1755.02,,,2104.74,2116.61,11.87
4014866,9,draft,19,h28ep1ds,Adam Brace,w2mq3pye,Andrew Cuneo,L,0-2,2036.48,2016.12,-20.36,1906.53,1926.88,20.35
4014937,9,draft,90,hj5ztc7w,Huaxing Bai,tuti7rxn,Oliver Tomajko,W,2-1,2047.27,2066.18,18.91,2097.68,2078.76,-18.92
4014890,9,draft,43,hlwt81oy,Eli Kassis,ua41p3kc,Nicholas Talbot,L,0-2,2152.58,2130.26,-22.32,1911.45,1933.76,22.31
4014850,9,draft,3,hmkukxn7,George Berrett,oa3ioxca,Andy Garcia-Romo,W,2-0,1827.69,1852.01,24.32,2189.12,2164.81,-24.31
4014878,9,draft,31,ho41rzpc,Patricio Roman,o4d4yzce,Abe Schnake,L,0-2,1967.24,1951.06,-16.18,2067.23,2083.41,16.18
4014872,9,draft,25,i2dp3ubf,Atsushi Nakashima,wgwxf3od,Yimin Zhi,W,2-0,1857.18,1876.73,19.55,1942.32,1922.77,-19.55
4014943,9,draft,96,ieteb820,Alex Friedrichsen,prbfum6i,"D'Souza, Kenith",W,2-0,1967.32,1984.5,17.18,1922.7,,
4014920,9,draft,73,ioxsup46,Suorsa Miitri,or2i5kf0,Evan Vetter,L,0-2,1707.1,1693.72,-13.38,1966.0,1979.38,13.38
4014924,9,draft,77,iqk1hqx5,Gavin Meagher,zciwnzo6,Yuchen Liu,L,0-2,2015.07,1997.53,-17.54,2040.25,2057.79,17.54
4014886,9,draft,39,ji0rj273,Dylan Pratt,l4x45emr,Tristan Wylde-LaRue,L,1-2,1838.39,1823.27,-15.12,1997.89,2013.0,15.11
4014947,9,draft,100,jpoffa9k,"Benito, Jaime",lekird68,Jonathan Melamed,W,2-1,1916.89,,,1978.77,1959.64,-19.13
4014929,9,draft,82,k32x6elu,Yuuki Ichikawa,mybfhhle,Jon Beitler,W,2-0,1945.6,1959.96,14.36,1743.45,1729.09,-14.36
4014907,9,draft,60,mlphz36k,Gregorio Galeotti,v5debkjw,"Queralt Garriga, Albert",W,2-1,1727.26,1748.12,20.86,1884.88,,
4014899,9,draft,52,o6gkw2bt,Shi Tian Lee,qmwpvgrb,"Kikidis, Charalampos",L,1-2,1912.63,1898.34,-14.29,2118.84,,
4014875,9,draft,28,o8jo73e1,Collins Mullen,pifyvicd,"Schuetz, Stefan",L,1-2,2086.19,2068.77,-17.42,2118.13,,
4014908,9,draft,61,og21dc58,Kenneth Oswald,z184xrwz,Nathan Hu,L,0-2,1858.36,1838.24,-20.12,1741.61,1761.73,20.12
4014926,9,draft,79,oijetp3y,Bernardo Torres,p2kk3rf1,"von Stange, Alexander",L,0-2,1997.31,1978.51,-18.8,1953.33,,
4014944,9,draft,97,oul159pu,Marco Cammilluzzi,wtntvl5l,Yoshitaka Yamasaki,W,2-1,2035.05,2048.14,13.09,1758.99,1745.9,-13.09
4014933,9,draft,86,oz33n7wy,"Stark, Ben S",s7cmhif5,Neilson Zhang,L,0-2,1977.98,,,1816.05,1836.98,20.93
4014861,9,draft,14,p6sxs8jn,Maxime Rayvich,rqhrdoas,Charles Eliatamby,W,2-1,1881.0,1901.15,20.15,1999.38,1979.23,-20.15
4014884,9,draft,37,qrilo72j,Kellen Pastore,ympa2ttn,Davor Detecnik,L,1-2,2105.99,2087.16,-18.83,2060.52,2079.35,18.83
4014904,9,draft,57,qtkpoy98,Mason Buonadonna,sds7i9fy,"Fauquenoi, Noe",W,2-0,2038.19,2053.56,15.37,1892.65,,
4014864,9,draft,17,spi8ybx3,Corey Burkhart,vxgk5lbd,Kenta Masukado,L,0-2,2058.31,2039.22,-19.09,1998.8,2017.89,19.09
4014848,9,draft,1,swqf5brq,Jack Potter,zz14clya,Nathan Steuer,L,1-2,2021.13,2004.84,-16.29,2114.93,2131.22,16.29
4014887,9,draft,40,t05l3sme,Yuya Hosokawa,xx1j61dt,"Medeiros Merjam, Guilherme",W,2-0,1912.62,1932.34,19.72,2007.5,,
4014856,9,draft,9,ut9cb8sw,Rafael Marin,y04pdtin,Chris Kral,L,1-2,1759.4,1746.47,-12.93,2045.22,2058.14,12.92
4014858,9,draft,11,vsmld9tt,Christian Calcano,vthtszcf,Jason Reid,L,1-2,1991.9,1971.84,-20.06,1878.67,1898.72,20.05
4015653,F,standard,1,wrr61zbv,Christoffer Larsen,zz14clya,Nathan Steuer,L,2-3,2361.56,2339.86,-21.7,2156.17,2177.87,21.7
4015647,Q,standard,1,336bqtu6,"Zhang, Rei",ydosmtui,Zevin Faust,W,3-2,2184.11,,,2181.91,2163.95,-17.96
4015649,Q,standard,3,aad50tcz,"Stefans, Matthew",bf5gu0pd,Matt Nass,L,2-3,1873.71,,,2133.21,2146.58,13.37
4015650,Q,standard,4,gag1uiw8,Maxx Kominowski,wrr61zbv,Christoffer Larsen,L,1-3,2243.68,2227.25,-16.43,2329.74,2346.17,16.43
4015648,Q,standard,2,pifyvicd,"Schuetz, Stefan",zz14clya,Nathan Steuer,L,0-3,2192.04,,,2118.68,2138.02,19.34
4015651,S,standard,1,336bqtu6,"Zhang, Rei",wrr61zbv,Christoffer Larsen,L,1-3,2202.07,,,2346.17,2361.56,15.39
4015652,S,standard,2,bf5gu0pd,Matt Nass,zz14clya,Nathan Steuer,L,2-3,2146.58,2128.43,-18.15,2138.02,2156.17,18.15
