match_id,round,player_a,archetype_a,elo_a_pre,elo_a_post,player_b,archetype_b,elo_b_pre,elo_b_post,result,game_score
4015232,12,Adrià Martín,Rakdos Discard,1973.59,,Ryan Gassaway,Izzet Prowess,1772.31,1757.94,W,2-0
4015254,12,Matheus Crusius,Mono-Green Landfall,1816.26,1803.03,Eli Kassis,Izzet Spellementals,2083.76,2096.99,L,0-2
4015203,12,Takeshi Ozawa,Sultai Control,1977.62,1959.26,Brennan Roy,Izzet Prowess,1957.9,1976.26,L,0-2
4015225,12,Aras Senyuz,Temur Omniscience,1855.0,1837.8,Yuya Hosokawa,Izzet Lessons,1898.91,1916.11,L,1-2
4015158,12,Shota Yasooka,Izzet Prowess,2097.02,2074.79,Wentong Zhang,Boros Dragons,1860.54,1882.78,L,0-2
4015210,12,Raul Porojan,Selesnya Rhythm,1868.6,1887.84,Kenith Dsouza,Mono-Green Landfall,1936.54,,W,2-1
4015159,12,Mateo Ferreira,Selesnya Landfall,2037.8,2058.4,Paul Green,Mono-Green Landfall,2181.18,2160.58,W,2-1
4015204,12,Adam Edelson,Izzet Prowess,2085.11,2098.35,Jack Yudt,Izzet Lessons,1817.75,1804.51,W,2-1
4015201,12,Muhan Yu,Izzet Prowess,2029.76,2047.15,Michael Byrd,Izzet Prowess,1996.51,,W,2-1
4015217,12,Christian Baker,Izzet Prowess,1869.95,1854.74,Shuhei Nakamura,Sultai Control,2023.97,2039.19,L,0-2
4015234,12,David Inglis,Mono-Green Landfall,1988.44,,Marc Peral,Mono-Green Landfall,1980.31,1962.46,W,2-1
4015240,12,Vincent Choy,Azorius Tempo,1706.12,1727.76,Timo Bertram,Izzet Spellementals,1908.36,,W,2-1
4015220,12,Eleanor Dubreuil,Izzet Maestro,1767.61,1751.27,Jason Reid,Golgari Midrange,1859.18,1875.52,L,1-2
4015154,12,Rui Zhang,Izzet Lessons,2148.58,,Matt Nass,Selesnya Ouroboroid,2111.64,2094.32,W,2-0
4015181,12,Lukas Schwendinger,Mono-Red Aggro,1890.55,1875.78,Collins Mullen,Mono-Green Landfall,2069.81,2084.58,L,1-2
4015165,12,Alex Rohan,Jeskai Control,2131.82,2110.29,Matthew Oomkes,Four-Color Elementals,1935.84,1957.37,L,1-2
4015211,12,Devon Straub,Izzet Prowess,2007.87,2023.12,Brendan Hsu,Golgari Midrange,1855.93,1840.68,W,2-1
4015209,12,Thirawat Chaovarindr,Izzet Prowess,1936.73,1958.21,Eduardo Sajgalik,Simic Omniscience,2130.26,2108.77,W,2-1
4015224,12,Luis Gobern,Dimir Excruciator,1938.35,1922.92,Ben Jones,Jeskai Control,2080.25,,L,0-2
4015219,12,Mae French,Izzet Lessons,2018.61,2037.1,Masahide Moriyama,Izzet Spellementals,2045.23,2026.74,W,2-1
4015171,12,Will Krueger,Izzet Prowess,2122.51,2102.18,Jacob Mitchell-Rabaey,Izzet Prowess,1993.67,2014.01,L,0-2
4015162,12,Edgar Magalhaes,Izzet Prowess,2028.72,2048.38,William Araujo,Izzet Prowess,2120.16,,W,2-0
4015215,12,Yi Yang,Izzet Prowess,1974.18,1991.35,Anthony Cuello,Izzet Prowess,1928.72,1911.55,W,2-1
4015228,12,Steve Gan,Izzet Spellementals,2009.64,2027.56,Julius Fan,Izzet Spellementals,2005.28,1987.36,W,2-0
4015183,12,Nicolás Morales Macaya,Mono-Green Landfall,1747.53,,Arne Huschenbeth,Mono-Green Landfall,2231.48,2241.29,L,1-2
4015177,12,Robin Courtiat,Izzet Prowess,1873.08,1895.77,Daniel Goetschel,Izzet Lessons,2135.81,2113.13,W,2-0
4015175,12,Toru Inoue,Izzet Spellementals,1959.19,1979.42,Joshua Willis,Izzet Prowess,2082.3,2062.07,W,2-0
4015252,12,Ma Noah,Selesnya Ouroboroid,1939.15,,Prez Kuhnke,Izzet Lessons,1771.45,1756.48,W,2-0
4015216,12,Evan Higgins,Izzet Spellementals,1841.87,,Oliver Coffey,Izzet Prowess,1854.48,1872.25,L,1-2
4015199,12,Xinrong Chen,Izzet Prowess,1872.96,1894.32,Davor Detecnik,Izzet Prowess,2059.35,2037.99,W,2-1
4015178,12,Etai Kurtzman,Izzet Prowess,2054.05,2069.35,Albert Queralt Garriga,Izzet Prowess,1905.13,,W,2-0
4015195,12,Maciej Jezyna,Mono-Green Landfall,1835.77,1822.78,Michael Plummer,Izzet Spellementals,2117.87,,L,0-2
4015239,12,Mitchell Tamblyn,Golgari Midrange,2041.48,2059.69,Arch Dota,Azorius Tempo,2053.07,2034.86,W,2-1
4015184,12,Mikey Bishara,Izzet Prowess,1996.73,2010.91,Carlo De Gaetano,Izzet Lessons,1783.76,,W,2-0
4015223,12,Yang Chen,Izzet Prowess,1964.59,1946.42,Benjamin Stark,Mono-Green Landfall,1955.2,,L,1-2
4015156,12,Nam Dang,Izzet Prowess,2112.45,2094.64,Thierry Ramboa,Izzet Prowess,2122.83,2140.64,L,0-2
4015198,12,Masakuni Hamaguchi,Mono-Green Landfall,1946.36,1930.7,Javier Dominguez,Selesnya Landfall,2075.71,2091.36,L,1-2
4015236,12,Koki Hara,Bant Rhythm,1898.11,1918.57,Corey Burkhart,Azorius Momo,2033.78,2013.32,W,2-0
4015179,12,Jack Young,Izzet Prowess,1873.82,1890.29,Mike Boulinguiez,Izzet Spellementals,1789.35,1772.88,W,2-0
4015235,12,Ryan Condon,Izzet Spellementals,2024.64,2037.0,Suorsa Miitri,Izzet Lessons,1704.73,1692.37,W,2-1
4015174,12,Alejandro Mora Romero,Selesnya Landfall,1942.04,,Mattia Rizzi,Izzet Prowess,2064.97,2080.74,L,1-2
4015238,12,Chang Zheng,Izzet Prowess,1756.9,1741.71,Hiroki Kageyama,Izzet Prowess,1911.71,1926.91,L,1-2
4015226,12,Reid Duke,Izzet Prowess,2163.87,2144.24,Oliver Tomajko,Selesnya Landfall,2074.54,2094.16,L,0-2
4015168,12,Bryan Rockenbach,Mono-Green Landfall,2046.36,2064.92,Victor Santos Esquici,Dimir Excruciator,2076.79,,W,2-0
4015187,12,Kye Nelson,Golgari Midrange,2003.13,1984.68,Rick Hup Beng Lee,Dimir Excruciator,1978.47,1996.92,L,0-2
4015173,12,Quinn Tonole,Mono-Red Aggro,2020.47,2038.31,Kazutaka Oya,Izzet Prowess,2011.37,1993.54,W,2-1
4015229,12,Haven Gilbert-Avila,Izzet Spellementals,1935.49,1920.2,Allen Wu,Izzet Prowess,2084.96,2100.26,L,0-2
4015227,12,Nicholas Odenheimer,Izzet Prowess,1993.6,1976.95,Andrew Kidston,Selesnya Rhythm,2067.41,2084.06,L,1-2
4015200,12,Masashiro Kuroda,Izzet Spellementals,1963.71,1946.89,Charles Wong,Mono-Green Landfall,2028.1,,L,0-2
4015164,12,Liam Kane,Izzet Prowess,1992.23,,Shi Tian Lee,Simic Omniscience,1938.37,1921.35,W,2-1
4015233,12,Matt Xu,Golgari Midrange,1909.52,,Pedro Flores,Jeskai Control,1840.98,1824.23,W,2-1
4015189,12,Guglielmo Lupi,Mono-Green Landfall,2158.2,2137.71,Yuchen Liu,Izzet Prowess,2020.93,2041.42,L,0-2
4015251,12,Xiangjun Dai,Izzet Prowess,1758.26,1738.37,Valentin Orru,Izzet Prowess,1654.79,1674.67,L,1-2
4015218,12,Lorenzo Terlizzi,Simic Omniscience,2080.34,2060.62,Alex Friedrichsen,Mono-Green Landfall,1985.64,2005.36,L,1-2
4015237,12,Nick Deriu,Four-Color Control,1902.25,1920.7,Yuuki Ichikawa,Izzet Spellementals,1927.03,1908.58,W,2-1
4015182,12,Nathan Kirner,Mono-Green Landfall,1918.52,1902.47,Mike Sigrist,Izzet Prowess,2025.84,2041.89,L,1-2
4015191,12,Josep Sanfeliu,Selesnya Landfall,2003.99,2022.1,Tristan Wylde-LaRue,Mono-Green Landfall,2009.97,1991.86,W,2-0
4015176,12,John Wager,Azorius Tempo,1987.29,2003.45,Atsuya Okuno,Mono-Green Landfall,1885.91,1869.75,W,2-0
4015212,12,Ryan Normandin,Mono-Green Landfall,1894.89,1878.12,Ryan Brozovich,Mono-Green Landfall,1961.96,1978.74,L,1-2
4015222,12,Elliot Fortier,Izzet Prowess,1889.55,1909.88,Mason Buonadonna,Bant Rhythm,2017.88,1997.55,W,2-0
4015192,12,Alexey Paulot,Jeskai Control,2171.09,2186.86,Valerie Jade,Izzet Maestro,2048.23,2032.46,W,2-0
4015205,12,Max Rappaport,Izzet Prowess,1952.28,1929.52,David Åstrand,Mono-Green Landfall,1685.24,,L,1-2
4015208,12,Sergio Garcia,Selesnya Landfall,2001.29,,Yimin Zhi,Izzet Prowess,1954.58,1973.43,L,1-2
4015207,12,Matyáš Kalužný,Izzet Spellementals,1858.35,,Gregorio Galeotti,Izzet Spellementals,1719.63,1704.15,W,2-1
4015185,12,Richard Nealston,Mono-Green Landfall,1834.01,1818.5,Nicholas Talbot,Mono-Green Landfall,1971.32,1986.83,L,0-2
4015202,12,Luis Salvatto,Selesnya Landfall,2169.76,2146.97,Antonin Branis,Izzet Lessons,1900.56,1923.35,L,0-2
4015253,12,Junichi Adachi,Izzet Spellementals,1589.47,1573.74,Yoshitaka Yamasaki,Izzet Prowess,1715.07,1730.79,L,1-2
4015161,12,Ian Robb,Izzet Lessons,1930.9,1916.49,Charis Kikidis,Mono-Green Landfall,2130.72,,L,1-2
4015155,12,Maxx Kominowski,Izzet Spellementals,2220.03,2236.39,Nathan Steuer,Selesnya Landfall,2130.18,2113.81,W,2-1
4015241,12,Cyprien Tron,Bant Airbending,2030.14,2047.72,Marco Cammilluzzi,Four-Color Elementals,2007.25,1989.66,W,2-1
4015214,12,Samuel Pardee,Izzet Prowess,2157.35,2136.79,Kenta Masukado,Izzet Spellementals,2015.95,2036.51,L,0-2
4015245,12,Adam Brace,Izzet Lessons,2007.49,1987.33,Vasilios Morikis,Izzet Prowess,1888.41,1908.57,L,0-2
4015213,12,Zach Flynn,Izzet Prowess,1888.06,,Kellen Pastore,Mono-Green Landfall,2080.86,2095.39,L,0-2
4015167,12,Huaxing Bai,Mono-Green Landfall,2099.78,2081.63,Chris Kral,Mardu Discard,2091.81,2109.95,L,1-2
4015166,12,George Berrett,Azorius Momo,1862.69,1850.54,Andy Garcia-Romo,Mono-Green Landfall,2195.33,2207.48,L,1-2
4015194,12,Patricio Roman,Mardu Discard,1948.25,1967.67,Guilherme Merjam,Mono-Green Landfall,2025.97,,W,2-1
4015186,12,Jean-Emmanuel Depraz,Izzet Prowess,2135.46,2151.76,Toni Martos,Izzet Prowess,2041.93,2025.63,W,2-0
4015246,12,Atsushi Nakashima,Izzet Prowess,1844.58,1828.6,Jonathan Melamed,Mono-Green Landfall,1955.66,1971.64,L,1-2
4015172,12,Matthew Wright,Azorius Momo,2119.21,2098.6,Jack Potter,Mono-Green Landfall,1975.0,1995.61,L,1-2
4015230,12,Gavin Meagher,Mardu Discard,1958.06,1935.68,Rafael Marin,Izzet Lessons,1713.02,1735.41,L,0-2
4015190,12,Gavin Perry,Azorius Momo,2013.11,2028.36,Dylan Pratt,Izzet Lessons,1861.44,1846.18,W,2-1
4015180,12,Ryan Mullens,Izzet Prowess,2115.56,2128.47,Austin Walker,Azorius Tempo,1828.47,,W,2-1
4015206,12,Jaime Gonzalo,Jeskai Control,1933.36,,Charles Eliatamby,Mono-Green Landfall,1975.52,1992.76,L,0-2
4015247,12,Edgar Baumler,Izzet Prowess,1750.63,1736.27,Marcus Wosner,Mono-Green Landfall,1952.74,1967.1,L,1-2
4015197,12,Jon Beitler,Mono-Green Landfall,1773.4,1792.6,Neilson Zhang,Izzet Prowess,1839.25,1820.05,W,2-0
4015160,12,Abe Schnake,Izzet Prowess,2080.5,2059.35,Anthony Lee,Izzet Prowess,1905.87,1927.02,L,1-2
4015221,12,Kenneth Oswald,Golgari Midrange,1842.74,1826.97,Pierre Smith,Izzet Prowess,1965.69,1981.46,L,1-2
4015193,12,Bernardo Torres,Izzet Spellementals,1982.07,2000.54,Dylan Nollen,Izzet Spellementals,2007.45,1988.99,W,2-0
4015242,12,Evan Vetter,Azorius Momo,1943.62,1961.93,Victor Hawkins,Selesnya Landfall,1960.55,1942.24,W,2-1
4015170,12,Alex von Stange,Izzet Prowess,1980.34,,Maxime Rayvich,Mono-Green Landfall,1938.13,1920.9,W,2-1
4015157,12,Stefan Schütz,Mono-Green Landfall,2164.79,,Daniel Weiss,Izzet Prowess,1848.16,1835.75,W,2-0
4015231,12,Julien Henry,Izzet Prowess,1972.01,1952.55,Andrew Cuneo,Mono-Green Landfall,1891.98,1911.43,L,1-2
4015244,12,Eli Swafford,Mono-Green Landfall,1961.5,1979.02,Christian Calcano,Jeskai Control,1935.49,1917.96,W,2-0
4015196,12,Gaétan Verdierre,Mono-Green Landfall,1879.81,,Akira Shibata,Sultai Control,2098.53,2112.6,L,0-2
4015250,12,Aidan Mirabelli,Izzet Prowess,2071.79,2052.76,Andrew Elenbogen,Azorius Momo,2015.05,2034.08,L,0-2
4015169,12,Christoffer Larsen,Selesnya Landfall,2272.3,2287.77,Zevin Faust,Azorius Tempo,2132.42,2116.95,W,2-1
4015188,12,Tyson Roylance,Dimir Excruciator,1808.11,1789.36,Nathan Hu,Jeskai Control,1766.72,1785.47,L,1-2
4015354,13,Matheus Crusius,Mono-Green Landfall,1803.03,1820.18,Prez Kuhnke,Izzet Lessons,1756.48,1739.33,W,2-1
4015333,13,Takeshi Ozawa,Sultai Control,1959.26,1938.03,Clément Harvey,Mono-Green Landfall,1780.12,,L,0-2
4015319,13,Aras Senyuz,Temur Omniscience,1837.8,1820.2,Timothée Blondiaux,Mono-Green Landfall,1859.85,,L,0-2
4015265,13,Shota Yasooka,Izzet Prowess,2074.79,2088.51,Daniel Weiss,Izzet Prowess,1835.75,1822.03,W,2-1
4015311,13,Raul Porojan,Selesnya Rhythm,1887.84,1905.08,Dylan Pratt,Izzet Lessons,1846.18,1828.94,W,2-1
4015258,13,Mateo Ferreira,Selesnya Landfall,2058.4,2039.5,Liam Kane,Izzet Prowess,2009.25,,L,1-2
4015291,13,Adam Edelson,Izzet Prowess,2098.35,2078.23,Pierre Smith,Izzet Prowess,1981.46,2001.58,L,0-2
4015302,13,Muhan Yu,Izzet Prowess,2047.15,2025.13,Maciej Jezyna,Mono-Green Landfall,1822.78,1844.8,L,1-2
4015334,13,Christian Baker,Izzet Prowess,1854.74,1837.77,Andrew Cuneo,Mono-Green Landfall,1911.43,1928.4,L,0-2
4015321,13,David Inglis,Mono-Green Landfall,2006.29,,Eli Swafford,Mono-Green Landfall,1979.02,1961.52,W,2-0
4015352,13,Vincent Choy,Azorius Tempo,1727.76,1714.2,Marco Del Pivo,Mono-Green Landfall,1976.28,,L,0-2
4015327,13,Eleanor Dubreuil,Izzet Maestro,1751.27,1774.34,Ryan Condon,Izzet Spellementals,2037.0,2013.93,W,2-0
4015295,13,Lukas Schwendinger,Mono-Red Aggro,1875.78,1856.74,Richard Nealston,Mono-Green Landfall,1818.5,1837.54,L,0-2
4015281,13,Alex Rohan,Jeskai Control,2110.29,2127.77,Huaxing Bai,Mono-Green Landfall,2081.63,2064.16,W,2-1
4015304,13,Devon Straub,Izzet Prowess,2023.12,2037.38,Austin Walker,Azorius Tempo,1815.57,,W,2-1
4015300,13,Thirawat Chaovarindr,Izzet Prowess,1958.21,1940.84,Charles Eliatamby,Mono-Green Landfall,1992.76,2010.13,L,0-2
4015305,13,Shuhei Nakamura,Sultai Control,2039.19,2056.04,Brennan Roy,Izzet Prowess,1976.26,1959.41,W,2-0
4015325,13,Luis Gobern,Dimir Excruciator,1922.92,1942.1,Julius Fan,Izzet Spellementals,1987.36,1968.19,W,2-0
4015299,13,Mae French,Izzet Lessons,2037.1,2016.43,Albert Queralt Garriga,Izzet Prowess,1889.83,,L,1-2
4015276,13,Will Krueger,Izzet Prowess,2102.18,2082.72,Josep Sanfeliu,Selesnya Landfall,2022.1,2041.56,L,1-2
4015261,13,Edgar Magalhaes,Izzet Prowess,2048.38,2066.68,Bryan Rockenbach,Mono-Green Landfall,2064.92,2046.62,W,2-1
4015303,13,Yi Yang,Izzet Prowess,1991.35,2008.11,Antonin Branis,Izzet Lessons,1923.35,1906.59,W,2-1
4015309,13,Steve Gan,Izzet Spellementals,2027.56,2045.65,Valerie Jade,Izzet Maestro,2032.46,2014.37,W,2-0
4015266,13,Jacob Mitchell-Rabaey,Izzet Prowess,2014.01,2031.67,Jack Potter,Mono-Green Landfall,1995.61,1977.94,W,2-0
4015289,13,Nicolás Morales Macaya,Mono-Green Landfall,1737.72,,Ryan Brozovich,Mono-Green Landfall,1978.74,1956.43,W,2-1
4015273,13,Robin Courtiat,Izzet Prowess,1895.77,1878.14,Ian Robb,Izzet Lessons,1916.49,1934.12,L,1-2
4015284,13,Toru Inoue,Izzet Spellementals,1979.42,2000.16,Michael Plummer,Izzet Spellementals,2130.86,,W,2-0
4015351,13,Ma Noah,Selesnya Ouroboroid,1954.11,,Corey Burkhart,Azorius Momo,2013.32,2030.24,L,1-2
4015337,13,Evan Higgins,Izzet Spellementals,1824.1,,Haven Gilbert-Avila,Izzet Spellementals,1920.2,1900.45,W,2-1
4015285,13,Xinrong Chen,Izzet Prowess,1894.32,1916.91,Jean-Emmanuel Depraz,Izzet Prowess,2151.76,2129.17,W,2-1
4015280,13,Etai Kurtzman,Izzet Prowess,2069.35,2087.15,Victor Santos Esquici,Dimir Excruciator,2058.24,,W,2-0
4015318,13,Mitchell Tamblyn,Golgari Midrange,2059.69,2039.44,Gavin Meagher,Mardu Discard,1935.68,1955.93,L,0-2
4015275,13,Mikey Bishara,Izzet Prowess,2010.91,1994.84,Zevin Faust,Azorius Tempo,2116.95,2133.03,L,0-2
4015326,13,Yang Chen,Izzet Prowess,1946.42,1966.26,Cyprien Tron,Bant Airbending,2047.72,2027.88,W,2-1
4015263,13,Nam Dang,Izzet Prowess,2094.64,2071.71,Matthew Stefansson,Mono-Green Landfall,1817.73,,L,1-2
4015315,13,Masakuni Hamaguchi,Mono-Green Landfall,1930.7,1947.07,Brendan Hsu,Golgari Midrange,1840.68,1824.32,W,2-0
4015317,13,Koki Hara,Bant Rhythm,1918.57,1935.84,Ryan Normandin,Mono-Green Landfall,1878.12,1860.85,W,2-0
4015269,13,Jack Young,Izzet Prowess,1890.29,1875.03,Mike Sigrist,Izzet Prowess,2041.89,2057.15,L,0-2
4015294,13,Alejandro Mora Romero,Selesnya Landfall,1926.27,,Kellen Pastore,Mono-Green Landfall,2095.39,2074.33,W,2-1
4015348,13,Chang Zheng,Izzet Prowess,1741.71,1728.14,Marco Cammilluzzi,Four-Color Elementals,1989.66,2003.23,L,0-2
4015341,13,Reid Duke,Izzet Prowess,2144.24,2118.27,Valentin Orru,Izzet Prowess,1674.67,1700.64,L,0-2
4015287,13,Kye Nelson,Golgari Midrange,1984.68,1968.09,Joshua Willis,Izzet Prowess,2062.07,2078.66,L,0-2
4015257,13,Thierry Ramboa,Izzet Prowess,2140.64,2124.38,Maxx Kominowski,Izzet Spellementals,2236.39,2252.65,L,1-2
4015268,13,Quinn Tonole,Mono-Red Aggro,2038.31,2020.69,Abe Schnake,Izzet Prowess,2059.35,2076.97,L,1-2
4015330,13,Nicholas Odenheimer,Izzet Prowess,1976.95,1995.99,Andrew Elenbogen,Azorius Momo,2034.08,2015.04,W,2-1
4015312,13,Mike Boulinguiez,Izzet Spellementals,1772.88,1758.84,Kazutaka Oya,Izzet Prowess,1993.54,2007.58,L,0-2
4015293,13,Oliver Coffey,Izzet Prowess,1872.25,1854.28,Matyáš Kalužný,Izzet Spellementals,1873.83,,L,0-2
4015278,13,Rick Hup Beng Lee,Dimir Excruciator,1996.92,2016.52,Collins Mullen,Mono-Green Landfall,2084.58,2064.98,W,2-0
4015347,13,Marc Peral,Mono-Green Landfall,1962.46,1981.78,Arch Dota,Azorius Tempo,2034.86,2015.54,W,2-0
4015339,13,Masashiro Kuroda,Izzet Spellementals,1946.89,1926.71,Kenneth Oswald,Golgari Midrange,1826.97,1847.15,L,0-2
4015256,13,Matt Nass,Selesnya Ouroboroid,2094.32,2112.67,Nathan Steuer,Selesnya Landfall,2113.81,2095.46,W,2-1
4015332,13,Matt Xu,Golgari Midrange,1926.27,,Jack Yudt,Izzet Lessons,1804.51,1788.72,W,2-0
4015298,13,Guglielmo Lupi,Mono-Green Landfall,2137.71,2149.61,Tyson Roylance,Dimir Excruciator,1789.36,1777.46,W,2-0
4015355,13,Xiangjun Dai,Izzet Prowess,1738.37,1753.4,Junichi Adachi,Izzet Spellementals,1573.74,1558.72,W,2-0
4015340,13,Lorenzo Terlizzi,Simic Omniscience,2060.62,2036.89,Rafael Marin,Izzet Lessons,1735.41,1759.13,L,0-2
4015328,13,Nick Deriu,Four-Color Control,1920.7,1938.82,Hiroki Kageyama,Izzet Prowess,1926.91,1908.8,W,2-1
4015301,13,Nathan Kirner,Mono-Green Landfall,1902.47,1922.09,Tristan Wylde-LaRue,Mono-Green Landfall,1991.86,1972.24,W,2-1
4015277,13,John Wager,Azorius Tempo,2003.45,1985.83,Noé Offman,Izzet Prowess,2024.49,,L,1-2
4015310,13,Elliot Fortier,Izzet Prowess,1909.88,1929.62,Alex Friedrichsen,Mono-Green Landfall,2005.36,1985.62,W,2-0
4015271,13,Alexey Paulot,Jeskai Control,2186.86,2166.93,Mattia Rizzi,Izzet Prowess,2080.74,2100.67,L,0-2
4015342,13,Francisco Sánchez,Izzet Prowess,2165.72,,Julien Henry,Izzet Prowess,1952.55,1974.38,L,0-2
4015322,13,Max Rappaport,Izzet Prowess,1929.52,1946.21,Noé Fauquenoi,Mono-Green Landfall,1857.88,,W,2-0
4015335,13,Sergio Garcia,Selesnya Landfall,1982.43,,Marcus Wosner,Mono-Green Landfall,1967.1,1985.38,L,1-2
4015316,13,Luis Salvatto,Selesnya Landfall,2146.97,2125.63,Evan Vetter,Azorius Momo,1961.93,1983.27,L,0-2
4015336,13,Samuel Pardee,Izzet Prowess,2136.79,2150.85,Kenith Dsouza,Mono-Green Landfall,1917.3,,W,2-0
4015296,13,Carlo De Gaetano,Izzet Lessons,1769.58,,Jason Reid,Golgari Midrange,1875.52,1855.59,W,2-0
4015350,13,Adam Brace,Izzet Lessons,1987.33,2002.45,Atsushi Nakashima,Izzet Prowess,1828.6,1813.47,W,2-1
4015320,13,Zach Flynn,Izzet Prowess,1873.53,,Masahide Moriyama,Izzet Spellementals,2026.74,2005.97,W,2-1
4015343,13,Eli Kassis,Izzet Spellementals,2096.99,2111.76,Christian Calcano,Jeskai Control,1917.96,1903.19,W,2-1
4015279,13,George Berrett,Azorius Momo,1850.54,1835.75,Gavin Perry,Azorius Momo,2028.36,2043.15,L,0-2
4015270,13,Patricio Roman,Mardu Discard,1967.67,1984.82,Shi Tian Lee,Simic Omniscience,1921.35,1904.2,W,2-0
4015283,13,Matthew Wright,Azorius Momo,2098.6,2111.07,Nathan Hu,Jeskai Control,1785.47,1773.0,W,2-1
4015353,13,Suorsa Miitri,Izzet Lessons,1692.37,1712.1,Alvaro Fernandez Torres,Izzet Prowess,1787.77,,W,2-0
4015282,13,Ryan Mullens,Izzet Prowess,2128.47,2144.88,Yuchen Liu,Izzet Prowess,2041.42,2025.0,W,2-1
4015344,13,Yuuki Ichikawa,Izzet Spellementals,1908.58,1927.19,Victor Hawkins,Selesnya Landfall,1942.24,1923.63,W,2-0
4015307,13,Daniel Goetschel,Izzet Lessons,2113.13,2126.7,Gaétan Verdierre,Mono-Green Landfall,1865.73,,W,2-1
4015288,13,Allen Wu,Izzet Prowess,2100.26,2118.17,Ben Jones,Jeskai Control,2095.67,,W,2-1
4015349,13,Edgar Baumler,Izzet Prowess,1736.27,1719.87,Pedro Flores,Jeskai Control,1824.23,1840.63,L,0-2
4015313,13,Andrew Kidston,Selesnya Rhythm,2084.06,2100.05,Yimin Zhi,Izzet Prowess,1973.43,1957.44,W,2-1
4015338,13,Jonathan Melamed,Mono-Green Landfall,1971.64,1952.55,Anthony Cuello,Izzet Prowess,1911.55,1930.64,L,1-2
4015329,13,Gregorio Galeotti,Izzet Spellementals,1704.15,1725.82,Vasilios Morikis,Izzet Prowess,1908.57,1886.89,W,2-0
4015324,13,Eduardo Sajgalik,Simic Omniscience,2108.77,2122.79,Timo Bertram,Izzet Spellementals,1886.72,,W,2-1
4015286,13,Jon Beitler,Mono-Green Landfall,1792.6,1779.89,Javier Dominguez,Selesnya Landfall,2091.36,2104.07,L,1-2
4015262,13,Matthew Oomkes,Four-Color Elementals,1957.37,1938.01,Wentong Zhang,Boros Dragons,1882.78,1902.13,L,1-2
4015264,13,Andy Garcia-Romo,Mono-Green Landfall,2207.48,2190.94,Christoffer Larsen,Selesnya Landfall,2287.77,2304.3,L,1-2
4015274,13,Bernardo Torres,Izzet Spellementals,2000.54,2017.09,Maxime Rayvich,Mono-Green Landfall,1920.9,1904.35,W,2-0
4015267,13,Paul Green,Mono-Green Landfall,2160.58,2177.71,Akira Shibata,Sultai Control,2112.6,2095.48,W,2-1
4015260,13,Alex von Stange,Izzet Prowess,1997.57,,Anthony Lee,Izzet Prowess,1927.02,1946.3,L,0-2
4015259,13,Charis Kikidis,Mono-Green Landfall,2145.12,,Chris Kral,Mardu Discard,2109.95,2092.59,W,2-1
4015323,13,Mason Buonadonna,Bant Rhythm,1997.55,2015.21,Michael Byrd,Izzet Prowess,1979.11,,W,2-0
4015292,13,Neilson Zhang,Izzet Prowess,1820.05,1805.75,Toni Martos,Izzet Prowess,2025.63,2039.94,L,1-2
4015290,13,Atsuya Okuno,Mono-Green Landfall,1869.75,1848.82,David Åstrand,Mono-Green Landfall,1707.99,,L,1-2
4015272,13,Arne Huschenbeth,Mono-Green Landfall,2241.29,2218.75,Nicholas Talbot,Mono-Green Landfall,1986.83,2009.37,L,1-2
4015314,13,Yuya Hosokawa,Izzet Lessons,1916.11,1936.32,Davor Detecnik,Izzet Prowess,2037.99,2017.78,W,2-1
4015308,13,Oliver Tomajko,Selesnya Landfall,2094.16,2074.57,Guilherme Merjam,Mono-Green Landfall,2006.56,,L,1-2
4015346,13,Aidan Mirabelli,Izzet Prowess,2052.76,2065.53,Ryan Gassaway,Izzet Prowess,1757.94,1745.16,W,2-0
4015345,13,Derrick Davis,Jeskai Control,2001.81,2014.98,Yoshitaka Yamasaki,Izzet Prowess,1730.79,1717.61,W,2-1
4015297,13,Dylan Nollen,Izzet Spellementals,1988.99,1971.85,Kenta Masukado,Izzet Spellementals,2036.51,2053.65,L,0-2
4015406,14,Adrià Martín,Rakdos Discard,2004.66,,Ryan Brozovich,Mono-Green Landfall,1956.43,1939.31,W,2-0
4015453,14,Matheus Crusius,Mono-Green Landfall,1820.18,1841.7,Arch Dota,Azorius Tempo,2015.54,1994.02,W,2-0
4015442,14,Takeshi Ozawa,Sultai Control,1938.03,1922.34,Aidan Mirabelli,Izzet Prowess,2065.53,2081.22,L,0-2
4015436,14,Aras Senyuz,Temur Omniscience,1820.2,1803.81,Hiroki Kageyama,Izzet Prowess,1908.8,1925.18,L,1-2
4015362,14,Shota Yasooka,Izzet Prowess,2088.51,2066.08,Matthew Stefansson,Mono-Green Landfall,1840.65,,L,1-2
4015388,14,Raul Porojan,Selesnya Rhythm,1905.08,1925.95,Huaxing Bai,Mono-Green Landfall,2064.16,2043.28,W,2-0
4015364,14,Mateo Ferreira,Selesnya Landfall,2039.5,2053.6,Daniel Weiss,Izzet Prowess,1822.03,1807.93,W,2-1
4015413,14,Adam Edelson,Izzet Prowess,2078.23,2057.7,Nick Deriu,Four-Color Control,1938.82,1959.34,L,1-2
4015416,14,Muhan Yu,Izzet Prowess,2025.13,2006.97,Mae French,Izzet Lessons,2016.43,2034.59,L,0-2
4015439,14,Christian Baker,Izzet Prowess,1837.77,1856.9,Jaime Gonzalo,Jeskai Control,1899.44,,W,2-1
4015411,14,David Inglis,Mono-Green Landfall,2023.79,,Andrew Cuneo,Mono-Green Landfall,1928.4,1912.13,W,2-0
4015433,14,Vincent Choy,Azorius Tempo,1714.2,1700.62,Michael Byrd,Izzet Prowess,1961.45,,L,1-2
4015443,14,Marco Del Pivo,Mono-Green Landfall,1989.84,,Vasilios Morikis,Izzet Prowess,1886.89,1906.77,L,1-2
4015405,14,Eleanor Dubreuil,Izzet Maestro,1774.34,1795.62,Gavin Meagher,Mardu Discard,1955.93,1934.66,W,2-1
4015423,14,Lukas Schwendinger,Mono-Red Aggro,1856.74,1874.69,Oliver Coffey,Izzet Prowess,1854.28,1836.32,W,2-0
4015363,14,Alex Rohan,Jeskai Control,2127.77,2143.62,Nicholas Talbot,Mono-Green Landfall,2009.37,1993.52,W,2-1
4015390,14,Devon Straub,Izzet Prowess,2037.38,2055.18,Guilherme Merjam,Mono-Green Landfall,2026.15,,W,2-0
4015414,14,Thirawat Chaovarindr,Izzet Prowess,1940.84,1921.17,Atsuya Okuno,Mono-Green Landfall,1848.82,1868.5,L,0-2
4015378,14,Shuhei Nakamura,Sultai Control,2056.04,2040.98,Arne Huschenbeth,Mono-Green Landfall,2218.75,2233.81,L,0-2
4015426,14,Luis Gobern,Dimir Excruciator,1942.1,1922.46,Gaétan Verdierre,Mono-Green Landfall,1852.15,,L,1-2
4015393,14,Will Krueger,Izzet Prowess,2082.72,2101.94,Guglielmo Lupi,Mono-Green Landfall,2149.61,2130.39,W,2-1
4015361,14,Edgar Magalhaes,Izzet Prowess,2066.68,2083.98,Liam Kane,Izzet Prowess,2028.15,,W,2-1
4015392,14,Yi Yang,Izzet Prowess,2008.11,2027.7,Akira Shibata,Sultai Control,2095.48,2075.89,W,2-0
4015397,14,Steve Gan,Izzet Spellementals,2045.65,2061.2,Albert Queralt Garriga,Izzet Prowess,1910.49,,W,2-0
4015360,14,Jacob Mitchell-Rabaey,Izzet Prowess,2031.67,2015.98,Stefan Schütz,Mono-Green Landfall,2159.0,,L,0-2
4015377,14,Nicolás Morales Macaya,Mono-Green Landfall,1760.03,,Javier Dominguez,Selesnya Landfall,2104.07,2116.04,L,0-2
4015380,14,Robin Courtiat,Izzet Prowess,1878.14,1900.44,Allen Wu,Izzet Prowess,2118.17,2095.88,W,2-0
4015372,14,Toru Inoue,Izzet Spellementals,2000.16,2018.92,Josep Sanfeliu,Selesnya Landfall,2041.56,2022.8,W,2-1
4015448,14,Ma Noah,Selesnya Ouroboroid,1937.19,,Yoshitaka Yamasaki,Izzet Prowess,1717.61,1703.55,W,2-0
4015376,14,Xinrong Chen,Izzet Prowess,1916.91,1936.02,Jack Potter,Mono-Green Landfall,1977.94,1958.83,W,2-0
4015373,14,Etai Kurtzman,Izzet Prowess,2087.15,2069.98,Zevin Faust,Azorius Tempo,2133.03,2150.19,L,0-2
4015400,14,Maciej Jezyna,Mono-Green Landfall,1844.8,1825.49,Nathan Hu,Jeskai Control,1773.0,1792.31,L,0-2
4015385,14,Mikey Bishara,Izzet Prowess,1994.84,1972.1,David Åstrand,Mono-Green Landfall,1728.92,,L,1-2
4015417,14,Yang Chen,Izzet Prowess,1966.26,1980.54,Rafael Marin,Izzet Lessons,1759.13,1744.86,W,2-1
4015367,14,Nam Dang,Izzet Prowess,2071.71,2089.19,Gavin Perry,Azorius Momo,2043.15,2025.67,W,2-1
4015401,14,Masakuni Hamaguchi,Mono-Green Landfall,1947.07,1962.04,Jon Beitler,Mono-Green Landfall,1779.89,1764.91,W,2-0
4015408,14,Koki Hara,Bant Rhythm,1935.84,1951.4,Clément Harvey,Mono-Green Landfall,1801.35,,W,2-0
4015383,14,Jack Young,Izzet Prowess,1875.03,1893.56,Shi Tian Lee,Simic Omniscience,1904.2,1885.67,W,2-0
4015440,14,Ryan Condon,Izzet Spellementals,2013.93,2031.02,Sergio Garcia,Selesnya Landfall,1964.15,,W,2-0
4015395,14,Alejandro Mora Romero,Selesnya Landfall,1947.32,,John Wager,Azorius Tempo,1985.83,2003.13,L,0-2
4015449,14,Chang Zheng,Izzet Prowess,1728.14,1746.86,Alvaro Fernandez Torres,Izzet Prowess,1768.03,,W,2-0
4015431,14,Reid Duke,Izzet Prowess,2118.27,2131.33,Pedro Flores,Jeskai Control,1840.63,1827.57,W,2-1
4015415,14,Timothée Blondiaux,Mono-Green Landfall,1877.45,,Jason Reid,Golgari Midrange,1855.59,1837.99,W,2-1
4015374,14,Bryan Rockenbach,Mono-Green Landfall,2046.62,2065.17,Abe Schnake,Izzet Prowess,2076.97,2058.41,W,2-1
4015403,14,Kye Nelson,Golgari Midrange,1968.09,1950.37,Evan Vetter,Azorius Momo,1983.27,2000.99,L,1-2
4015359,14,Thierry Ramboa,Izzet Prowess,2124.38,2139.17,Anthony Lee,Izzet Prowess,1946.3,1931.52,W,2-1
4015399,14,Quinn Tonole,Mono-Red Aggro,2020.69,2037.15,Yuya Hosokawa,Izzet Lessons,1936.32,1919.85,W,2-0
4015447,14,Haven Gilbert-Avila,Izzet Spellementals,1900.45,1884.8,Corey Burkhart,Azorius Momo,2030.24,2045.88,L,1-2
4015418,14,Nicholas Odenheimer,Izzet Prowess,1995.99,2011.29,Kenneth Oswald,Golgari Midrange,1847.15,1831.85,W,2-0
4015424,14,Mike Boulinguiez,Izzet Spellementals,1758.84,1744.68,Tristan Wylde-LaRue,Mono-Green Landfall,1972.24,1986.4,L,1-2
4015365,14,Rick Hup Beng Lee,Dimir Excruciator,2016.52,2036.24,Matthew Wright,Azorius Momo,2111.07,2091.35,W,2-0
4015441,14,Marc Peral,Mono-Green Landfall,1981.78,1964.38,Derrick Davis,Jeskai Control,2014.98,2032.38,L,0-2
4015444,14,Masashiro Kuroda,Izzet Spellementals,1926.71,1946.09,Adam Brace,Izzet Lessons,2002.45,1983.07,W,2-1
4015356,14,Matt Nass,Selesnya Ouroboroid,2112.67,2133.21,Maxx Kominowski,Izzet Spellementals,2252.65,2232.12,W,2-1
4015430,14,Jack Yudt,Izzet Lessons,1788.72,1809.84,Eli Swafford,Mono-Green Landfall,1961.52,1940.4,W,2-1
4015451,14,Xiangjun Dai,Izzet Prowess,1753.4,1738.47,Victor Hawkins,Selesnya Landfall,1923.63,1938.55,L,0-2
4015438,14,Lorenzo Terlizzi,Simic Omniscience,2036.89,2051.07,Brendan Hsu,Golgari Midrange,1824.32,1810.14,W,2-0
4015428,14,Valentin Orru,Izzet Prowess,1700.64,1724.24,Davor Detecnik,Izzet Prowess,2017.78,1994.18,W,2-0
4015381,14,Nathan Kirner,Mono-Green Landfall,1922.09,1908.47,Alexey Paulot,Jeskai Control,2166.93,2180.55,L,1-2
4015402,14,Brennan Roy,Izzet Prowess,1959.41,1976.22,Zach Flynn,Izzet Prowess,1894.31,,W,2-0
4015429,14,Ryan Normandin,Mono-Green Landfall,1860.85,1878.5,Noé Fauquenoi,Mono-Green Landfall,1841.18,,W,2-0
4015394,14,Elliot Fortier,Izzet Prowess,1929.62,1913.35,Yuchen Liu,Izzet Prowess,2025.0,2041.27,L,1-2
4015366,14,Mike Sigrist,Izzet Prowess,2057.15,2039.79,Chris Kral,Mardu Discard,2092.59,2109.95,L,0-2
4015450,14,Francisco Sánchez,Izzet Prowess,2143.89,,Edgar Baumler,Izzet Prowess,1719.87,1709.16,W,2-0
4015404,14,Max Rappaport,Izzet Prowess,1946.21,1927.49,Antonin Branis,Izzet Lessons,1906.59,1925.32,L,1-2
4015389,14,Matyáš Kalužný,Izzet Spellementals,1891.81,,Jean-Emmanuel Depraz,Izzet Prowess,2129.17,2142.92,L,0-2
4015391,14,Richard Nealston,Mono-Green Landfall,1837.54,1856.76,Maxime Rayvich,Mono-Green Landfall,1904.35,1885.13,W,2-0
4015437,14,Luis Salvatto,Selesnya Landfall,2125.63,2141.46,Masahide Moriyama,Izzet Spellementals,2005.97,1990.14,W,2-1
4015454,14,Junichi Adachi,Izzet Spellementals,1558.72,1582.76,Christian Calcano,Jeskai Control,1903.19,1879.15,W,2-0
4015434,14,Julius Fan,Izzet Spellementals,1968.19,1949.0,Kenith Dsouza,Mono-Green Landfall,1903.24,,L,1-2
4015368,14,Ian Robb,Izzet Lessons,1934.12,1920.47,Paul Green,Mono-Green Landfall,2177.71,2191.35,L,1-2
4015432,14,Cyprien Tron,Bant Airbending,2027.88,2011.4,Eli Kassis,Izzet Spellementals,2111.76,2128.24,L,1-2
4015420,14,Samuel Pardee,Izzet Prowess,2150.85,2163.17,Dylan Pratt,Izzet Lessons,1828.94,1816.61,W,2-1
4015384,14,Carlo De Gaetano,Izzet Lessons,1789.51,,Toni Martos,Izzet Prowess,2039.94,2053.46,L,1-2
4015379,14,George Berrett,Azorius Momo,1835.75,1822.63,Michael Plummer,Izzet Spellementals,2110.12,,L,1-2
4015370,14,Patricio Roman,Mardu Discard,1984.82,1966.7,Alex von Stange,Izzet Prowess,1978.28,,L,0-2
4015422,14,Alex Friedrichsen,Mono-Green Landfall,1985.62,2003.37,Dylan Nollen,Izzet Spellementals,1971.85,1954.1,W,2-1
4015445,14,Suorsa Miitri,Izzet Lessons,1712.1,1699.46,Andrew Elenbogen,Azorius Momo,2015.04,2027.68,L,1-2
4015369,14,Ryan Mullens,Izzet Prowess,2144.88,2124.56,Bernardo Torres,Izzet Spellementals,2017.09,2037.41,L,1-2
4015435,14,Yuuki Ichikawa,Izzet Spellementals,1927.19,1946.57,Marco Cammilluzzi,Four-Color Elementals,2003.23,1983.85,W,2-1
4015387,14,Daniel Goetschel,Izzet Lessons,2126.7,2144.22,Andrew Kidston,Selesnya Rhythm,2100.05,2082.54,W,2-1
4015446,14,Jonathan Melamed,Mono-Green Landfall,1952.55,1970.94,Julien Henry,Izzet Prowess,1974.38,1955.98,W,2-0
4015398,14,Victor Santos Esquici,Dimir Excruciator,2040.44,,Kenta Masukado,Izzet Spellementals,2053.65,2071.41,L,0-2
4015421,14,Gregorio Galeotti,Izzet Spellementals,1725.82,1712.45,Marcus Wosner,Mono-Green Landfall,1985.38,1998.75,L,1-2
4015386,14,Kazutaka Oya,Izzet Prowess,2007.58,2026.87,Joshua Willis,Izzet Prowess,2078.66,2059.36,W,2-1
4015407,14,Eduardo Sajgalik,Simic Omniscience,2122.79,2103.91,Oliver Tomajko,Selesnya Landfall,2074.57,2093.45,L,0-2
4015412,14,Austin Walker,Azorius Tempo,1801.3,,Mason Buonadonna,Bant Rhythm,2015.21,1993.37,W,2-0
4015375,14,Matthew Oomkes,Four-Color Elementals,1938.01,1924.52,Andy Garcia-Romo,Mono-Green Landfall,2190.94,2204.42,L,0-2
4015382,14,Collins Mullen,Mono-Green Landfall,2064.98,2045.67,Benjamin Stark,Mono-Green Landfall,1992.68,,L,1-2
4015371,14,Mattia Rizzi,Izzet Prowess,2100.67,2081.6,Noé Offman,Izzet Prowess,2042.11,,L,1-2
4015358,14,Charis Kikidis,Mono-Green Landfall,2162.48,,Nathan Steuer,Selesnya Landfall,2095.46,2114.68,L,1-2
4015419,14,Kellen Pastore,Mono-Green Landfall,2074.33,2087.55,Neilson Zhang,Izzet Prowess,1805.75,1792.53,W,2-1
4015452,14,Timo Bertram,Izzet Spellementals,1872.71,,Ryan Gassaway,Izzet Prowess,1745.16,1729.48,W,2-1
4015396,14,Charles Eliatamby,Mono-Green Landfall,2010.13,1991.97,Pierre Smith,Izzet Prowess,2001.58,2019.74,L,1-2
4015409,14,Yimin Zhi,Izzet Prowess,1957.44,1940.48,Valerie Jade,Izzet Maestro,2014.37,2031.33,L,1-2
4015357,14,Christoffer Larsen,Selesnya Landfall,2304.3,2315.35,Wentong Zhang,Boros Dragons,1902.13,1891.09,W,2-0
4015427,14,Tyson Roylance,Dimir Excruciator,1777.46,1798.23,Anthony Cuello,Izzet Prowess,1930.64,1909.87,W,2-0
4015493,15,Adrià Martín,Rakdos Discard,2021.78,,Yang Chen,Izzet Prowess,1980.54,1999.29,L,0-2
4015538,15,Matheus Crusius,Mono-Green Landfall,1841.7,1860.48,Haven Gilbert-Avila,Izzet Spellementals,1884.8,1866.02,W,2-0
4015546,15,Takeshi Ozawa,Sultai Control,1922.34,1902.54,Noé Fauquenoi,Mono-Green Landfall,1823.54,,L,1-2
4015543,15,Aras Senyuz,Temur Omniscience,1803.81,1824.72,Marc Peral,Mono-Green Landfall,1964.38,1943.48,W,2-0
4015465,15,Shota Yasooka,Izzet Prowess,2066.08,2083.16,Jacob Mitchell-Rabaey,Izzet Prowess,2015.98,1998.9,W,2-1
4015476,15,Raul Porojan,Selesnya Rhythm,1925.95,1909.36,John Wager,Azorius Tempo,2003.13,2019.73,L,1-2
4015460,15,Mateo Ferreira,Selesnya Landfall,2053.6,2073.23,Charis Kikidis,Mono-Green Landfall,2143.26,,W,2-0
4015531,15,Adam Edelson,Izzet Prowess,2057.7,2073.25,Luis Gobern,Dimir Excruciator,1922.46,1906.91,W,2-0
4015528,15,Muhan Yu,Izzet Prowess,2006.97,1988.31,Jonathan Melamed,Mono-Green Landfall,1970.94,1989.6,L,1-2
4015523,15,Christian Baker,Izzet Prowess,1856.9,1878.07,Derrick Davis,Jeskai Control,2032.38,2011.21,W,2-1
4015490,15,David Inglis,Mono-Green Landfall,2040.06,,Nathan Kirner,Mono-Green Landfall,1908.47,1928.86,L,1-2
4015545,15,Vincent Choy,Azorius Tempo,1700.62,1686.88,Victor Hawkins,Selesnya Landfall,1938.55,1952.29,L,1-2
4015537,15,Marco Del Pivo,Mono-Green Landfall,1969.97,,Adam Brace,Izzet Lessons,1983.07,1964.84,W,2-1
4015495,15,Eleanor Dubreuil,Izzet Maestro,1795.62,1779.43,Albert Queralt Garriga,Izzet Prowess,1894.94,,L,0-2
4015499,15,Lukas Schwendinger,Mono-Red Aggro,1874.69,1895.12,Guilherme Merjam,Mono-Green Landfall,2008.35,,W,2-1
4015466,15,Alex Rohan,Jeskai Control,2143.62,2159.69,Bernardo Torres,Izzet Spellementals,2037.41,2021.34,W,2-0
4015471,15,Devon Straub,Izzet Prowess,2055.18,2072.9,Mike Sigrist,Izzet Prowess,2039.79,2022.08,W,2-1
4015530,15,Thirawat Chaovarindr,Izzet Prowess,1921.17,1935.98,Mike Boulinguiez,Izzet Spellementals,1744.68,1729.86,W,2-1
4015504,15,Shuhei Nakamura,Sultai Control,2040.98,2059.94,Ben Jones,Jeskai Control,2093.3,,W,2-0
4015503,15,Mae French,Izzet Lessons,2034.59,2050.6,Antonin Branis,Izzet Lessons,1925.32,1909.3,W,2-1
4015477,15,Will Krueger,Izzet Prowess,2101.94,2121.37,Alexey Paulot,Jeskai Control,2180.55,2161.12,W,2-1
4015458,15,Edgar Magalhaes,Izzet Prowess,2083.98,2062.51,Wentong Zhang,Boros Dragons,1891.09,1912.57,L,1-2
4015483,15,Yi Yang,Izzet Prowess,2027.7,2009.42,Benjamin Stark,Mono-Green Landfall,2011.99,,L,1-2
4015475,15,Steve Gan,Izzet Spellementals,2061.2,2038.67,Daniel Weiss,Izzet Prowess,1807.93,1830.45,L,0-2
4015496,15,Nicolás Morales Macaya,Mono-Green Landfall,1748.07,,Koki Hara,Bant Rhythm,1951.4,1965.74,L,1-2
4015474,15,Robin Courtiat,Izzet Prowess,1900.44,1920.92,Quinn Tonole,Mono-Red Aggro,2037.15,2016.68,W,2-1
4015461,15,Toru Inoue,Izzet Spellementals,2018.92,2002.2,Nam Dang,Izzet Prowess,2089.19,2105.91,L,1-2
4015541,15,Ma Noah,Selesnya Ouroboroid,1951.25,,Cyprien Tron,Bant Airbending,2011.4,1992.31,W,2-1
4015500,15,Evan Higgins,Izzet Spellementals,1865.13,,Joshua Willis,Izzet Prowess,2059.36,2073.86,L,1-2
4015468,15,Xinrong Chen,Izzet Prowess,1936.02,1921.27,Javier Dominguez,Selesnya Landfall,2116.04,2130.79,L,0-2
4015484,15,Etai Kurtzman,Izzet Prowess,2069.98,2087.2,Kazutaka Oya,Izzet Prowess,2026.87,2009.66,W,2-1
4015506,15,Maciej Jezyna,Mono-Green Landfall,1825.49,1808.34,Gaétan Verdierre,Mono-Green Landfall,1871.79,,L,0-2
4015488,15,Mikey Bishara,Izzet Prowess,1972.1,1990.46,Charles Eliatamby,Mono-Green Landfall,1991.97,1973.61,W,2-0
4015487,15,Masakuni Hamaguchi,Mono-Green Landfall,1962.04,1943.99,Jack Potter,Mono-Green Landfall,1958.83,1976.89,L,1-2
4015485,15,Jack Young,Izzet Prowess,1893.56,1879.68,Michael Plummer,Izzet Spellementals,2123.24,,L,1-2
4015524,15,Ryan Condon,Izzet Spellementals,2031.02,2043.94,Rafael Marin,Izzet Lessons,1744.86,1731.94,W,2-0
4015505,15,Alejandro Mora Romero,Selesnya Landfall,1930.03,,Elliot Fortier,Izzet Prowess,1913.35,1895.66,W,2-0
4015540,15,Chang Zheng,Izzet Prowess,1746.86,1768.47,Sergio Garcia,Selesnya Landfall,1947.06,,W,2-0
4015522,15,Reid Duke,Izzet Prowess,2131.33,2109.58,Kenith Dsouza,Mono-Green Landfall,1922.43,,L,0-2
4015511,15,Timothée Blondiaux,Mono-Green Landfall,1895.05,,Guglielmo Lupi,Mono-Green Landfall,2130.39,2108.18,W,2-0
4015459,15,Bryan Rockenbach,Mono-Green Landfall,2065.17,2085.46,Paul Green,Mono-Green Landfall,2191.35,2171.06,W,2-0
4015517,15,Kye Nelson,Golgari Midrange,1950.37,1929.39,Clément Harvey,Mono-Green Landfall,1785.79,,L,1-2
4015457,15,Thierry Ramboa,Izzet Prowess,2139.17,2121.82,Stefan Schütz,Mono-Green Landfall,2174.69,,L,1-2
4015456,15,Matthew Stefansson,Mono-Green Landfall,1863.08,,Maxx Kominowski,Izzet Spellementals,2232.12,2243.68,L,1-2
4015498,15,Nicholas Odenheimer,Izzet Prowess,2011.29,2029.66,Valerie Jade,Izzet Maestro,2031.33,2012.97,W,2-0
4015535,15,Oliver Coffey,Izzet Prowess,1836.32,1817.52,Neilson Zhang,Izzet Prowess,1792.53,1811.33,L,1-2
4015463,15,Rick Hup Beng Lee,Dimir Excruciator,2036.24,2052.33,Anthony Lee,Izzet Prowess,1931.52,1915.42,W,2-1
4015529,15,Masashiro Kuroda,Izzet Spellementals,1946.09,1963.37,Vasilios Morikis,Izzet Prowess,1906.77,1889.48,W,2-1
4015462,15,Liam Kane,Izzet Prowess,2010.85,,Chris Kral,Mardu Discard,2109.95,2090.14,W,2-0
4015550,15,Arch Dota,Azorius Tempo,1994.02,2004.92,Junichi Adachi,Izzet Spellementals,1582.76,1571.86,W,2-0
4015515,15,Matt Xu,Golgari Midrange,1926.52,,Ryan Normandin,Mono-Green Landfall,1878.5,1861.37,W,2-0
4015533,15,Jack Yudt,Izzet Lessons,1809.84,1794.32,Yuuki Ichikawa,Izzet Spellementals,1946.57,1962.09,L,0-2
4015551,15,Xiangjun Dai,Izzet Prowess,1738.47,1719.84,Yoshitaka Yamasaki,Izzet Prowess,1703.55,1722.19,L,1-2
4015518,15,Lorenzo Terlizzi,Simic Omniscience,2051.07,2067.06,Yimin Zhi,Izzet Prowess,1940.48,1924.49,W,2-0
4015513,15,Valentin Orru,Izzet Prowess,1724.24,1706.98,Jon Beitler,Mono-Green Landfall,1764.91,1782.17,L,0-2
4015501,15,Nick Deriu,Four-Color Control,1959.34,1942.06,Marcus Wosner,Mono-Green Landfall,1998.75,2016.04,L,0-2
4015510,15,Brennan Roy,Izzet Prowess,1976.22,1996.39,Allen Wu,Izzet Prowess,2095.88,2075.7,W,2-1
4015486,15,Josep Sanfeliu,Selesnya Landfall,2022.8,2040.75,Pierre Smith,Izzet Prowess,2019.74,2001.8,W,2-0
4015539,15,Francisco Sánchez,Izzet Prowess,2154.59,,Pedro Flores,Jeskai Control,1827.57,1815.33,W,2-0
4015519,15,Max Rappaport,Izzet Prowess,1927.49,1912.27,Aidan Mirabelli,Izzet Prowess,2081.22,2096.44,L,0-2
4015508,15,Matyáš Kalužný,Izzet Spellementals,1878.05,,Tristan Wylde-LaRue,Mono-Green Landfall,1986.4,2002.43,L,1-2
4015472,15,Richard Nealston,Mono-Green Landfall,1856.76,1878.96,Matthew Wright,Azorius Momo,2091.35,2069.15,W,2-0
4015532,15,Luis Salvatto,Selesnya Landfall,2141.46,2156.97,Charles Wong,Mono-Green Landfall,2004.34,,W,2-1
4015544,15,Julius Fan,Izzet Spellementals,1949.0,1931.75,Masahide Moriyama,Izzet Spellementals,1990.14,2007.39,L,1-2
4015482,15,Ian Robb,Izzet Lessons,1920.47,1903.8,Nicholas Talbot,Mono-Green Landfall,1993.52,2010.19,L,0-2
4015497,15,Samuel Pardee,Izzet Prowess,2163.17,2179.0,Huaxing Bai,Mono-Green Landfall,2043.28,2027.46,W,2-0
4015521,15,Zach Flynn,Izzet Prowess,1877.49,,Eduardo Sajgalik,Simic Omniscience,2103.91,2117.85,L,1-2
4015516,15,Eli Kassis,Izzet Spellementals,2128.24,2141.09,Jason Reid,Golgari Midrange,1837.99,1825.14,W,2-1
4015507,15,George Berrett,Azorius Momo,1822.63,1804.19,Tyson Roylance,Dimir Excruciator,1798.23,1816.68,L,1-2
4015470,15,Patricio Roman,Mardu Discard,1966.7,1986.61,Kenta Masukado,Izzet Spellementals,2071.41,2051.5,W,2-1
4015469,15,Jean-Emmanuel Depraz,Izzet Prowess,2142.92,2157.0,Matthew Oomkes,Four-Color Elementals,1924.52,1910.45,W,2-0
4015509,15,Alex Friedrichsen,Mono-Green Landfall,2003.37,1986.81,Andrew Kidston,Selesnya Rhythm,2082.54,2099.1,L,1-2
4015542,15,Suorsa Miitri,Izzet Lessons,1699.46,1685.78,Eli Swafford,Mono-Green Landfall,1940.4,1954.09,L,1-2
4015534,15,Gavin Meagher,Mardu Discard,1934.66,1917.39,Michael Byrd,Izzet Prowess,1975.03,,L,1-2
4015473,15,Gavin Perry,Azorius Momo,2025.67,2008.27,Abe Schnake,Izzet Prowess,2058.41,2075.82,L,0-2
4015525,15,Dylan Pratt,Izzet Lessons,1816.61,1800.84,Ryan Brozovich,Mono-Green Landfall,1939.31,1955.08,L,1-2
4015480,15,Ryan Mullens,Izzet Prowess,2124.56,2100.07,David Åstrand,Mono-Green Landfall,1751.66,,L,1-2
4015481,15,Daniel Goetschel,Izzet Lessons,2144.22,2156.06,Nathan Hu,Jeskai Control,1792.31,1780.47,W,2-1
4015547,15,Brendan Hsu,Golgari Midrange,1810.14,1795.28,Marco Cammilluzzi,Four-Color Elementals,1983.85,1998.71,L,0-2
4015549,15,Edgar Baumler,Izzet Prowess,1709.16,1691.9,Alvaro Fernandez Torres,Izzet Prowess,1749.3,,L,0-2
4015492,15,Victor Santos Esquici,Dimir Excruciator,2022.68,,Shi Tian Lee,Simic Omniscience,1885.67,1906.15,L,0-2
4015526,15,Gregorio Galeotti,Izzet Spellementals,1712.45,1696.62,Kenneth Oswald,Golgari Midrange,1831.85,1847.68,L,0-2
4015489,15,Collins Mullen,Mono-Green Landfall,2045.67,2064.54,Oliver Tomajko,Selesnya Landfall,2093.45,2074.58,W,2-0
4015467,15,Andy Garcia-Romo,Mono-Green Landfall,2204.42,2219.83,Noé Offman,Izzet Prowess,2061.17,,W,2-1
4015479,15,Mattia Rizzi,Izzet Prowess,2081.6,2098.87,Yuchen Liu,Izzet Prowess,2041.27,2024.0,W,2-0
4015502,15,Evan Vetter,Azorius Momo,2000.99,2016.89,Maxime Rayvich,Mono-Green Landfall,1885.13,1869.23,W,2-0
4015464,15,Alex von Stange,Izzet Prowess,1996.4,,Zevin Faust,Azorius Tempo,2150.19,2165.41,L,1-2
4015512,15,Kellen Pastore,Mono-Green Landfall,2087.55,2065.62,Atsuya Okuno,Mono-Green Landfall,1868.5,1890.43,L,0-2
4015514,15,Mason Buonadonna,Bant Rhythm,1993.37,2012.33,Corey Burkhart,Azorius Momo,2045.88,2026.93,W,2-0
4015548,15,Timo Bertram,Izzet Spellementals,1888.39,,Christian Calcano,Jeskai Control,1879.15,1861.32,W,2-1
4015478,15,Arne Huschenbeth,Mono-Green Landfall,2233.81,2248.55,Toni Martos,Izzet Prowess,2053.46,2038.72,W,2-0
4015494,15,Yuya Hosokawa,Izzet Lessons,1919.85,1904.68,Akira Shibata,Sultai Control,2075.89,2091.06,L,0-2
4015527,15,Hiroki Kageyama,Izzet Prowess,1925.18,1906.9,Anthony Cuello,Izzet Prowess,1909.87,1928.15,L,1-2
4015520,15,Dylan Nollen,Izzet Spellementals,1954.1,1973.44,Andrew Elenbogen,Azorius Momo,2027.68,2008.34,W,2-1
4015536,15,Andrew Cuneo,Mono-Green Landfall,1912.13,1931.63,Davor Detecnik,Izzet Prowess,1994.18,1974.69,W,2-0
4015455,15,Christoffer Larsen,Selesnya Landfall,2315.35,2329.74,Nathan Steuer,Selesnya Landfall,2114.68,2100.29,W,2-1
4015612,16,Adrià Martín,Rakdos Discard,2003.03,,Mason Buonadonna,Bant Rhythm,2012.33,2030.16,L,0-2
4015636,16,Matheus Crusius,Mono-Green Landfall,1860.48,1844.48,Ma Noah,Selesnya Ouroboroid,1970.35,,L,1-2
4015639,16,Takeshi Ozawa,Sultai Control,1902.54,1880.65,Suorsa Miitri,Izzet Lessons,1685.78,1707.67,L,1-2
4015622,16,Aras Senyuz,Temur Omniscience,1824.72,1809.67,Muhan Yu,Izzet Prowess,1988.31,2003.35,L,1-2
4015555,16,Shota Yasooka,Izzet Prowess,2083.16,2066.66,Zevin Faust,Azorius Tempo,2165.41,2181.91,L,0-2
4015593,16,Raul Porojan,Selesnya Rhythm,1909.36,1927.72,Nathan Kirner,Mono-Green Landfall,1928.86,1910.5,W,2-0
4015557,16,Mateo Ferreira,Selesnya Landfall,2073.23,2091.03,Edgar Magalhaes,Izzet Prowess,2062.51,2044.7,W,2-0
4015610,16,Adam Edelson,Izzet Prowess,2073.25,2091.67,Aidan Mirabelli,Izzet Prowess,2096.44,2078.02,W,2-1
4015608,16,Christian Baker,Izzet Prowess,1878.07,1860.98,Anthony Cuello,Izzet Prowess,1928.15,1945.24,L,1-2
4015599,16,David Inglis,Mono-Green Landfall,2019.67,,Luis Salvatto,Selesnya Landfall,2156.97,2172.49,L,1-2
4015645,16,Vincent Choy,Azorius Tempo,1686.88,1669.65,Ryan Gassaway,Izzet Prowess,1729.48,1746.7,L,1-2
4015613,16,Eleanor Dubreuil,Izzet Maestro,1779.43,1763.7,Yuya Hosokawa,Izzet Lessons,1904.68,1920.41,L,0-2
4015591,16,Lukas Schwendinger,Mono-Red Aggro,1895.12,1915.32,Quinn Tonole,Mono-Red Aggro,2016.68,1996.47,W,2-1
4015558,16,Alex Rohan,Jeskai Control,2159.69,2175.74,Rick Hup Beng Lee,Dimir Excruciator,2052.33,2036.28,W,2-0
4015572,16,Devon Straub,Izzet Prowess,2072.9,2056.68,Paul Green,Mono-Green Landfall,2171.06,2187.27,L,1-2
4015607,16,Thirawat Chaovarindr,Izzet Prowess,1935.98,1918.1,Nick Deriu,Four-Color Control,1942.06,1959.95,L,0-2
4015594,16,Shuhei Nakamura,Sultai Control,2059.94,2040.22,Koki Hara,Bant Rhythm,1965.74,1985.45,L,0-2
4015586,16,Mae French,Izzet Lessons,2050.6,2029.52,Jack Young,Izzet Prowess,1879.68,1900.77,L,1-2
4015567,16,Will Krueger,Izzet Prowess,2121.37,2099.76,Robin Courtiat,Izzet Prowess,1920.92,1942.53,L,1-2
4015580,16,Yi Yang,Izzet Prowess,2009.42,2029.05,Andrew Kidston,Selesnya Rhythm,2099.1,2079.46,W,2-1
4015583,16,Steve Gan,Izzet Spellementals,2038.67,2059.22,Samuel Pardee,Izzet Prowess,2179.0,2158.45,W,2-1
4015561,16,Jacob Mitchell-Rabaey,Izzet Prowess,1998.9,1983.16,Charis Kikidis,Mono-Green Landfall,2123.63,,L,0-2
4015597,16,Nicolás Morales Macaya,Mono-Green Landfall,1733.72,,George Berrett,Azorius Momo,1804.19,1784.9,W,2-0
4015560,16,Toru Inoue,Izzet Spellementals,2002.2,1981.1,Daniel Weiss,Izzet Prowess,1830.45,1851.56,L,1-2
4015619,16,Evan Higgins,Izzet Spellementals,1850.63,,Valerie Jade,Izzet Maestro,2012.97,1992.03,W,2-1
4015574,16,Xinrong Chen,Izzet Prowess,1921.27,1905.41,Toni Martos,Izzet Prowess,2038.72,2054.58,L,0-2
4015571,16,Etai Kurtzman,Izzet Prowess,2087.2,2068.35,Josep Sanfeliu,Selesnya Landfall,2040.75,2059.6,L,1-2
4015604,16,Maciej Jezyna,Mono-Green Landfall,1808.34,1826.39,Neilson Zhang,Izzet Prowess,1811.33,1793.27,W,2-1
4015592,16,Mikey Bishara,Izzet Prowess,1990.46,2008.57,Brennan Roy,Izzet Prowess,1996.39,1978.29,W,2-1
4015578,16,Yang Chen,Izzet Prowess,1999.29,1981.48,Kazutaka Oya,Izzet Prowess,2009.66,2027.47,L,0-2
4015553,16,Nam Dang,Izzet Prowess,2105.91,2089.98,Andy Garcia-Romo,Mono-Green Landfall,2219.83,2235.76,L,0-2
4015595,16,Masakuni Hamaguchi,Mono-Green Landfall,1943.99,1927.3,Marcus Wosner,Mono-Green Landfall,2016.04,2032.72,L,0-2
4015614,16,Ryan Condon,Izzet Spellementals,2043.94,2060.66,Charles Eliatamby,Mono-Green Landfall,1973.61,1956.89,W,2-0
4015584,16,Alejandro Mora Romero,Selesnya Landfall,1947.72,,Pierre Smith,Izzet Prowess,2001.8,2018.81,L,0-2
4015625,16,Chang Zheng,Izzet Prowess,1768.47,1754.74,Masahide Moriyama,Izzet Spellementals,2007.39,2021.11,L,1-2
4015626,16,Reid Duke,Izzet Prowess,2109.58,2092.62,Francisco Sánchez,Izzet Prowess,2166.84,,L,1-2
4015585,16,Timothée Blondiaux,Mono-Green Landfall,1917.26,,Akira Shibata,Sultai Control,2091.06,2105.92,L,0-2
4015554,16,Bryan Rockenbach,Mono-Green Landfall,2085.46,2063.27,Matthew Stefansson,Mono-Green Landfall,1851.52,,L,1-2
4015624,16,Kye Nelson,Golgari Midrange,1929.39,1949.17,Corey Burkhart,Azorius Momo,2026.93,2007.15,W,2-0
4015552,16,Thierry Ramboa,Izzet Prowess,2121.82,2103.43,Nathan Steuer,Selesnya Landfall,2100.29,2118.68,L,1-2
4015646,16,Haven Gilbert-Avila,Izzet Spellementals,1866.02,1882.21,Alvaro Fernandez Torres,Izzet Prowess,1766.57,,W,2-1
4015589,16,Nicholas Odenheimer,Izzet Prowess,2029.66,2048.06,Kenta Masukado,Izzet Spellementals,2051.5,2033.1,W,2-0
4015628,16,Mike Boulinguiez,Izzet Spellementals,1729.86,1715.16,Max Rappaport,Izzet Prowess,1912.27,1926.98,L,1-2
4015631,16,Oliver Coffey,Izzet Prowess,1817.52,1817.52,Jack Yudt,Izzet Lessons,1794.32,1794.32,D,
4015640,16,Marc Peral,Mono-Green Landfall,1943.48,1961.87,Adam Brace,Izzet Lessons,1964.84,1946.45,W,2-1
4015615,16,Masashiro Kuroda,Izzet Spellementals,1963.37,1981.01,Matt Xu,Golgari Midrange,1943.65,,W,2-1
4015556,16,Liam Kane,Izzet Prowess,2030.65,,Wentong Zhang,Boros Dragons,1912.57,1896.71,W,2-0
4015641,16,Arch Dota,Azorius Tempo,2004.92,2020.32,Christian Calcano,Jeskai Control,1861.32,1845.92,W,2-0
4015598,16,Guglielmo Lupi,Mono-Green Landfall,2108.18,2087.53,Yuuki Ichikawa,Izzet Spellementals,1962.09,1982.74,L,1-2
4015611,16,Lorenzo Terlizzi,Simic Omniscience,2067.06,2082.61,Andrew Cuneo,Mono-Green Landfall,1931.63,1916.08,W,2-0
4015620,16,Valentin Orru,Izzet Prowess,1706.98,1693.23,Kenith Dsouza,Mono-Green Landfall,1944.18,,L,1-2
4015563,16,John Wager,Azorius Tempo,2019.73,2001.02,Alex von Stange,Izzet Prowess,1981.19,,L,0-2
4015632,16,Ryan Normandin,Mono-Green Landfall,1861.37,1879.41,Zach Flynn,Izzet Prowess,1863.55,,W,2-0
4015602,16,Elliot Fortier,Izzet Prowess,1895.66,1879.34,Guilherme Merjam,Mono-Green Landfall,1987.93,,L,0-2
4015581,16,Mike Sigrist,Izzet Prowess,2022.08,2005.5,Ryan Mullens,Izzet Prowess,2100.07,2116.65,L,1-2
4015587,16,Alexey Paulot,Jeskai Control,2161.12,2138.28,Gaétan Verdierre,Mono-Green Landfall,1888.95,,L,0-2
4015638,16,Sergio Garcia,Selesnya Landfall,1925.46,,Pedro Flores,Jeskai Control,1815.33,1799.33,W,2-0
4015603,16,Matyáš Kalužný,Izzet Spellementals,1862.02,,Kellen Pastore,Mono-Green Landfall,2065.62,2079.95,L,1-2
4015562,16,Richard Nealston,Mono-Green Landfall,1878.96,1861.63,Anthony Lee,Izzet Prowess,1915.42,1932.76,L,1-2
4015642,16,Junichi Adachi,Izzet Spellementals,1571.86,1556.04,Edgar Baumler,Izzet Prowess,1691.9,1707.72,L,0-2
4015644,16,Julius Fan,Izzet Spellementals,1931.75,1950.86,Cyprien Tron,Bant Airbending,1992.31,1973.2,W,2-0
4015579,16,Ian Robb,Izzet Lessons,1903.8,1924.87,Joshua Willis,Izzet Prowess,2073.86,2052.79,W,2-0
4015590,16,Carlo De Gaetano,Izzet Lessons,1794.84,,Evan Vetter,Azorius Momo,2016.89,1994.9,W,2-1
4015600,16,Clément Harvey,Mono-Green Landfall,1806.76,,Antonin Branis,Izzet Lessons,1909.3,1889.44,W,2-1
4015601,16,Huaxing Bai,Mono-Green Landfall,2027.46,2044.47,Dylan Nollen,Izzet Spellementals,1973.44,1956.43,W,2-0
4015606,16,Eli Kassis,Izzet Spellementals,2141.09,2153.89,Kenneth Oswald,Golgari Midrange,1847.68,1834.88,W,2-1
4015568,16,Patricio Roman,Mardu Discard,1986.61,1970.65,Mattia Rizzi,Izzet Prowess,2098.87,2114.83,L,1-2
4015565,16,Jean-Emmanuel Depraz,Izzet Prowess,2157.0,2136.54,Bernardo Torres,Izzet Spellementals,2021.34,2041.8,L,1-2
4015618,16,Alex Friedrichsen,Mono-Green Landfall,1986.81,1968.86,Jonathan Melamed,Mono-Green Landfall,1989.6,2007.55,L,0-2
4015582,16,Matthew Wright,Azorius Momo,2069.15,2046.64,Tyson Roylance,Dimir Excruciator,1816.68,1839.19,L,1-2
4015621,16,Gavin Meagher,Mardu Discard,1917.39,1898.88,Vasilios Morikis,Izzet Prowess,1889.48,1907.99,L,0-2
4015577,16,Gavin Perry,Azorius Momo,2008.27,1986.18,Nathan Hu,Jeskai Control,1780.47,1802.55,L,0-2
4015627,16,Dylan Pratt,Izzet Lessons,1800.84,1786.62,Derrick Davis,Jeskai Control,2011.21,2025.43,L,0-2
4015566,16,Daniel Goetschel,Izzet Lessons,2156.06,2139.74,Arne Huschenbeth,Mono-Green Landfall,2248.55,2264.87,L,1-2
4015616,16,Allen Wu,Izzet Prowess,2075.7,2094.47,Eduardo Sajgalik,Simic Omniscience,2117.85,2099.08,W,2-1
4015643,16,Brendan Hsu,Golgari Midrange,1795.28,1811.95,Yoshitaka Yamasaki,Izzet Prowess,1722.19,1705.52,W,2-1
4015605,16,Ben Jones,Jeskai Control,2074.34,,Ryan Brozovich,Mono-Green Landfall,1955.08,1975.25,L,1-2
4015588,16,Tristan Wylde-LaRue,Mono-Green Landfall,2002.43,2018.4,Atsuya Okuno,Mono-Green Landfall,1890.43,1874.46,W,2-1
4015596,16,Victor Santos Esquici,Dimir Excruciator,2002.2,,Jon Beitler,Mono-Green Landfall,1782.17,1804.12,L,1-2
4015623,16,Gregorio Galeotti,Izzet Spellementals,1696.62,1680.95,Jason Reid,Golgari Midrange,1825.14,1840.81,L,1-2
4015576,16,Matthew Oomkes,Four-Color Elementals,1910.45,1894.51,Yuchen Liu,Izzet Prowess,2024.0,2039.94,L,0-2
4015569,16,Abe Schnake,Izzet Prowess,2075.82,2058.08,Chris Kral,Mardu Discard,2090.14,2107.88,L,1-2
4015575,16,Shi Tian Lee,Simic Omniscience,1906.15,1924.24,Albert Queralt Garriga,Izzet Prowess,1911.14,,W,2-0
4015573,16,Collins Mullen,Mono-Green Landfall,2064.54,2044.94,Jack Potter,Mono-Green Landfall,1976.89,1996.49,L,1-2
4015629,16,Marco Cammilluzzi,Four-Color Elementals,1998.71,1980.53,Charles Wong,Mono-Green Landfall,1988.83,,L,0-2
4015609,16,Maxime Rayvich,Mono-Green Landfall,1869.23,1854.93,Oliver Tomajko,Selesnya Landfall,2074.58,2088.88,L,0-2
4015637,16,Eli Swafford,Mono-Green Landfall,1954.09,1972.46,Davor Detecnik,Izzet Prowess,1974.69,1956.31,W,2-0
4015635,16,Timo Bertram,Izzet Spellementals,1906.22,,Victor Hawkins,Selesnya Landfall,1952.29,1969.45,L,1-2
4015559,16,Noé Offman,Izzet Prowess,2045.77,,Javier Dominguez,Selesnya Landfall,2130.79,2147.24,L,1-2
4015633,16,Hiroki Kageyama,Izzet Prowess,1906.9,1889.23,Yimin Zhi,Izzet Prowess,1924.49,1942.17,L,0-2
4015564,16,Nicholas Talbot,Mono-Green Landfall,2010.19,2030.5,Michael Plummer,Izzet Spellementals,2137.12,,W,2-1
4015630,16,Rafael Marin,Izzet Lessons,1731.94,1718.85,Andrew Elenbogen,Azorius Momo,2008.34,2021.43,L,0-2
4014197,4,Joshua Saruga,Izzet Prowess,1882.68,1865.47,Hiroki Kageyama,Izzet Prowess,1925.61,1942.83,L,1-2
4014088,4,Adrià Martín,Rakdos Discard,2012.38,,Ryan Condon,Izzet Spellementals,2088.21,2068.83,W,2-0
4014193,4,Matheus Crusius,Mono-Green Landfall,1845.63,1861.91,Ryan Gassaway,Izzet Prowess,1750.76,1734.48,W,2-0
4014133,4,Takeshi Ozawa,Sultai Control,1973.4,1990.02,Lucas Duchow,Izzet Prowess,1897.54,1880.93,W,2-1
4014070,4,Aras Senyuz,Temur Omniscience,1883.6,1868.49,Rui Zhang,Izzet Lessons,2043.52,,L,0-2
4014221,4,Shinnosuke Hando,Izzet Prowess,1877.23,1854.41,Cherukad Sajan,Izzet Prowess,1606.73,1629.54,L,1-2
4014122,4,Shota Yasooka,Izzet Prowess,1996.35,2009.1,Suorsa Miitri,Izzet Lessons,1699.95,1687.2,W,2-0
4014148,4,Raul Porojan,Selesnya Rhythm,1828.96,1813.98,Mattia Rizzi,Izzet Prowess,1996.09,2011.07,L,1-2
4014216,4,Paul Gabat,Golgari Kona,1560.74,1548.16,Spencer Mazur,Mono-Green Landfall,1867.06,1879.64,L,1-2
4014184,4,Horiuchi Makoto,Izzet Prowess,2014.68,,Javier Ramos,Izzet Prowess,1571.38,1596.96,L,0-2
4014074,4,Mateo Ferreira,Selesnya Landfall,2005.68,2023.96,Alexander Kans,Mono-Green Landfall,2021.06,2002.78,W,2-0
4014073,4,Adam Edelson,Izzet Prowess,2130.23,2110.54,Nam Dang,Izzet Prowess,2037.22,2056.91,L,1-2
4014215,4,Neil Estrada,Mono-Green Landfall,2017.26,2027.32,Junichi Adachi,Izzet Spellementals,1549.72,1539.66,W,2-0
4014141,4,Muhan Yu,Izzet Prowess,2047.82,2060.09,Carlo De Gaetano,Izzet Lessons,1722.94,,W,2-1
4014131,4,Christian Baker,Izzet Prowess,1847.71,1870.4,Allen Wu,Izzet Prowess,2110.73,2088.04,W,2-1
4014147,4,Sebastian Torrico,Izzet Spellementals,1843.02,,Samuel Chang,Izzet Prowess,2142.39,2119.09,W,2-0
4014086,4,David Inglis,Mono-Green Landfall,2065.79,,Yi Yang,Izzet Prowess,2001.18,1984.36,W,2-1
4014097,4,Vincent Choy,Azorius Tempo,1713.16,1736.84,Avi Lessure,Azorius Momo,2035.31,2011.64,W,2-1
4014198,4,Marco Del Pivo,Mono-Green Landfall,2005.08,,Max Rappaport,Izzet Prowess,1912.79,1896.47,W,2-1
4014105,4,Kazuya Takuwa,Simic Omniscience,1747.31,1732.19,Alex von Stange,Izzet Prowess,1906.84,,L,0-2
4014202,4,Albert Cordobés,Jeskai Control,1937.61,,Jody Keith,Bant Omniscience,2061.92,2059.67,D,1-1
4014106,4,Eleanor Dubreuil,Izzet Maestro,1754.24,1735.18,Gregorio Galeotti,Izzet Spellementals,1696.03,1715.09,L,1-2
4014211,4,Jay van der Heiden,Izzet Prowess,1558.87,,Allen Norman,Mono-Green Landfall,1768.8,1783.03,L,1-2
4014219,4,Jonny Guttman,Mono-Green Landfall,1983.75,1966.5,Mason Buonadonna,Bant Rhythm,2025.03,2042.28,L,0-2
4014136,4,Lukas Schwendinger,Mono-Red Aggro,1834.81,1856.74,Winston Chamora,Izzet Prowess,2053.37,2031.45,W,2-0
4014108,4,Alex Rohan,Jeskai Control,2097.12,2107.15,Isabel Castillo,Izzet Spellementals,1627.96,,W,2-1
4014099,4,Devon Straub,Izzet Prowess,2016.63,2039.05,Francisco Sánchez,Izzet Prowess,2263.88,,W,2-1
4014185,4,Curtis Lam,Golgari Midrange,1809.9,1831.48,Karl Sarap,Mono-Green Landfall,2009.0,1987.41,W,2-1
4014159,4,Thirawat Chaovarindr,Izzet Prowess,1910.49,1930.07,Marco Belacca,Jeskai Control,1997.08,1977.51,W,2-0
4014220,4,Shuhei Nakamura,Sultai Control,1974.09,1989.29,Alan Hubbard,Simic Rhythm,1819.54,1804.34,W,2-0
4014123,4,Luis Gobern,Dimir Excruciator,1932.43,1948.65,Oliver Coffey,Izzet Prowess,1834.11,1817.89,W,2-1
4014092,4,Mae French,Izzet Lessons,2021.56,2038.44,Brennan Roy,Izzet Prowess,1959.85,1942.97,W,2-1
4014212,4,Arrick Chaulk,Izzet Prowess,1709.19,1729.59,Guillaume Petri,Izzet Prowess,1841.21,1820.81,W,2-1
4014102,4,Will Krueger,Izzet Prowess,2074.14,2086.93,Maciej Jezyna,Mono-Green Landfall,1780.17,1767.38,W,2-1
4014127,4,Edgar Magalhaes,Izzet Prowess,1973.18,1950.29,Matthew Stefansson,Mono-Green Landfall,1698.21,,L,1-2
4014183,4,Nico Ferrigno,Izzet Prowess,1883.87,1864.61,Ian Robb,Izzet Lessons,1815.0,1834.25,L,1-2
4014209,4,Claire Tian,Izzet Prowess,1662.43,1683.67,Takuya Hasegawa,Izzet Prowess,1842.06,1820.82,W,2-0
4014152,4,Steve Gan,Izzet Spellementals,1981.24,1958.95,Clément Harvey,Mono-Green Landfall,1741.81,,L,1-2
4014138,4,Atsuki Kihara,Sultai Control,1940.33,1922.64,Ryan Brozovich,Mono-Green Landfall,1957.25,1974.94,L,0-2
4014081,4,Jacob Mitchell-Rabaey,Izzet Prowess,1943.23,1965.49,Andy Garcia-Romo,Mono-Green Landfall,2181.49,2159.22,W,2-1
4014116,4,Nicolás Morales Macaya,Mono-Green Landfall,1671.02,,Percy Fang,Mono-Red Aggro,1993.29,1969.61,W,2-0
4014175,4,Jude Hopkins,Izzet Lessons,1705.8,1727.67,Josep Sanfeliu,Selesnya Landfall,1921.36,1899.49,W,2-1
4014111,4,Robin Courtiat,Izzet Prowess,1821.06,1844.48,Asha Mills Emmett,Izzet Prowess,2127.58,,W,2-0
4014082,4,Toru Inoue,Izzet Spellementals,1942.36,1963.22,Charis Kikidis,Mono-Green Landfall,2100.51,,W,2-1
4014100,4,Yiren Jiang,Izzet Spellementals,2033.91,2012.24,Prez Kuhnke,Izzet Lessons,1829.9,1851.57,L,0-2
4014168,4,Ma Noah,Selesnya Ouroboroid,1987.17,,Bassel Nasri,Izzet Spellementals,1960.45,1942.93,W,2-1
4014196,4,Ethan Hollen,Izzet Prowess,1700.65,1722.3,Elijah Herr,Dimir Excruciator,1903.58,1881.93,W,2-0
4014078,4,Mark Tubola,Mono-Green Landfall,1893.33,1873.55,George Berrett,Azorius Momo,1795.33,1815.11,L,0-2
4014171,4,Willy Edel,Four-Color Elementals,1930.64,1912.81,Guillermo Loli,Rakdos Discard,1940.13,1957.96,L,1-2
4014165,4,Philip Silberman,Mono-Green Landfall,1986.13,1965.28,Nathan Kirner,Mono-Green Landfall,1828.69,1849.54,L,1-2
4014227,4,Yang He,Four-Color Control,1853.48,1877.44,Ken Yukuhiro,Sultai Control,2192.64,2168.68,W,2-1
4014166,4,Xinrong Chen,Izzet Prowess,1802.53,1822.11,Andrew Cuneo,Mono-Green Landfall,1889.45,1869.87,W,2-1
4014170,4,Shawn Doherty,Izzet Maestro,1782.91,1804.95,Valerie Jade,Izzet Maestro,2008.38,1986.33,W,2-1
4014158,4,Etai Kurtzman,Izzet Prowess,1998.93,2016.94,Marc Peral,Mono-Green Landfall,1999.04,1981.04,W,2-1
4014090,4,Mitchell Tamblyn,Golgari Midrange,2097.36,2077.08,Christian Calcano,Jeskai Control,1971.67,1991.95,L,1-2
4014180,4,Mikey Bishara,Izzet Prowess,1926.98,1911.41,Oliver Tomajko,Selesnya Landfall,2060.68,2076.26,L,1-2
4014069,4,Yang Chen,Izzet Prowess,1993.87,2016.04,Eli Kassis,Izzet Spellementals,2226.48,2204.31,W,2-0
4014149,4,Julian Riedener,Mono-Green Landfall,1773.64,1759.4,Julius Fan,Izzet Spellementals,1982.34,1996.59,L,1-2
4014154,4,Simon Nielsen,Mono-Green Landfall,2151.42,,Victor Hawkins,Selesnya Landfall,1980.69,1965.78,W,2-0
4014112,4,Masakuni Hamaguchi,Mono-Green Landfall,1934.07,1950.57,Amy James,Izzet Lessons,1851.96,1835.46,W,2-1
4014110,4,Koki Hara,Bant Rhythm,1941.95,1924.71,Bryan Rockenbach,Mono-Green Landfall,1983.94,2001.18,L,1-2
4014094,4,Nicolas Cosgrove,Temur Lute,1775.56,1762.47,Davor Detecnik,Izzet Prowess,2051.68,2064.77,L,1-2
4014144,4,Jack Young,Izzet Prowess,1815.58,1799.27,Liam Kane,Izzet Prowess,1908.77,,L,1-2
4014156,4,Gabriel Bostic,Four-Color Control,1838.73,1825.0,Masataka Hori,Izzet Prowess,2077.57,2091.3,L,1-2
4014075,4,Chang Zheng,Izzet Prowess,1804.28,1791.08,Collins Mullen,Mono-Green Landfall,2074.18,2087.37,L,0-2
4014195,4,Edgar Rangel,Dimir Excruciator,1831.06,,Aylin Davis,Azorius Momo,1829.27,1811.3,W,2-0
4014132,4,Reid Duke,Izzet Prowess,2189.49,2203.15,Gabriel Joglar,Mono-Green Landfall,1946.89,1933.23,W,2-0
4014067,4,Timothée Blondiaux,Mono-Green Landfall,1900.63,,Christoffer Larsen,Selesnya Landfall,2275.72,2251.19,W,2-0
4014084,4,Kye Nelson,Golgari Midrange,2017.51,2000.11,Toni Martos,Izzet Prowess,2050.6,2068.0,L,1-2
4014076,4,Thierry Ramboa,Izzet Prowess,2050.21,2069.62,Kellen Pastore,Mono-Green Landfall,2127.73,2108.32,W,2-1
4014095,4,Quinn Tonole,Mono-Red Aggro,1990.62,1973.95,Adam Brace,Izzet Lessons,2063.55,2080.22,L,1-2
4014089,4,Haven Gilbert-Avila,Izzet Spellementals,1931.31,1949.25,Anthony Cuello,Izzet Prowess,1927.97,1910.03,W,2-1
4014181,4,Nicholas Odenheimer,Izzet Prowess,1967.6,1981.64,Benji Leaf,Boros Discard,1747.4,1733.35,W,2-1
4014225,4,Mike Boulinguiez,Izzet Spellementals,1671.82,1658.26,Alex Friedrichsen,Mono-Green Landfall,1920.49,1934.04,L,1-2
4014160,4,Seth Manfield,Izzet Prowess,2159.32,2135.48,Noé Fauquenoi,Mono-Green Landfall,1827.22,,L,1-2
4014224,4,Rick Hup Beng Lee,Dimir Excruciator,1862.54,1883.07,Jake Koenig,Azorius Momo,2002.56,1982.02,W,2-0
4014164,4,James Dimitrov,Izzet Prowess,1983.22,1996.17,Yuta Hori,Izzet Prowess,1698.76,1685.81,W,2-0
4014206,4,Masashiro Kuroda,Izzet Spellementals,1932.51,1951.08,Marcus Wosner,Mono-Green Landfall,1963.8,1945.23,W,2-0
4014098,4,Matt Nass,Selesnya Ouroboroid,1972.93,1989.91,Wappa Hamada,Mono-Green Landfall,1917.31,1900.32,W,2-1
4014188,4,Arch Dota,Azorius Tempo,2091.5,2103.6,Onoda Kenji,Izzet Lessons,1756.29,,W,2-1
4014091,4,Luis Venegas,Izzet Prowess,1726.29,1712.97,Gavin Perry,Azorius Momo,1988.74,2002.07,L,0-2
4014178,4,Matt Xu,Golgari Midrange,1918.59,,Neilson Zhang,Izzet Prowess,1748.59,1769.67,L,0-2
4014118,4,Guglielmo Lupi,Mono-Green Landfall,2150.11,2128.61,John Wager,Azorius Tempo,1955.68,1977.18,L,0-2
4014137,4,Jack Yudt,Izzet Lessons,1814.25,1831.7,Robert Wagner-Krankel,Izzet Prowess,1784.15,1766.7,W,2-1
4014169,4,Xiangjun Dai,Izzet Prowess,1783.26,1799.17,Pietro Maria Oltolina,Izzet Prowess,1668.47,1652.55,W,2-0
4014191,4,Lorenzo Terlizzi,Simic Omniscience,2077.02,2056.77,Evan Vetter,Azorius Momo,1952.89,1973.15,L,1-2
4014163,4,Jeff Jao,Simic Omniscience,1742.18,1769.03,Toni Portolan,Izzet Maestro,2273.2,2246.35,W,2-0
4014176,4,Adriano Melo,Izzet Lessons,1799.46,1820.55,Gabriel Nicholas,Izzet Prowess,1970.27,1949.18,W,2-1
4014177,4,Valentin Orru,Izzet Prowess,1642.48,1663.53,Brendan Hsu,Golgari Midrange,1811.66,1790.6,W,2-0
4014194,4,Nick Deriu,Four-Color Control,1907.04,1923.08,Jason Qiu,Izzet Maestro,1799.15,1783.11,W,2-0
4014142,4,Sebastian Thaler,Izzet Prowess,2103.23,2084.3,Joshua Willis,Izzet Prowess,2052.27,2071.19,L,0-2
4014150,4,Ryan Normandin,Mono-Green Landfall,1847.96,1833.51,Akira Shibata,Sultai Control,2044.98,2059.43,L,0-2
4014121,4,Elliot Fortier,Izzet Prowess,1863.11,1850.75,Samuel Pardee,Izzet Prowess,2182.8,2195.16,L,0-2
4014182,4,Ivan Saenz,Mono-Green Landfall,1747.9,1734.94,Andrew Elenbogen,Azorius Momo,2031.64,2044.6,L,0-2
4014079,4,Mike Sigrist,Izzet Prowess,2040.11,2054.44,Aedan Simons-Rudolph,Jeskai Control,1835.89,1821.56,W,2-0
4014134,4,Alexey Paulot,Jeskai Control,2167.3,2176.54,Elad Stettner,Golgari Midrange,1642.82,1633.58,W,2-1
4014145,4,Sergio Garcia,Selesnya Landfall,2010.35,,Kenta Masukado,Izzet Spellementals,2027.04,2044.74,L,0-2
4014126,4,Matyáš Kalužný,Izzet Spellementals,1846.36,,Abe Schnake,Izzet Prowess,2020.57,1999.42,W,2-0
4014101,4,Richard Nealston,Mono-Green Landfall,1771.07,1791.67,Patricio Roman,Mardu Discard,1914.43,1893.84,W,2-1
4014072,4,Luis Salvatto,Selesnya Landfall,2235.36,2249.07,Yuuki Ichikawa,Izzet Spellementals,1995.79,1982.08,W,2-0
4014117,4,Maxx Kominowski,Izzet Spellementals,2127.97,2106.5,Bernardo Torres,Izzet Spellementals,1935.38,1956.85,L,1-2
4014172,4,Cyprien Tron,Bant Airbending,2053.55,2067.75,Zach Flynn,Izzet Prowess,1842.1,,W,2-0
4014210,4,Ryouta Mishina,Izzet Prowess,1765.38,1787.5,Daniel Weiser,Izzet Lessons,1995.17,,W,2-1
4014205,4,Huaxing Bai,Mono-Green Landfall,2005.02,1988.01,Derrick Davis,Jeskai Control,2059.55,2076.55,L,1-2
4014129,4,Jean-Emmanuel Depraz,Izzet Prowess,2120.85,2135.6,Tom White,Izzet Maestro,1941.18,,W,2-1
4014103,4,Atsushi Nakashima,Izzet Prowess,1867.82,1886.98,Jake Beardsley,Izzet Prowess,1931.58,1912.42,W,2-1
4014213,4,Joao Quege,Boros Dragons,1762.4,1741.81,Klarke Trezise,Izzet Lessons,1619.77,1640.35,L,0-2
4014207,4,Matthew Wright,Azorius Momo,2021.94,2040.32,Shaun Henry,Mono-Green Landfall,2042.84,2024.46,W,2-1
4014226,4,David Kerrigan,Simic Rhythm,1617.56,1636.51,Pedro Molina,Mono-Green Landfall,1670.05,1651.09,W,2-1
4014085,4,Gavin Meagher,Mardu Discard,1987.57,2008.78,Aidan Mirabelli,Izzet Prowess,2165.08,2143.88,W,2-1
4014190,4,Matt Sperling,Izzet Prowess,2110.3,2089.29,Dylan Nollen,Izzet Spellementals,1943.53,1964.54,L,0-2
4014162,4,Coby Schnepf,Selesnya Rhythm,1740.19,1762.0,Brian Coval,Azorius Momo,1952.09,1930.28,W,2-1
4014157,4,"Hei Wo, Johnathan Ng",Mono-Green Landfall,1638.75,,Evan Sonnenberg-Rhim,Mono-Green Landfall,2053.84,2064.69,L,1-2
4014119,4,Dylan Pratt,Izzet Lessons,1811.89,1796.08,Nicholas Talbot,Mono-Green Landfall,1932.3,1948.11,L,1-2
4014114,4,Ryan Mullens,Izzet Prowess,2095.46,2076.56,Charles Wong,Mono-Green Landfall,2045.79,,L,1-2
4014167,4,Jaime Gonzalo,Jeskai Control,1904.68,,Maxime Rayvich,Mono-Green Landfall,1820.92,1840.44,L,0-2
4014201,4,Daniel Goetschel,Izzet Lessons,2089.55,2104.81,Charles Eliatamby,Mono-Green Landfall,1938.52,1923.26,W,2-1
4014214,4,Gavin Teo,Temur Lessons,1592.29,1576.8,Jeff Lin,Mono-Green Landfall,1730.75,,L,1-2
4014174,4,Piotr Szyiński,Izzet Prowess,1912.47,,Truong Hai Nguyen,Izzet Maestro,1858.36,1841.35,W,2-0
4014173,4,Edgar Baumler,Izzet Prowess,1728.87,1745.62,Jonny Stange,Azorius Momo,1660.59,,W,2-0
4014146,4,Andrew Kidston,Selesnya Rhythm,2083.96,2064.0,Kazutaka Oya,Izzet Prowess,1975.97,1995.93,L,0-2
4014204,4,Ben Jones,Jeskai Control,2069.61,,Justin Schabel,Izzet Lessons,2044.4,2026.86,W,2-0
4014187,4,Isael Feitosa,Izzet Lessons,1890.12,1872.76,Pierre Smith,Izzet Prowess,1925.05,1942.41,L,1-2
4014217,4,Tristan Wylde-LaRue,Mono-Green Landfall,1917.01,1933.76,Ben Zoz,Izzet Spellementals,1848.7,1831.94,W,2-0
4014161,4,Phillip Li,Izzet Prowess,2021.5,2038.79,Eli Swafford,Mono-Green Landfall,1982.59,1965.3,W,2-1
4014128,4,Jonathan Melamed,Mono-Green Landfall,2013.54,1989.03,David Åstrand,Mono-Green Landfall,1639.74,,L,1-2
4014080,4,Masahide Moriyama,Izzet Spellementals,2094.85,2075.56,Nathan Steuer,Selesnya Landfall,2024.15,2043.44,L,0-2
4014109,4,Vasilios Morikis,Izzet Prowess,1922.52,1937.64,Wentong Zhang,Boros Dragons,1763.44,1748.32,W,2-1
4014151,4,Yuya Tase,Azorius Momo,1805.95,1791.51,Chris Kral,Mardu Discard,2003.63,2018.07,L,1-2
4014135,4,Eduardo Sajgalik,Simic Omniscience,2162.41,2141.24,Guilherme Merjam,Mono-Green Landfall,1986.72,,L,1-2
4014199,4,Jon Beitler,Mono-Green Landfall,1685.94,1685.05,Carlos Martinez,Dimir Midrange,1637.17,,D,1-1
4014120,4,Austin Walker,Azorius Tempo,1760.59,,Matthew Oomkes,Four-Color Elementals,1860.18,1876.37,L,1-2
4014143,4,Shi Tian Lee,Simic Omniscience,1839.03,1861.43,Zevin Faust,Azorius Tempo,2085.26,2062.86,W,2-0
4014139,4,Kenneth Oswald,Golgari Midrange,1823.76,1845.42,Julien Henry,Izzet Prowess,2026.84,2005.18,W,2-1
4014218,4,Paul Green,Mono-Green Landfall,2057.13,2068.53,Manato Hosomi,Izzet Prowess,1677.7,1666.3,W,2-0
4014096,4,Marco Cammilluzzi,Four-Color Elementals,2055.28,2076.5,Arne Huschenbeth,Mono-Green Landfall,2233.93,2212.71,W,2-1
4014203,4,David Rood,Izzet Prowess,2007.68,1984.22,Yuxuan Zhang,Izzet Prowess,1698.69,1722.15,L,1-2
4014125,4,Benjamin Stark,Mono-Green Landfall,1969.71,,Yimin Zhi,Izzet Prowess,1962.93,1945.06,W,2-1
4014115,4,Sophi Seley,Izzet Maestro,1614.64,1600.56,Antonin Branis,Izzet Lessons,1833.12,1847.19,L,0-2
4014222,4,Mauricio Iriarte,Azorius Tempo,1634.69,,Pier Paolo Moro,Izzet Lessons,1563.39,1582.69,L,1-2
4014124,4,Brandon Kohrs,Four-Color Control,1869.75,1852.22,Yuya Hosokawa,Izzet Lessons,1895.56,1913.08,L,1-2
4014189,4,Jorge Lopez,Mono-Green Landfall,1668.07,,Adam Kinnaird,Azorius Momo,1644.2,1626.63,W,2-0
4014223,4,Ben Tudman,Azorius Tempo,1979.72,1957.36,Tyler Steinwand,Four-Color Elementals,1736.11,1758.46,L,1-2
4014077,4,Noé Offman,Izzet Prowess,2011.26,,Yoshitaka Yamasaki,Izzet Prowess,1801.06,1786.84,W,2-0
4014186,4,Atsuya Okuno,Mono-Green Landfall,1807.83,1789.7,Gaétan Verdierre,Mono-Green Landfall,1800.56,,L,1-2
4014113,4,Corey Burkhart,Azorius Momo,2089.04,2064.84,Tyson Roylance,Dimir Excruciator,1734.56,1758.77,L,1-2
4014087,4,Jack Potter,Mono-Green Landfall,1932.55,1953.67,Javier Dominguez,Selesnya Landfall,2105.21,2084.09,W,2-1
4014208,4,Kevin Kong,Izzet Lessons,1776.7,1794.64,Terry Edwards,Azorius Momo,1773.64,1755.7,W,2-0
4014071,4,Anthony Lee,Izzet Prowess,1856.2,1877.27,Yuchen Liu,Izzet Prowess,2026.06,2004.99,W,2-1
4014200,4,Rafael Marin,Izzet Lessons,1677.62,1701.35,Matt Costa,Izzet Prowess,2003.26,,W,2-0
4014153,4,Rodrigo Pinheiro,Azorius Tempo,1854.84,1833.84,William Au,Jeskai Control,1688.64,1709.64,L,1-2
4014093,4,Jason Reid,Golgari Midrange,1844.75,1864.45,Sam Bogue,Selesnya Landfall,1938.37,1918.66,W,2-1
4014104,4,Pedro Flores,Jeskai Control,1860.49,1876.95,Michael NK Young,Izzet Maestro,1775.84,,W,2-0
4014068,4,Michael Byrd,Izzet Prowess,2039.08,,Nathan Hu,Jeskai Control,1739.19,1726.5,W,2-1
4014130,4,January Adams,Izzet Spellementals,1824.9,1804.75,Daniel Weiss,Izzet Prowess,1706.88,1727.03,L,1-2
4014368,5,Joshua Saruga,Izzet Prowess,1865.47,1849.66,Valerie Jade,Izzet Maestro,1986.33,2002.14,L,1-2
4014263,5,Adrià Martín,Rakdos Discard,2031.77,,Devon Straub,Izzet Prowess,2039.05,2020.91,W,2-1
4014314,5,Matheus Crusius,Mono-Green Landfall,1861.91,1879.15,Adriano Melo,Izzet Lessons,1820.55,1803.3,W,2-1
4014241,5,Takeshi Ozawa,Sultai Control,1990.02,2010.21,Adam Edelson,Izzet Prowess,2110.54,2090.35,W,2-0
4014252,5,Aras Senyuz,Temur Omniscience,1868.49,1852.88,Kye Nelson,Golgari Midrange,2000.11,2015.73,L,0-2
4014268,5,Shota Yasooka,Izzet Prowess,2009.1,2028.11,Davor Detecnik,Izzet Prowess,2064.77,2045.75,W,2-1
4014344,5,Raul Porojan,Selesnya Rhythm,1813.98,1830.51,Benji Leaf,Boros Discard,1733.35,1716.82,W,2-1
4014387,5,Paul Gabat,Golgari Kona,1548.16,1537.22,Ben Tudman,Azorius Tempo,1957.36,1968.29,L,1-2
4014348,5,Horiuchi Makoto,Izzet Prowess,1989.09,,Andrew Cuneo,Mono-Green Landfall,1869.87,1890.03,L,0-2
4014230,5,Mateo Ferreira,Selesnya Landfall,2023.96,2040.89,Jacob Mitchell-Rabaey,Izzet Prowess,1965.49,1948.56,W,2-0
4014362,5,Neil Estrada,Mono-Green Landfall,2027.32,2041.83,Ryan Normandin,Mono-Green Landfall,1833.51,1819.0,W,2-0
4014257,5,Muhan Yu,Izzet Prowess,2060.09,2072.4,Vincent Choy,Azorius Tempo,1736.84,1724.53,W,2-0
4014270,5,Christian Baker,Izzet Prowess,1870.4,1886.96,Chang Zheng,Izzet Prowess,1791.08,1774.53,W,2-0
4014305,5,Sebastian Torrico,Izzet Spellementals,1866.32,,Etai Kurtzman,Izzet Prowess,2016.94,1996.21,W,2-1
4014232,5,David Inglis,Mono-Green Landfall,2082.62,,Yang Chen,Izzet Prowess,2016.04,1999.25,W,2-0
4014285,5,Marco Del Pivo,Mono-Green Landfall,2021.4,,Suorsa Miitri,Izzet Lessons,1687.2,1675.07,W,2-0
4014335,5,Kazuya Takuwa,Simic Omniscience,1732.19,1715.36,Dylan Pratt,Izzet Lessons,1796.08,1812.92,L,1-2
4014339,5,Albert Cordobés,Jeskai Control,1939.87,,Jon Beitler,Mono-Green Landfall,1685.05,1707.6,L,1-2
4014346,5,Aaron Angeles,Golgari Control,1507.5,,Brendan Hsu,Golgari Midrange,1790.6,1803.57,L,1-2
4014294,5,Eleanor Dubreuil,Izzet Maestro,1735.18,1718.98,Ian Robb,Izzet Lessons,1834.25,1850.45,L,0-2
4014231,5,Rui Zhang,Izzet Lessons,2058.63,,Nam Dang,Izzet Prowess,2056.91,2038.95,W,2-0
4014388,5,Jay van der Heiden,Izzet Prowess,1544.64,,Mike Boulinguiez,Izzet Spellementals,1658.26,1674.2,L,1-2
4014291,5,Jonny Guttman,Mono-Green Landfall,1966.5,1947.86,Timo Bertram,Izzet Spellementals,1930.98,,L,0-2
4014239,5,Lukas Schwendinger,Mono-Red Aggro,1856.74,1840.5,Jack Potter,Mono-Green Landfall,1953.67,1969.91,L,1-2
4014247,5,Alex Rohan,Jeskai Control,2107.15,2118.03,Nicolás Morales Macaya,Mono-Green Landfall,1694.7,,W,2-0
4014298,5,Curtis Lam,Golgari Midrange,1831.48,1813.13,Alvaro Fernandez Torres,Izzet Prowess,1812.01,,L,1-2
4014304,5,Thirawat Chaovarindr,Izzet Prowess,1930.07,1947.93,Atsuki Kihara,Sultai Control,1922.64,1904.77,W,2-0
4014361,5,Shuhei Nakamura,Sultai Control,1989.29,2002.91,Onoda Kenji,Izzet Lessons,1744.18,,W,2-1
4014278,5,Luis Gobern,Dimir Excruciator,1948.65,1930.44,Vasilios Morikis,Izzet Prowess,1937.64,1955.84,L,0-2
4014261,5,Mae French,Izzet Lessons,2038.44,2017.3,Jason Reid,Golgari Midrange,1864.45,1885.59,L,1-2
4014343,5,Arrick Chaulk,Izzet Prowess,1729.59,1712.68,Atsuya Okuno,Mono-Green Landfall,1789.7,1806.6,L,0-2
4014256,5,Will Krueger,Izzet Prowess,2086.93,2101.1,Mark Tubola,Mono-Green Landfall,1873.55,1859.38,W,2-0
4014289,5,Edgar Magalhaes,Izzet Prowess,1950.29,1933.52,Chris Kral,Mardu Discard,2018.07,2034.83,L,1-2
4014365,5,Nico Ferrigno,Izzet Prowess,1864.61,1841.61,Pier Paolo Moro,Izzet Lessons,1582.69,1605.7,L,0-2
4014350,5,Claire Tian,Izzet Prowess,1683.67,1667.63,Yuya Tase,Azorius Momo,1791.51,1807.55,L,1-2
4014258,5,Yi Yang,Izzet Prowess,1984.36,1965.7,Nicholas Talbot,Mono-Green Landfall,1948.11,1966.77,L,1-2
4014354,5,Steve Gan,Izzet Spellementals,1958.95,1977.36,Marc Peral,Mono-Green Landfall,1981.04,1962.63,W,2-0
4014352,5,Spencer Mazur,Mono-Green Landfall,1879.64,1865.05,Paul Green,Mono-Green Landfall,2068.53,2083.12,L,1-2
4014310,5,Jude Hopkins,Izzet Lessons,1727.67,1715.78,Derrick Davis,Jeskai Control,2076.55,2088.44,L,1-2
4014272,5,Robin Courtiat,Izzet Prowess,1844.48,1863.25,Atsushi Nakashima,Izzet Prowess,1886.98,1868.21,W,2-1
4014235,5,Toru Inoue,Izzet Spellementals,1963.22,1982.88,Mike Sigrist,Izzet Prowess,2054.44,2034.78,W,2-0
4014284,5,Yiren Jiang,Izzet Spellementals,2012.24,1995.27,Ryan Condon,Izzet Spellementals,2068.83,2085.8,L,1-2
4014386,5,Guillaume Petri,Izzet Prowess,1820.81,1805.57,Daniel Weiser,Izzet Lessons,1973.05,,L,1-2
4014331,5,Ma Noah,Selesnya Ouroboroid,2004.68,,Amy James,Izzet Lessons,1835.46,1820.52,W,2-1
4014287,5,Ethan Hollen,Izzet Prowess,1722.3,1741.06,Clément Harvey,Mono-Green Landfall,1764.09,,W,2-1
4014353,5,Willy Edel,Four-Color Elementals,1912.81,1931.47,Gabriel Nicholas,Izzet Prowess,1949.18,1930.52,W,2-1
4014359,5,Evan Higgins,Izzet Spellementals,1787.86,,Yuta Hori,Izzet Prowess,1685.81,1669.67,W,2-0
4014347,5,Philip Silberman,Mono-Green Landfall,1965.28,1941.76,Pietro Maria Oltolina,Izzet Prowess,1652.55,1676.08,L,1-2
4014277,5,Yang He,Four-Color Control,1877.44,1858.88,Antonin Branis,Izzet Lessons,1847.19,1865.74,L,0-2
4014286,5,Winston Chamora,Izzet Prowess,2031.45,2012.86,Abe Schnake,Izzet Prowess,1999.42,2018.01,L,1-2
4014332,5,Xinrong Chen,Izzet Prowess,1822.11,1839.14,Jeff Jao,Simic Omniscience,1769.03,1752.0,W,2-1
4014324,5,Shawn Doherty,Izzet Maestro,1804.95,1792.26,Daniel Goetschel,Izzet Lessons,2104.81,2117.5,L,1-2
4014281,5,Maciej Jezyna,Mono-Green Landfall,1767.38,1787.8,Wappa Hamada,Mono-Green Landfall,1900.32,1879.91,W,2-1
4014337,5,Mitchell Tamblyn,Golgari Midrange,2077.08,2056.06,Anthony Cuello,Izzet Prowess,1910.03,1931.05,L,0-2
4014373,5,Mikey Bishara,Izzet Prowess,1911.41,1927.16,Ryouta Mishina,Izzet Prowess,1787.5,1771.75,W,2-1
4014382,5,Takuya Hasegawa,Izzet Prowess,1820.82,1808.92,Ken Yukuhiro,Sultai Control,2168.68,2180.59,L,1-2
4014367,5,Julian Riedener,Mono-Green Landfall,1759.4,1777.83,Jason Qiu,Izzet Maestro,1783.11,1764.68,W,2-0
4014333,5,Simon Nielsen,Mono-Green Landfall,2166.34,,Rafael Marin,Izzet Lessons,1701.35,1727.26,L,0-2
4014267,5,Masakuni Hamaguchi,Mono-Green Landfall,1950.57,1966.66,Kenneth Oswald,Golgari Midrange,1845.42,1829.33,W,2-1
4014317,5,Koki Hara,Bant Rhythm,1924.71,1939.77,Coby Schnepf,Selesnya Rhythm,1762.0,1746.94,W,2-1
4014323,5,Nicolas Cosgrove,Temur Lute,1762.47,1749.81,Andrew Kidston,Selesnya Rhythm,2064.0,2076.66,L,1-2
4014292,5,Jack Young,Izzet Prowess,1799.27,1788.84,Francisco Sánchez,Izzet Prowess,2241.46,,L,1-2
4014356,5,Gabriel Bostic,Four-Color Control,1825.0,1811.15,Lorenzo Terlizzi,Simic Omniscience,2056.77,2070.61,L,1-2
4014296,5,Alejandro Mora Romero,Selesnya Landfall,1882.67,,Robert Wagner-Krankel,Izzet Prowess,1766.7,1750.81,W,2-1
4014279,5,Edgar Rangel,Dimir Excruciator,1849.03,,Guglielmo Lupi,Mono-Green Landfall,2128.61,2141.64,L,1-2
4014262,5,Reid Duke,Izzet Prowess,2203.15,2179.15,Shi Tian Lee,Simic Omniscience,1861.43,1885.43,L,0-2
4014238,5,Timothée Blondiaux,Mono-Green Landfall,1925.16,,Gavin Meagher,Mardu Discard,2008.78,2025.26,L,0-2
4014379,5,Bryan Rockenbach,Mono-Green Landfall,2001.18,2016.87,Albert Queralt Garriga,Izzet Prowess,1874.31,,W,2-1
4014299,5,Guillermo Loli,Rakdos Discard,1957.96,1939.51,Gabriel Joglar,Mono-Green Landfall,1933.23,1951.68,L,1-2
4014340,5,Jody Keith,Bant Omniscience,2059.67,2042.75,Samuel Chang,Izzet Prowess,2119.09,2136.01,L,0-2
4014234,5,Thierry Ramboa,Izzet Prowess,2069.62,2090.86,Luis Salvatto,Selesnya Landfall,2249.07,2227.83,W,2-0
4014254,5,Prez Kuhnke,Izzet Lessons,1851.57,1831.88,Tyson Roylance,Dimir Excruciator,1758.77,1778.46,L,1-2
4014374,5,Karl Sarap,Mono-Green Landfall,1987.41,2006.09,Shaun Henry,Mono-Green Landfall,2024.46,2005.78,W,2-0
4014330,5,Quinn Tonole,Mono-Red Aggro,1973.95,1988.72,Kevin Kong,Izzet Lessons,1794.64,1779.88,W,2-0
4014265,5,Haven Gilbert-Avila,Izzet Spellementals,1949.25,1935.33,Alexey Paulot,Jeskai Control,2176.54,2190.47,L,0-2
4014269,5,Matthew Stefansson,Mono-Green Landfall,1721.11,,Gregorio Galeotti,Izzet Spellementals,1715.09,1697.2,W,2-1
4014325,5,Nicholas Odenheimer,Izzet Prowess,1981.64,1998.5,Sam Bogue,Selesnya Landfall,1918.66,1901.81,W,2-0
4014308,5,Oliver Coffey,Izzet Prowess,1817.89,1839.38,Avi Lessure,Azorius Momo,2011.64,1990.15,W,2-1
4014341,5,Seth Manfield,Izzet Prowess,2135.48,2113.26,Josep Sanfeliu,Selesnya Landfall,1899.49,1921.71,L,1-2
4014375,5,Rick Hup Beng Lee,Dimir Excruciator,1883.07,1902.79,Marco Belacca,Jeskai Control,1977.51,1957.79,W,2-1
4014293,5,James Dimitrov,Izzet Prowess,1996.17,1977.24,Yimin Zhi,Izzet Prowess,1945.06,1963.99,L,0-2
4014328,5,Masashiro Kuroda,Izzet Spellementals,1951.08,1968.38,Jake Beardsley,Izzet Prowess,1912.42,1895.12,W,2-0
4014264,5,Liam Kane,Izzet Prowess,1925.07,,Alexander Kans,Mono-Green Landfall,2002.78,1983.37,W,2-0
4014246,5,Matt Nass,Selesnya Ouroboroid,1989.91,2007.77,Yuuki Ichikawa,Izzet Spellementals,1982.08,1964.22,W,2-1
4014301,5,Arch Dota,Azorius Tempo,2103.6,2081.11,Brandon Kohrs,Four-Color Control,1852.22,1874.71,L,0-2
4014334,5,Luis Venegas,Izzet Prowess,1712.97,1696.89,Gaétan Verdierre,Mono-Green Landfall,1818.7,,L,1-2
4014243,5,Jack Yudt,Izzet Lessons,1831.7,1817.29,Victor Santos Esquici,Dimir Excruciator,2030.92,,L,1-2
4014320,5,Isabel Castillo,Izzet Spellementals,1617.93,,Phillip Li,Izzet Prowess,2038.79,2013.54,W,2-0
4014311,5,Xiangjun Dai,Izzet Prowess,1799.17,1817.28,January Adams,Izzet Spellementals,1804.75,1786.65,W,2-0
4014378,5,Marcelo Cavalcante,Izzet Lessons,1966.98,,Charles Eliatamby,Mono-Green Landfall,1923.26,1942.06,L,0-2
4014380,5,Allen Norman,Mono-Green Landfall,1783.03,1762.4,Carlos Martinez,Dimir Midrange,1638.06,,L,0-2
4014295,5,Valentin Orru,Izzet Prowess,1663.53,1651.27,Jonathan Melamed,Mono-Green Landfall,1989.03,2001.3,L,0-2
4014316,5,Nick Deriu,Four-Color Control,1923.08,1901.88,Edgar Baumler,Izzet Prowess,1745.62,1766.83,L,0-2
4014306,5,Sebastian Thaler,Izzet Prowess,2084.3,2058.07,Javier Ramos,Izzet Prowess,1596.96,1623.2,L,1-2
4014288,5,Nathan Kirner,Mono-Green Landfall,1849.54,1837.88,Arne Huschenbeth,Mono-Green Landfall,2212.71,2224.36,L,0-2
4014282,5,Brennan Roy,Izzet Prowess,1942.97,1927.18,Corey Burkhart,Azorius Momo,2064.84,2080.62,L,0-2
4014271,5,John Wager,Azorius Tempo,1977.18,1994.01,Yuya Hosokawa,Izzet Lessons,1913.08,1896.25,W,2-0
4014345,5,Toni Portolan,Izzet Maestro,2246.35,2260.41,Justin Schabel,Izzet Lessons,2026.86,2012.8,W,2-0
4014266,5,William Araujo,Izzet Prowess,2076.33,,Jean-Emmanuel Depraz,Izzet Prowess,2135.6,2152.52,L,0-2
4014307,5,Elliot Fortier,Izzet Prowess,1850.75,1836.17,Matthew Wright,Azorius Momo,2040.32,2054.91,L,1-2
4014369,5,Ivan Saenz,Mono-Green Landfall,1734.94,1756.53,Alex Friedrichsen,Mono-Green Landfall,1934.04,1912.46,W,2-0
4014371,5,Max Rappaport,Izzet Prowess,1896.47,1913.47,Truong Hai Nguyen,Izzet Maestro,1841.35,1824.35,W,2-0
4014283,5,Sergio Garcia,Selesnya Landfall,1992.65,,Neilson Zhang,Izzet Prowess,1769.67,1791.67,L,1-2
4014249,5,Matyáš Kalužný,Izzet Spellementals,1867.51,,Christian Calcano,Jeskai Control,1991.95,1971.7,W,2-1
4014274,5,Richard Nealston,Mono-Green Landfall,1791.67,1778.64,Joshua Willis,Izzet Prowess,2071.19,2084.23,L,0-2
4014383,5,Junichi Adachi,Izzet Spellementals,1539.66,1558.77,Sophi Seley,Izzet Maestro,1600.56,1581.45,W,2-1
4014327,5,Julius Fan,Izzet Spellementals,1996.59,1976.72,Patricio Roman,Mardu Discard,1893.84,1913.71,L,1-2
4014315,5,Maxx Kominowski,Izzet Spellementals,2106.5,2124.23,Masataka Hori,Izzet Prowess,2091.3,2073.58,W,2-1
4014318,5,Cyprien Tron,Bant Airbending,2067.75,2049.69,Evan Sonnenberg-Rhim,Mono-Green Landfall,2064.69,2082.74,L,1-2
4014273,5,Samuel Pardee,Izzet Prowess,2195.16,2176.51,Andy Garcia-Romo,Mono-Green Landfall,2159.22,2177.88,L,1-2
4014260,5,Adam Brace,Izzet Lessons,2080.22,2062.14,Masahide Moriyama,Izzet Spellementals,2075.56,2093.64,L,1-2
4014377,5,Zach Flynn,Izzet Prowess,1827.9,,Isael Feitosa,Izzet Lessons,1872.76,1853.94,W,2-0
4014355,5,Huaxing Bai,Mono-Green Landfall,1988.01,1999.74,Cherukad Sajan,Izzet Prowess,1629.54,1617.81,W,2-0
4014245,5,Eli Kassis,Izzet Spellementals,2204.31,2184.05,Charis Kikidis,Mono-Green Landfall,2079.64,,L,0-2
4014229,5,George Berrett,Azorius Momo,1815.11,1834.24,Anthony Lee,Izzet Prowess,1877.27,1858.14,W,2-0
4014389,5,Joao Quege,Boros Dragons,1741.81,1758.44,Manato Hosomi,Izzet Prowess,1666.3,1649.67,W,2-1
4014360,5,David Kerrigan,Simic Rhythm,1636.51,1623.78,Tristan Wylde-LaRue,Mono-Green Landfall,1933.76,1946.5,L,1-2
4014357,5,Matt Sperling,Izzet Prowess,2089.29,2101.42,Terry Edwards,Azorius Momo,1755.7,1743.57,W,2-1
4014370,5,"Hei Wo, Johnathan Ng",Mono-Green Landfall,1627.91,,Eli Swafford,Mono-Green Landfall,1965.3,1977.37,L,0-2
4014364,5,Aylin Davis,Azorius Momo,1811.3,1796.1,Victor Hawkins,Selesnya Landfall,1965.78,1980.98,L,0-2
4014244,5,Gavin Perry,Azorius Momo,2002.07,2014.13,David Åstrand,Mono-Green Landfall,1664.25,,W,2-1
4014336,5,Ryan Mullens,Izzet Prowess,2076.56,2088.96,Michael NK Young,Izzet Maestro,1759.38,,W,2-0
4014303,5,Allen Wu,Izzet Prowess,2088.04,2064.01,Austin Walker,Azorius Tempo,1744.4,,L,1-2
4014381,5,Gavin Teo,Temur Lessons,1576.8,1563.36,Ben Zoz,Izzet Spellementals,1831.94,1845.39,L,0-2
4014312,5,Piotr Szyiński,Izzet Prowess,1929.48,,Yuxuan Zhang,Izzet Prowess,1722.15,1743.88,L,0-2
4014322,5,Ben Jones,Jeskai Control,2087.15,,Elad Stettner,Golgari Midrange,1633.58,1623.32,W,2-1
4014326,5,Lucas Duchow,Izzet Prowess,1880.93,1866.21,Zevin Faust,Azorius Tempo,2062.86,2077.57,L,1-2
4014255,5,Kazutaka Oya,Izzet Prowess,1995.93,2011.76,Matthew Oomkes,Four-Color Elementals,1876.37,1860.54,W,2-1
4014313,5,Eduardo Sajgalik,Simic Omniscience,2141.24,2151.47,Jorge Lopez,Mono-Green Landfall,1685.63,,W,2-1
4014233,5,Collins Mullen,Mono-Green Landfall,2087.37,2105.95,Stefan Schütz,Mono-Green Landfall,2119.08,,W,2-0
4014253,5,Bernardo Torres,Izzet Spellementals,1956.85,1944.07,Christoffer Larsen,Selesnya Landfall,2251.19,2263.97,L,0-2
4014329,5,Mattia Rizzi,Izzet Prowess,2011.07,2027.82,Pierre Smith,Izzet Prowess,1942.41,1925.66,W,2-0
4014302,5,Evan Vetter,Azorius Momo,1973.15,1957.02,Oliver Tomajko,Selesnya Landfall,2076.26,2092.39,L,1-2
4014358,5,Bassel Nasri,Izzet Spellementals,1942.93,1955.35,Adam Kinnaird,Azorius Momo,1626.63,1614.21,W,2-1
4014276,5,Marco Cammilluzzi,Four-Color Elementals,2076.5,2059.08,Kellen Pastore,Mono-Green Landfall,2108.32,2125.74,L,0-2
4014376,5,David Rood,Izzet Prowess,1984.22,1963.49,Rodrigo Pinheiro,Azorius Tempo,1833.84,1854.56,L,1-2
4014275,5,Benjamin Stark,Mono-Green Landfall,1987.58,,Nathan Hu,Jeskai Control,1726.5,1749.15,L,1-2
4014240,5,Alex von Stange,Izzet Prowess,1921.95,,Yoshitaka Yamasaki,Izzet Prowess,1786.84,1771.29,W,2-1
4014321,5,Maxime Rayvich,Mono-Green Landfall,1840.44,1860.79,Percy Fang,Mono-Red Aggro,1969.61,1949.27,W,2-0
4014309,5,Julien Henry,Izzet Prowess,2005.18,1981.95,William Au,Jeskai Control,1709.64,1732.88,L,1-2
4014300,5,Kenith Dsouza,Mono-Green Landfall,1922.41,,Andrew Elenbogen,Azorius Momo,2044.6,2060.38,L,1-2
4014385,5,Mauricio Iriarte,Azorius Tempo,1615.39,,Alan Hubbard,Simic Rhythm,1804.34,1818.93,L,0-2
4014250,5,Mason Buonadonna,Bant Rhythm,2042.28,2021.29,Pedro Flores,Jeskai Control,1876.95,1897.94,L,0-2
4014372,5,Elijah Herr,Dimir Excruciator,1881.93,1861.47,Jeff Lin,Mono-Green Landfall,1746.24,,L,0-2
4014338,5,Aedan Simons-Rudolph,Jeskai Control,1821.56,1802.23,Wentong Zhang,Boros Dragons,1748.32,1767.65,L,0-2
4014237,5,Noé Offman,Izzet Prowess,2025.48,,Toni Martos,Izzet Prowess,2068.0,2049.22,W,2-0
4014297,5,Hiroki Kageyama,Izzet Prowess,1942.83,1927.48,Michael Plummer,Izzet Spellementals,2088.97,,L,0-2
4014363,5,Brian Coval,Azorius Momo,1930.28,1912.55,Marcus Wosner,Mono-Green Landfall,1945.23,1962.96,L,1-2
4014290,5,Akira Shibata,Sultai Control,2059.43,2039.71,Dylan Nollen,Izzet Spellementals,1964.54,1984.27,L,0-2
4014242,5,Ryan Brozovich,Mono-Green Landfall,1974.94,1994.21,Kenta Masukado,Izzet Spellementals,2044.74,2025.47,W,2-1
4014251,5,Aidan Mirabelli,Izzet Prowess,2143.88,2160.43,Charles Wong,Mono-Green Landfall,2064.69,,W,2-1
4014236,5,Michael Byrd,Izzet Prowess,2051.77,,Nathan Steuer,Selesnya Landfall,2043.44,2061.59,L,1-2
4014259,5,Guilherme Merjam,Mono-Green Landfall,2007.9,,Yuchen Liu,Izzet Prowess,2004.99,2023.04,L,0-2
4014366,5,Tyler Steinwand,Four-Color Elementals,1758.46,1740.02,Ryan Gassaway,Izzet Prowess,1734.48,1752.92,L,0-2
4014248,5,Daniel Weiss,Izzet Prowess,1727.03,1751.27,Javier Dominguez,Selesnya Landfall,2084.09,2059.84,W,2-1
4014351,5,Se̍k-un Khó͘,Izzet Prowess,1701.07,,Klarke Trezise,Izzet Lessons,1640.35,1623.46,W,2-0
4014384,5,Pedro Molina,Mono-Green Landfall,1651.09,1638.92,Jake Koenig,Azorius Momo,1982.02,1994.2,L,1-2
4014542,6,Joshua Saruga,Izzet Prowess,1849.66,1833.13,Gabriel Nicholas,Izzet Prowess,1930.52,1947.05,L,0-2
4014395,6,Adrià Martín,Rakdos Discard,2049.9,,Jack Potter,Mono-Green Landfall,1969.91,1989.36,L,0-2
4014459,6,Matheus Crusius,Mono-Green Landfall,1879.15,1894.7,Yuxuan Zhang,Izzet Prowess,1743.88,1728.34,W,2-0
4014400,6,Takeshi Ozawa,Sultai Control,2010.21,1992.31,Kye Nelson,Golgari Midrange,2015.73,2033.62,L,1-2
4014429,6,Aras Senyuz,Temur Omniscience,1852.88,1868.69,Carlo De Gaetano,Izzet Lessons,1732.54,,W,2-0
4014540,6,Shinnosuke Hando,Izzet Prowess,1854.41,1872.49,Yang He,Four-Color Control,1858.88,1840.8,W,2-0
4014404,6,Shota Yasooka,Izzet Prowess,2028.11,2011.42,Charis Kikidis,Mono-Green Landfall,2099.91,,L,0-2
4014486,6,Raul Porojan,Selesnya Rhythm,1830.51,1847.06,Robert Wagner-Krankel,Izzet Prowess,1750.81,1734.26,W,2-0
4014548,6,Paul Gabat,Golgari Kona,1537.22,1524.06,Takuya Hasegawa,Izzet Prowess,1808.92,1822.08,L,0-2
4014541,6,Horiuchi Makoto,Izzet Prowess,1968.93,,Gabriel Bostic,Four-Color Control,1811.15,1796.01,W,2-1
4014392,6,Mateo Ferreira,Selesnya Landfall,2040.89,2022.95,Noé Offman,Izzet Prowess,2044.25,,L,1-2
4014451,6,Adam Edelson,Izzet Prowess,2090.35,2072.1,Andrew Kidston,Selesnya Rhythm,2076.66,2094.91,L,1-2
4014491,6,Neil Estrada,Mono-Green Landfall,2041.83,2019.16,Kevin Kong,Izzet Lessons,1779.88,1802.55,L,0-2
4014415,6,Muhan Yu,Izzet Prowess,2072.4,2057.21,Luis Salvatto,Selesnya Landfall,2227.83,2243.02,L,1-2
4014397,6,Christian Baker,Izzet Prowess,1886.96,1871.22,Kazutaka Oya,Izzet Prowess,2011.76,2027.5,L,0-2
4014432,6,Sebastian Torrico,Izzet Spellementals,1887.04,,Arne Huschenbeth,Mono-Green Landfall,2224.36,2236.44,L,0-2
4014390,6,David Inglis,Mono-Green Landfall,2099.4,,George Berrett,Azorius Momo,1834.24,1856.97,L,0-2
4014516,6,Vincent Choy,Azorius Tempo,1724.53,1706.58,Rafael Marin,Izzet Lessons,1727.26,1745.21,L,0-2
4014445,6,Marco Del Pivo,Mono-Green Landfall,2033.53,,Daniel Goetschel,Izzet Lessons,2117.5,2133.98,L,0-2
4014499,6,Kazuya Takuwa,Simic Omniscience,1715.36,1700.72,Nick Deriu,Four-Color Control,1901.88,1916.51,L,1-2
4014522,6,Albert Cordobés,Jeskai Control,1917.32,,Adam Kinnaird,Azorius Momo,1614.21,1601.58,W,2-0
4014532,6,Aaron Angeles,Golgari Control,1494.53,,Marc Peral,Mono-Green Landfall,1962.63,1972.68,L,1-2
4014505,6,Eleanor Dubreuil,Izzet Maestro,1718.98,1738.22,January Adams,Izzet Spellementals,1786.65,1767.42,W,2-1
4014391,6,Rui Zhang,Izzet Lessons,2076.6,,Collins Mullen,Mono-Green Landfall,2105.95,2087.41,W,2-0
4014507,6,Jonny Guttman,Mono-Green Landfall,1947.86,1963.83,Elliot Fortier,Izzet Prowess,1836.17,1820.2,W,2-0
4014463,6,Lukas Schwendinger,Mono-Red Aggro,1840.5,1823.83,Patricio Roman,Mardu Discard,1913.71,1930.37,L,0-2
4014411,6,Alex Rohan,Jeskai Control,2118.03,2098.71,Victor Santos Esquici,Dimir Excruciator,2045.34,,L,0-2
4014457,6,Devon Straub,Izzet Prowess,2020.91,1996.99,Nicolás Morales Macaya,Mono-Green Landfall,1683.81,,L,0-2
4014510,6,Curtis Lam,Golgari Midrange,1813.13,1796.8,Jaime Gonzalo,Jeskai Control,1904.87,,L,1-2
4014437,6,Thirawat Chaovarindr,Izzet Prowess,1947.93,1965.78,Koki Hara,Bant Rhythm,1939.77,1921.92,W,2-1
4014472,6,Shuhei Nakamura,Sultai Control,2002.91,1983.88,Tristan Wylde-LaRue,Mono-Green Landfall,1946.5,1965.52,L,1-2
4014435,6,Luis Gobern,Dimir Excruciator,1930.44,1915.3,Derrick Davis,Jeskai Control,2088.44,2103.58,L,1-2
4014461,6,Mae French,Izzet Lessons,2017.3,2039.5,Francisco Sánchez,Izzet Prowess,2251.89,,W,2-1
4014539,6,Arrick Chaulk,Izzet Prowess,1712.68,1697.44,Spencer Mazur,Mono-Green Landfall,1865.05,1880.29,L,0-2
4014403,6,Will Krueger,Izzet Prowess,2101.1,2115.44,Pedro Flores,Jeskai Control,1897.94,1883.59,W,2-1
4014514,6,Edgar Magalhaes,Izzet Prowess,1933.52,1950.82,Jake Beardsley,Izzet Prowess,1895.12,1877.82,W,2-1
4014546,6,Nico Ferrigno,Izzet Prowess,1841.61,1829.56,Ken Yukuhiro,Sultai Control,2180.59,2192.64,L,0-2
4014530,6,Claire Tian,Izzet Prowess,1667.63,1691.28,Daniel Weiser,Izzet Lessons,1988.3,,W,2-1
4014456,6,Yi Yang,Izzet Prowess,1965.7,1951.53,Reid Duke,Izzet Prowess,2179.15,2193.32,L,1-2
4014438,6,Steve Gan,Izzet Spellementals,1977.36,1957.33,Antonin Branis,Izzet Lessons,1865.74,1885.77,L,0-2
4014517,6,Atsuki Kihara,Sultai Control,1904.77,1920.09,Ivan Saenz,Mono-Green Landfall,1756.53,1741.21,W,2-1
4014418,6,Jacob Mitchell-Rabaey,Izzet Prowess,1948.56,1930.36,Alex von Stange,Izzet Prowess,1937.5,,L,0-2
4014489,6,Jude Hopkins,Izzet Lessons,1715.78,1702.52,Julien Henry,Izzet Prowess,1981.95,1995.2,L,1-2
4014401,6,Robin Courtiat,Izzet Prowess,1863.25,1883.13,Masakuni Hamaguchi,Mono-Green Landfall,1966.66,1946.78,W,2-0
4014393,6,Toru Inoue,Izzet Spellementals,1982.88,1966.84,Thierry Ramboa,Izzet Prowess,2090.86,2106.9,L,0-2
4014509,6,Yiren Jiang,Izzet Spellementals,1995.27,1981.99,Toni Portolan,Izzet Maestro,2260.41,2273.68,L,1-2
4014469,6,Ethan Hollen,Izzet Prowess,1741.06,1726.71,Bernardo Torres,Izzet Spellementals,1944.07,1958.42,L,1-2
4014466,6,Mark Tubola,Mono-Green Landfall,1859.38,1841.01,Xinrong Chen,Izzet Prowess,1839.14,1857.51,L,1-2
4014518,6,Willy Edel,Four-Color Elementals,1931.47,1944.9,Jorge Lopez,Mono-Green Landfall,1675.4,,W,2-1
4014503,6,Evan Higgins,Izzet Spellementals,1804.0,,Brendan Hsu,Golgari Midrange,1803.57,1785.58,W,2-1
4014544,6,Philip Silberman,Mono-Green Landfall,1941.76,1923.23,Alex Friedrichsen,Mono-Green Landfall,1912.46,1930.99,L,1-2
4014520,6,Winston Chamora,Izzet Prowess,2012.86,2029.95,Marcus Wosner,Mono-Green Landfall,1962.96,1945.87,W,2-1
4014492,6,Shawn Doherty,Izzet Maestro,1792.26,1778.68,Akira Shibata,Sultai Control,2039.71,2053.28,L,1-2
4014487,6,Etai Kurtzman,Izzet Prowess,1996.21,2014.39,Karl Sarap,Mono-Green Landfall,2006.09,1987.91,W,2-0
4014446,6,Maciej Jezyna,Mono-Green Landfall,1787.8,1805.49,Yoshitaka Yamasaki,Izzet Prowess,1771.29,1753.59,W,2-0
4014490,6,Mitchell Tamblyn,Golgari Midrange,2056.06,2074.52,Asha Mills Emmett,Izzet Prowess,2081.64,,W,2-1
4014513,6,Mikey Bishara,Izzet Prowess,1927.16,1910.07,James Dimitrov,Izzet Prowess,1977.24,1994.32,L,0-2
4014408,6,Yang Chen,Izzet Prowess,1999.25,1984.47,Andy Garcia-Romo,Mono-Green Landfall,2177.88,2192.65,L,0-2
4014414,6,Nam Dang,Izzet Prowess,2038.95,2056.13,Ryan Brozovich,Mono-Green Landfall,1994.21,1977.03,W,2-1
4014512,6,Julian Riedener,Mono-Green Landfall,1777.83,1798.93,Percy Fang,Mono-Red Aggro,1949.27,1928.17,W,2-0
4014502,6,Simon Nielsen,Mono-Green Landfall,2140.43,,Charles Eliatamby,Mono-Green Landfall,1942.06,1963.63,L,1-2
4014519,6,Nicolas Cosgrove,Temur Lute,1749.81,1736.32,Valerie Jade,Izzet Maestro,2002.14,2015.63,L,0-2
4014482,6,Jack Young,Izzet Prowess,1788.84,1810.46,Avi Lessure,Azorius Momo,1990.15,1968.52,W,2-1
4014430,6,Ryan Condon,Izzet Spellementals,2085.8,2098.3,Chang Zheng,Izzet Prowess,1774.53,1762.03,W,2-1
4014431,6,Alejandro Mora Romero,Selesnya Landfall,1898.57,,Eduardo Sajgalik,Simic Omniscience,2151.47,2128.95,W,2-1
4014497,6,Edgar Rangel,Dimir Excruciator,1836.0,,Nathan Kirner,Mono-Green Landfall,1837.88,1855.85,L,0-2
4014416,6,Bryan Rockenbach,Mono-Green Landfall,2016.87,2032.53,Matyáš Kalužný,Izzet Spellementals,1887.77,,W,2-0
4014494,6,Guillermo Loli,Rakdos Discard,1939.51,1954.13,Jeff Jao,Simic Omniscience,1752.0,1737.38,W,2-1
4014521,6,Jody Keith,Bant Omniscience,2042.75,2059.31,David Rood,Izzet Prowess,1963.49,1946.94,W,2-1
4014450,6,Prez Kuhnke,Izzet Lessons,1831.88,1819.06,Maxx Kominowski,Izzet Spellementals,2124.23,2137.04,L,1-2
4014442,6,Quinn Tonole,Mono-Red Aggro,1988.72,1970.41,Christian Calcano,Jeskai Control,1971.7,1990.01,L,1-2
4014433,6,Haven Gilbert-Avila,Izzet Spellementals,1935.33,1921.77,Eli Kassis,Izzet Spellementals,2184.05,2197.6,L,0-2
4014426,6,Nicholas Odenheimer,Izzet Prowess,1998.5,1983.71,Samuel Pardee,Izzet Prowess,2176.51,2191.3,L,0-2
4014537,6,Mike Boulinguiez,Izzet Spellementals,1674.2,1691.4,Jonny Stange,Azorius Momo,1630.36,,W,2-0
4014427,6,Oliver Coffey,Izzet Prowess,1839.38,1823.65,Yimin Zhi,Izzet Prowess,1963.99,1979.73,L,0-2
4014526,6,Seth Manfield,Izzet Prowess,2113.26,2128.63,Ben Tudman,Azorius Tempo,1968.29,1952.92,W,2-0
4014488,6,Rick Hup Beng Lee,Dimir Excruciator,1902.79,1920.56,Andrew Cuneo,Mono-Green Landfall,1890.03,1872.27,W,2-1
4014458,6,Masashiro Kuroda,Izzet Spellementals,1968.38,1983.56,Dylan Pratt,Izzet Lessons,1812.92,1797.73,W,2-1
4014419,6,Liam Kane,Izzet Prowess,1944.49,,Gavin Perry,Azorius Momo,2014.13,1994.86,W,2-1
4014417,6,Matt Nass,Selesnya Ouroboroid,2007.77,2021.16,Nathan Hu,Jeskai Control,1749.15,1735.76,W,2-0
4014496,6,Arch Dota,Azorius Tempo,2081.11,2060.23,Josep Sanfeliu,Selesnya Landfall,1921.71,1942.6,L,0-2
4014511,6,Luis Venegas,Izzet Prowess,1696.89,1679.78,Clément Harvey,Mono-Green Landfall,1745.33,,L,0-2
4014473,6,Matt Xu,Golgari Midrange,1910.99,,Valentin Orru,Izzet Prowess,1651.27,1637.9,W,2-0
4014449,6,Guglielmo Lupi,Mono-Green Landfall,2141.64,2152.58,William Au,Jeskai Control,1732.88,1721.94,W,2-1
4014425,6,Jack Yudt,Izzet Lessons,1817.29,1831.79,Javier Ramos,Izzet Prowess,1623.2,1608.69,W,2-0
4014447,6,Isabel Castillo,Izzet Spellementals,1643.17,,Dylan Nollen,Izzet Spellementals,1984.27,1996.28,L,1-2
4014428,6,Xiangjun Dai,Izzet Prowess,1817.28,1803.18,Chris Kral,Mardu Discard,2034.83,2048.93,L,0-2
4014536,6,Marcelo Cavalcante,Izzet Lessons,1948.19,,Ryouta Mishina,Izzet Prowess,1771.75,1756.94,W,2-0
4014476,6,Lorenzo Terlizzi,Simic Omniscience,2070.61,2083.91,Atsuya Okuno,Mono-Green Landfall,1806.6,1793.31,W,2-0
4014523,6,Allen Norman,Mono-Green Landfall,1762.4,1747.96,Matt Costa,Izzet Prowess,1959.81,,L,0-2
4014504,6,Adriano Melo,Izzet Lessons,1803.3,1784.38,Ryan Gassaway,Izzet Prowess,1752.92,1771.84,L,0-2
4014498,6,Sebastian Thaler,Izzet Prowess,2058.07,2038.59,Julius Fan,Izzet Spellementals,1976.72,1996.2,L,0-2
4014481,6,Brennan Roy,Izzet Prowess,1927.18,1943.24,Amy James,Izzet Lessons,1820.52,1804.46,W,2-0
4014398,6,John Wager,Azorius Tempo,1994.01,1973.55,Anthony Lee,Izzet Prowess,1858.14,1878.6,L,1-2
4014538,6,Ryan Normandin,Mono-Green Landfall,1819.0,1835.39,Onoda Kenji,Izzet Lessons,1730.57,,W,2-1
4014465,6,William Araujo,Izzet Prowess,2059.41,,Zevin Faust,Azorius Tempo,2077.57,2095.24,L,0-2
4014543,6,Jason Qiu,Izzet Maestro,1764.68,1780.13,David Kerrigan,Simic Rhythm,1623.78,1608.33,W,2-0
4014405,6,Mike Sigrist,Izzet Prowess,2034.78,2014.07,Shi Tian Lee,Simic Omniscience,1885.43,1906.13,L,1-2
4014406,6,Alexey Paulot,Jeskai Control,2190.47,2171.29,Kellen Pastore,Mono-Green Landfall,2125.74,2144.92,L,1-2
4014545,6,Marco Belacca,Jeskai Control,1957.79,1972.23,Nick Osterude,Izzet Prowess,1759.91,,W,2-1
4014515,6,Max Rappaport,Izzet Prowess,1913.47,1897.04,Huaxing Bai,Mono-Green Landfall,1999.74,2016.17,L,1-2
4014464,6,Richard Nealston,Mono-Green Landfall,1778.64,1760.44,Wentong Zhang,Boros Dragons,1767.65,1785.85,L,1-2
4014534,6,Junichi Adachi,Izzet Spellementals,1558.77,1582.97,Brian Coval,Azorius Momo,1912.55,1888.36,W,2-0
4014470,6,Ian Robb,Izzet Lessons,1850.45,1865.0,Carlos Martinez,Dimir Midrange,1658.69,,W,2-0
4014500,6,Cyprien Tron,Bant Airbending,2049.69,2064.18,Rodrigo Pinheiro,Azorius Tempo,1854.56,1840.07,W,2-1
4014440,6,Adam Brace,Izzet Lessons,2062.14,2044.01,Matthew Wright,Azorius Momo,2054.91,2073.04,L,0-2
4014477,6,Zach Flynn,Izzet Prowess,1846.71,,Victor Hawkins,Selesnya Landfall,1980.98,1960.55,W,2-0
4014399,6,Jean-Emmanuel Depraz,Izzet Prowess,2152.52,2169.45,Masahide Moriyama,Izzet Spellementals,2093.64,2076.72,W,2-1
4014468,6,Atsushi Nakashima,Izzet Prowess,1868.21,1851.97,Benjamin Stark,Mono-Green Landfall,1964.93,,L,1-2
4014529,6,Joao Quege,Boros Dragons,1758.44,1774.82,Yuta Hori,Izzet Prowess,1669.67,1653.28,W,2-1
4014474,6,Suorsa Miitri,Izzet Lessons,1675.07,1694.38,Michael NK Young,Izzet Maestro,1746.98,,W,2-0
4014394,6,Gavin Meagher,Mardu Discard,2025.26,2007.92,Nathan Steuer,Selesnya Landfall,2061.59,2078.93,L,1-2
4014485,6,Matt Sperling,Izzet Prowess,2101.42,2082.74,Allen Wu,Izzet Prowess,2064.01,2082.7,L,0-2
4014479,6,Coby Schnepf,Selesnya Rhythm,1746.94,1727.65,Pietro Maria Oltolina,Izzet Prowess,1676.08,1695.37,L,1-2
4014535,6,"Hei Wo, Johnathan Ng",Mono-Green Landfall,1615.83,,Terry Edwards,Azorius Momo,1743.57,1723.25,W,2-1
4014527,6,Aylin Davis,Azorius Momo,1796.1,1815.29,Elijah Herr,Dimir Excruciator,1861.47,1842.28,W,2-1
4014421,6,Ryan Mullens,Izzet Prowess,2088.96,2070.18,Davor Detecnik,Izzet Prowess,2045.75,2064.54,L,0-2
4014424,6,Yuuki Ichikawa,Izzet Spellementals,1964.22,1983.96,Javier Dominguez,Selesnya Landfall,2059.84,2040.11,W,2-1
4014439,6,Evan Sonnenberg-Rhim,Mono-Green Landfall,2082.74,2060.22,Kenneth Oswald,Golgari Midrange,1829.33,1851.85,L,1-2
4014533,6,Benji Leaf,Boros Discard,1716.82,1699.24,Tyler Steinwand,Four-Color Elementals,1740.02,1757.6,L,1-2
4014508,6,Piotr Szyiński,Izzet Prowess,1907.75,,Bassel Nasri,Izzet Spellementals,1955.35,1972.48,L,1-2
4014484,6,Wappa Hamada,Mono-Green Landfall,1879.91,1862.4,Kenith Dsouza,Mono-Green Landfall,1906.62,,L,0-2
4014443,6,Edgar Baumler,Izzet Prowess,1766.83,1751.18,Yuya Hosokawa,Izzet Lessons,1896.25,1911.9,L,1-2
4014531,6,Isael Feitosa,Izzet Lessons,1853.94,1871.78,Ben Zoz,Izzet Spellementals,1845.39,1827.55,W,2-1
4014495,6,Phillip Li,Izzet Prowess,2013.54,1996.81,Paul Green,Mono-Green Landfall,2083.12,2099.85,L,1-2
4014444,6,Jonathan Melamed,Mono-Green Landfall,2001.3,1984.96,Oliver Tomajko,Selesnya Landfall,2092.39,2108.73,L,1-2
4014478,6,Masataka Hori,Izzet Prowess,2073.58,2088.93,Hiroki Kageyama,Izzet Prowess,1927.48,1912.12,W,2-0
4014475,6,Lucas Duchow,Izzet Prowess,1866.21,1843.56,Pier Paolo Moro,Izzet Lessons,1605.7,1628.34,L,1-2
4014423,6,Gregorio Galeotti,Izzet Spellementals,1697.2,1717.11,Aedan Simons-Rudolph,Jeskai Control,1802.23,1782.32,W,2-1
4014407,6,Vasilios Morikis,Izzet Prowess,1955.84,1939.26,Michael Byrd,Izzet Prowess,2033.62,,L,0-2
4014501,6,Yuya Tase,Azorius Momo,1807.55,1824.81,Jeff Lin,Mono-Green Landfall,1766.7,,W,2-1
4014471,6,Jon Beitler,Mono-Green Landfall,1707.6,1732.96,Samuel Chang,Izzet Prowess,2136.01,2110.65,W,2-1
4014462,6,Matthew Oomkes,Four-Color Elementals,1860.54,1881.45,Mason Buonadonna,Bant Rhythm,2021.29,2000.38,W,2-0
4014460,6,Abe Schnake,Izzet Prowess,2018.01,2036.76,Marco Cammilluzzi,Four-Color Elementals,2059.08,2040.33,W,2-1
4014452,6,Mattia Rizzi,Izzet Prowess,2027.82,2046.78,Corey Burkhart,Azorius Momo,2080.62,2061.66,W,2-0
4014483,6,Evan Vetter,Azorius Momo,1957.02,1969.15,Elad Stettner,Golgari Midrange,1623.32,1611.19,W,2-0
4014453,6,Gabriel Joglar,Mono-Green Landfall,1951.68,1935.66,Andrew Elenbogen,Azorius Momo,2060.38,2076.41,L,1-2
4014434,6,Maxime Rayvich,Mono-Green Landfall,1860.79,1878.23,Alvaro Fernandez Torres,Izzet Prowess,1830.36,,W,2-1
4014413,6,Stefan Schütz,Mono-Green Landfall,2100.5,,Aidan Mirabelli,Izzet Prowess,2160.43,2141.34,W,2-1
4014506,6,Eli Swafford,Mono-Green Landfall,1977.37,1990.74,Se̍k-un Khó͘,Izzet Prowess,1717.96,,W,2-1
4014547,6,Sophi Seley,Izzet Maestro,1581.45,1599.81,Mauricio Iriarte,Azorius Tempo,1600.79,,W,2-1
4014441,6,Brandon Kohrs,Four-Color Control,1874.71,1858.8,Guilherme Merjam,Mono-Green Landfall,1989.84,,L,0-2
4014455,6,Alexander Kans,Mono-Green Landfall,1983.37,1963.1,Albert Queralt Garriga,Izzet Prowess,1858.62,,L,1-2
4014396,6,Joshua Willis,Izzet Prowess,2084.23,2065.11,Yuchen Liu,Izzet Prowess,2023.04,2042.16,L,0-2
4014436,6,Timo Bertram,Izzet Spellementals,1949.63,,Neilson Zhang,Izzet Prowess,1791.67,1812.52,L,1-2
4014467,6,Gaétan Verdierre,Mono-Green Landfall,1834.78,,Kenta Masukado,Izzet Spellementals,2025.47,2004.03,W,2-0
4014528,6,Truong Hai Nguyen,Izzet Maestro,1824.35,1809.42,Jake Koenig,Azorius Momo,1994.2,2009.13,L,1-2
4014409,6,Nicholas Talbot,Mono-Green Landfall,1966.77,1944.9,Daniel Weiss,Izzet Prowess,1751.27,1773.14,L,0-2
4014402,6,Jason Reid,Golgari Midrange,1885.59,1874.18,Christoffer Larsen,Selesnya Landfall,2263.97,2275.39,L,1-2
4014525,6,Cherukad Sajan,Izzet Prowess,1617.81,1642.66,Justin Schabel,Izzet Lessons,2012.8,1987.96,W,2-1
4014524,6,Alan Hubbard,Simic Rhythm,1818.93,1833.41,Klarke Trezise,Izzet Lessons,1623.46,1608.98,W,2-0
4014480,6,Sam Bogue,Selesnya Landfall,1901.81,1884.25,Pierre Smith,Izzet Prowess,1925.66,1943.23,L,1-2
4014412,6,Tyson Roylance,Dimir Excruciator,1778.46,1765.28,Toni Martos,Izzet Prowess,2049.22,2062.4,L,1-2
4014448,6,Michael Plummer,Izzet Spellementals,2104.32,,Anthony Cuello,Izzet Prowess,1931.05,1916.18,W,2-0
4014573,7,Adrià Martín,Rakdos Discard,2030.44,,Yimin Zhi,Izzet Prowess,1979.73,1962.65,W,2-1
4014582,7,Matheus Crusius,Mono-Green Landfall,1894.7,1878.43,Christian Calcano,Jeskai Control,1990.01,2006.27,L,0-2
4014574,7,Takeshi Ozawa,Sultai Control,1992.31,1977.92,Reid Duke,Izzet Prowess,2193.32,2207.7,L,1-2
4014568,7,Aras Senyuz,Temur Omniscience,1868.69,1852.73,Benjamin Stark,Mono-Green Landfall,1981.17,,L,1-2
4014664,7,Shinnosuke Hando,Izzet Prowess,1872.49,1890.77,Tom White,Izzet Maestro,1887.76,,W,2-0
4014602,7,Shota Yasooka,Izzet Prowess,2011.42,2029.12,Gavin Perry,Azorius Momo,1994.86,1977.16,W,2-1
4014651,7,Raul Porojan,Selesnya Rhythm,1847.06,1867.16,Alexander Kans,Mono-Green Landfall,1963.1,1943.0,W,2-1
4014688,7,Horiuchi Makoto,Izzet Prowess,1984.08,,Tyler Steinwand,Four-Color Elementals,1757.6,1743.66,W,2-0
4014554,7,Mateo Ferreira,Selesnya Landfall,2022.95,2002.34,Anthony Lee,Izzet Prowess,1878.6,1899.22,L,0-2
4014619,7,Adam Edelson,Izzet Prowess,2072.1,2087.42,Matt Xu,Golgari Midrange,1924.36,,W,2-1
4014660,7,Neil Estrada,Mono-Green Landfall,2019.16,2004.29,Ken Yukuhiro,Sultai Control,2192.64,2207.5,L,1-2
4014596,7,Muhan Yu,Izzet Prowess,2057.21,2038.27,Guilherme Merjam,Mono-Green Landfall,2005.75,,L,1-2
4014598,7,Christian Baker,Izzet Prowess,1871.22,1857.48,Oliver Tomajko,Selesnya Landfall,2108.73,2122.48,L,1-2
4014556,7,David Inglis,Mono-Green Landfall,2076.68,,Kazutaka Oya,Izzet Prowess,2027.5,2046.39,L,0-2
4014609,7,Vincent Choy,Azorius Tempo,1706.58,1688.77,Carlo De Gaetano,Izzet Lessons,1716.73,,L,1-2
4014667,7,Kazuya Takuwa,Simic Omniscience,1700.72,1720.47,Curtis Lam,Golgari Midrange,1796.8,1777.05,W,2-1
4014655,7,Albert Cordobés,Jeskai Control,1929.96,,Samuel Chang,Izzet Prowess,2110.65,2089.39,W,2-0
4014701,7,Aaron Angeles,Golgari Control,1484.48,,Yuta Hori,Izzet Prowess,1653.28,1668.23,L,0-2
4014623,7,Eleanor Dubreuil,Izzet Maestro,1738.22,1756.04,Yuxuan Zhang,Izzet Prowess,1728.34,1710.52,W,2-1
4014550,7,Rui Zhang,Izzet Lessons,2095.13,,Thierry Ramboa,Izzet Prowess,2106.9,2088.68,W,2-0
4014653,7,Jonny Guttman,Mono-Green Landfall,1963.83,1946.77,Valerie Jade,Izzet Maestro,2015.63,2032.69,L,0-2
4014617,7,Lukas Schwendinger,Mono-Red Aggro,1823.83,1845.95,Akira Shibata,Sultai Control,2053.28,2031.17,W,2-1
4014584,7,Alex Rohan,Jeskai Control,2098.71,2114.62,Yuuki Ichikawa,Izzet Spellementals,1983.96,1968.05,W,2-1
4014649,7,Devon Straub,Izzet Prowess,1996.99,1978.16,Yi Yang,Izzet Prowess,1951.53,1970.36,L,0-2
4014569,7,Thirawat Chaovarindr,Izzet Prowess,1965.78,1943.18,Nicolás Morales Macaya,Mono-Green Landfall,1707.74,,L,1-2
4014674,7,Shuhei Nakamura,Sultai Control,1983.88,1998.12,Joao Quege,Boros Dragons,1774.82,1760.58,W,2-0
4014632,7,Luis Gobern,Dimir Excruciator,1915.3,1900.63,Paul Green,Mono-Green Landfall,2099.85,2114.52,L,1-2
4014570,7,Mae French,Izzet Lessons,2039.5,2021.63,Mattia Rizzi,Izzet Prowess,2046.78,2064.65,L,0-2
4014564,7,Will Krueger,Izzet Prowess,2115.44,2133.98,Kellen Pastore,Mono-Green Landfall,2144.92,2126.38,W,2-1
4014635,7,Edgar Magalhaes,Izzet Prowess,1950.82,1963.14,Pier Paolo Moro,Izzet Lessons,1628.34,1616.03,W,2-1
4014687,7,Claire Tian,Izzet Prowess,1691.28,1714.69,Phillip Li,Izzet Prowess,1996.81,1973.41,W,2-1
4014671,7,Steve Gan,Izzet Spellementals,1957.33,1976.27,Jake Koenig,Azorius Momo,2009.13,1990.19,W,2-1
4014659,7,Spencer Mazur,Mono-Green Landfall,1880.29,1862.14,Andrew Cuneo,Mono-Green Landfall,1872.27,1890.41,L,1-2
4014637,7,Atsuki Kihara,Sultai Control,1920.09,1903.84,Huaxing Bai,Mono-Green Landfall,2016.17,2032.42,L,0-2
4014589,7,Jacob Mitchell-Rabaey,Izzet Prowess,1930.36,1952.67,Alexey Paulot,Jeskai Control,2171.29,2148.98,W,2-1
4014679,7,Jude Hopkins,Izzet Lessons,1702.52,1685.16,Jeff Jao,Simic Omniscience,1737.38,1754.75,L,1-2
4014555,7,Robin Courtiat,Izzet Prowess,1883.13,1904.37,Toni Martos,Izzet Prowess,2062.4,2041.17,W,2-1
4014565,7,Toru Inoue,Izzet Spellementals,1966.84,1950.36,Michael Byrd,Izzet Prowess,2050.2,,L,0-2
4014681,7,Yiren Jiang,Izzet Spellementals,1981.99,1961.07,Elliot Fortier,Izzet Prowess,1820.2,1841.12,L,0-2
4014641,7,Ethan Hollen,Izzet Prowess,1726.71,1714.77,Ben Jones,Jeskai Control,2071.8,,L,0-2
4014630,7,Mark Tubola,Mono-Green Landfall,1841.01,1824.46,Rick Hup Beng Lee,Dimir Excruciator,1920.56,1937.11,L,1-2
4014642,7,Willy Edel,Four-Color Elementals,1944.9,1926.87,Pierre Smith,Izzet Prowess,1943.23,1961.26,L,1-2
4014645,7,Evan Higgins,Izzet Spellementals,1822.0,,Lorenzo Terlizzi,Simic Omniscience,2083.91,2097.24,L,1-2
4014695,7,Philip Silberman,Mono-Green Landfall,1923.23,1938.92,Gabriel Bostic,Four-Color Control,1796.01,1780.32,W,2-1
4014699,7,Yang He,Four-Color Control,1840.8,1822.56,Ben Zoz,Izzet Spellementals,1827.55,1845.79,L,0-2
4014606,7,Winston Chamora,Izzet Prowess,2029.95,2008.74,Atsushi Nakashima,Izzet Prowess,1851.97,1873.18,L,1-2
4014588,7,Xinrong Chen,Izzet Prowess,1857.51,1879.91,Derrick Davis,Jeskai Control,2103.58,2081.18,W,2-1
4014663,7,Shawn Doherty,Izzet Maestro,1778.68,1802.81,Seth Manfield,Izzet Prowess,2128.63,2104.5,W,2-1
4014634,7,Etai Kurtzman,Izzet Prowess,2014.39,2027.88,Chang Zheng,Izzet Prowess,1762.03,1748.53,W,2-1
4014603,7,Maciej Jezyna,Mono-Green Landfall,1805.49,1824.82,Maxime Rayvich,Mono-Green Landfall,1878.23,1858.91,W,2-1
4014628,7,Mitchell Tamblyn,Golgari Midrange,2074.52,2052.8,Zach Flynn,Izzet Prowess,1867.15,,L,1-2
4014689,7,Mikey Bishara,Izzet Prowess,1910.07,1925.79,Adriano Melo,Izzet Lessons,1784.38,1768.66,W,2-0
4014600,7,Yang Chen,Izzet Prowess,1984.47,2001.75,Nicholas Talbot,Mono-Green Landfall,1944.9,1927.62,W,2-1
4014552,7,Nam Dang,Izzet Prowess,2056.13,2075.29,Stefan Schütz,Mono-Green Landfall,2119.6,,W,2-0
4014700,7,Takuya Hasegawa,Izzet Prowess,1822.08,1802.69,Nick Osterude,Izzet Prowess,1745.48,,L,0-2
4014644,7,Julian Riedener,Mono-Green Landfall,1798.93,1783.06,Nick Deriu,Four-Color Control,1916.51,1932.38,L,1-2
4014633,7,Masakuni Hamaguchi,Mono-Green Landfall,1946.78,1964.65,Vasilios Morikis,Izzet Prowess,1939.26,1921.39,W,2-0
4014647,7,Koki Hara,Bant Rhythm,1921.92,1934.76,Isabel Castillo,Izzet Spellementals,1631.16,,W,2-0
4014676,7,Nicolas Cosgrove,Temur Lute,1736.32,1721.77,Percy Fang,Mono-Red Aggro,1928.17,1942.71,L,0-2
4014654,7,Jack Young,Izzet Prowess,1810.46,1825.46,Carlos Martinez,Dimir Midrange,1644.14,,W,2-0
4014593,7,Ryan Condon,Izzet Spellementals,2098.3,2074.78,Wentong Zhang,Boros Dragons,1785.85,1809.37,L,1-2
4014578,7,Alejandro Mora Romero,Selesnya Landfall,1921.08,,Gregorio Galeotti,Izzet Spellementals,1717.11,1702.78,W,2-1
4014657,7,Edgar Rangel,Dimir Excruciator,1818.03,,Alex Friedrichsen,Mono-Green Landfall,1930.99,1946.94,L,1-2
4014567,7,Timothée Blondiaux,Mono-Green Landfall,1887.62,,John Wager,Azorius Tempo,1973.55,1989.99,L,1-2
4014558,7,Bryan Rockenbach,Mono-Green Landfall,2032.53,2050.71,Yuchen Liu,Izzet Prowess,2042.16,2023.98,W,2-1
4014557,7,Kye Nelson,Golgari Midrange,2033.62,2010.98,Daniel Weiss,Izzet Prowess,1773.14,1795.79,L,1-2
4014614,7,Guillermo Loli,Rakdos Discard,1954.13,1933.76,Oliver Coffey,Izzet Prowess,1823.65,1844.01,L,0-2
4014656,7,Jody Keith,Bant Omniscience,2059.31,2037.76,Wappa Hamada,Mono-Green Landfall,1862.4,1883.94,L,0-2
4014612,7,Prez Kuhnke,Izzet Lessons,1819.06,1803.78,Evan Vetter,Azorius Momo,1969.15,1984.44,L,1-2
4014686,7,Karl Sarap,Mono-Green Landfall,1987.91,1971.63,Matt Sperling,Izzet Prowess,2082.74,2099.01,L,1-2
4014643,7,Quinn Tonole,Mono-Red Aggro,1970.41,1983.51,Pietro Maria Oltolina,Izzet Prowess,1695.37,1682.26,W,2-1
4014650,7,Haven Gilbert-Avila,Izzet Spellementals,1921.77,1903.82,Kenith Dsouza,Mono-Green Landfall,1924.14,,L,0-2
4014611,7,Nicholas Odenheimer,Izzet Prowess,1983.71,2001.9,James Dimitrov,Izzet Prowess,1994.32,1976.13,W,2-0
4014690,7,Mike Boulinguiez,Izzet Spellementals,1691.4,1710.79,January Adams,Izzet Spellementals,1767.42,1748.04,W,2-0
4014661,7,Marc Peral,Mono-Green Landfall,1972.68,1989.07,Sam Bogue,Selesnya Landfall,1884.25,1867.85,W,2-0
4014590,7,Masashiro Kuroda,Izzet Spellementals,1983.56,2001.8,Dylan Nollen,Izzet Spellementals,1996.28,1978.05,W,2-1
4014561,7,Liam Kane,Izzet Prowess,1963.75,,Matt Nass,Selesnya Ouroboroid,2021.16,2038.11,L,0-2
4014684,7,Arch Dota,Azorius Tempo,2060.23,2073.85,Aylin Davis,Azorius Momo,1815.29,1801.67,W,2-1
4014662,7,Luis Venegas,Izzet Prowess,1679.78,1664.74,Lucas Duchow,Izzet Prowess,1843.56,1858.6,L,0-2
4014587,7,Guglielmo Lupi,Mono-Green Landfall,2152.58,2163.54,Rafael Marin,Izzet Lessons,1745.21,1734.25,W,2-1
4014575,7,Jack Yudt,Izzet Lessons,1831.79,1850.94,Noé Fauquenoi,Mono-Green Landfall,1894.73,,W,2-0
4014640,7,Xiangjun Dai,Izzet Prowess,1803.18,1824.46,Jonathan Melamed,Mono-Green Landfall,1984.96,1963.68,W,2-1
4014678,7,Marcelo Cavalcante,Izzet Lessons,1963.0,,Max Rappaport,Izzet Prowess,1897.04,1916.24,L,1-2
4014696,7,Allen Norman,Mono-Green Landfall,1747.96,1731.67,Elijah Herr,Dimir Excruciator,1842.28,1858.56,L,0-2
4014685,7,Valentin Orru,Izzet Prowess,1637.9,1655.99,Cherukad Sajan,Izzet Prowess,1642.66,1624.57,W,2-1
4014675,7,Sebastian Thaler,Izzet Prowess,2038.59,2051.1,Michael NK Young,Izzet Maestro,1727.67,,W,2-1
4014652,7,Nathan Kirner,Mono-Green Landfall,1855.85,1841.6,Cyprien Tron,Bant Airbending,2064.18,2078.43,L,0-2
4014639,7,Brennan Roy,Izzet Prowess,1943.24,1921.95,Richard Nealston,Mono-Green Landfall,1760.44,1781.73,L,1-2
4014621,7,Josep Sanfeliu,Selesnya Landfall,1942.6,1962.76,Corey Burkhart,Azorius Momo,2061.66,2041.5,W,2-1
4014658,7,Ryan Normandin,Mono-Green Landfall,1835.39,1849.81,"Hei Wo, Johnathan Ng",Mono-Green Landfall,1636.15,,W,2-1
4014616,7,Toni Portolan,Izzet Maestro,2273.68,2247.24,Ryan Gassaway,Izzet Prowess,1771.84,1798.28,L,0-2
4014615,7,William Araujo,Izzet Prowess,2041.74,,Brandon Kohrs,Four-Color Control,1858.8,1844.1,W,2-0
4014683,7,Jason Qiu,Izzet Maestro,1780.13,1797.17,Coby Schnepf,Selesnya Rhythm,1727.65,1710.61,W,2-1
4014668,7,Ivan Saenz,Mono-Green Landfall,1741.21,1727.15,Victor Hawkins,Selesnya Landfall,1960.55,1974.61,L,0-2
4014591,7,Mike Sigrist,Izzet Prowess,2014.07,1993.54,Jason Reid,Golgari Midrange,1874.18,1894.71,L,1-2
4014670,7,Marco Belacca,Jeskai Control,1972.23,1950.86,Brendan Hsu,Golgari Midrange,1785.58,1806.95,L,0-2
4014627,7,Francisco Sánchez,Izzet Prowess,2229.69,,William Au,Jeskai Control,1721.94,1712.46,W,2-1
4014577,7,Matyáš Kalužný,Izzet Spellementals,1872.11,,Matthew Oomkes,Four-Color Elementals,1881.45,1899.28,L,1-2
4014560,7,Luis Salvatto,Selesnya Landfall,2243.02,2222.72,Charis Kikidis,Mono-Green Landfall,2116.6,,L,0-2
4014692,7,Junichi Adachi,Izzet Spellementals,1582.97,1604.94,Amy James,Izzet Lessons,1804.46,1782.48,W,2-0
4014613,7,Julius Fan,Izzet Spellementals,1996.2,2009.82,Edgar Baumler,Izzet Prowess,1751.18,1737.56,W,2-0
4014595,7,Ian Robb,Izzet Lessons,1865.0,1887.91,Aidan Mirabelli,Izzet Prowess,2141.34,2118.43,W,2-0
4014585,7,Maxx Kominowski,Izzet Spellementals,2137.04,2150.44,Albert Queralt Garriga,Izzet Prowess,1878.88,,W,2-1
4014583,7,Samuel Pardee,Izzet Prowess,2191.3,2203.86,Pedro Flores,Jeskai Control,1883.59,1871.03,W,2-1
4014624,7,Adam Brace,Izzet Lessons,2044.01,2019.88,Suorsa Miitri,Izzet Lessons,1694.38,1718.51,L,0-2
4014694,7,Ryouta Mishina,Izzet Prowess,1756.94,1772.13,Adam Kinnaird,Azorius Momo,1601.58,1586.39,W,2-1
4014622,7,Clément Harvey,Mono-Green Landfall,1762.45,,Javier Ramos,Izzet Prowess,1608.69,1593.48,W,2-1
4014572,7,Eli Kassis,Izzet Spellementals,2197.6,2172.19,Tyson Roylance,Dimir Excruciator,1765.28,1790.69,L,0-2
4014551,7,George Berrett,Azorius Momo,1856.97,1841.37,Jack Potter,Mono-Green Landfall,1989.36,2004.96,L,0-2
4014601,7,Patricio Roman,Mardu Discard,1930.37,1950.52,Chris Kral,Mardu Discard,2048.93,2028.78,W,2-0
4014563,7,Jean-Emmanuel Depraz,Izzet Prowess,2169.45,2151.87,Andy Garcia-Romo,Mono-Green Landfall,2192.65,2210.23,L,1-2
4014571,7,Matthew Wright,Azorius Momo,2073.04,2087.07,Kenneth Oswald,Golgari Midrange,1851.85,1837.82,W,2-1
4014559,7,Gavin Meagher,Mardu Discard,2007.92,1994.68,Christoffer Larsen,Selesnya Landfall,2275.39,2288.63,L,0-2
4014620,7,Dylan Pratt,Izzet Lessons,1797.73,1818.23,Gabriel Joglar,Mono-Green Landfall,1935.66,1915.16,W,2-1
4014636,7,Ryan Mullens,Izzet Prowess,2070.18,2086.97,Kenta Masukado,Izzet Spellementals,2004.03,1987.24,W,2-1
4014618,7,Jaime Gonzalo,Jeskai Control,1921.2,,Kevin Kong,Izzet Lessons,1802.55,1786.7,W,2-1
4014665,7,Asha Mills Emmett,Izzet Prowess,2063.17,,Jake Beardsley,Izzet Prowess,1877.82,1863.17,W,2-0
4014697,7,Daniel Weiser,Izzet Lessons,1964.64,,Klarke Trezise,Izzet Lessons,1608.98,1597.2,W,2-0
4014579,7,Daniel Goetschel,Izzet Lessons,2133.98,2150.93,Andrew Elenbogen,Azorius Momo,2076.41,2059.46,W,2-1
4014631,7,Evan Sonnenberg-Rhim,Mono-Green Landfall,2060.22,2040.46,Charles Eliatamby,Mono-Green Landfall,1963.63,1983.38,L,0-2
4014608,7,Allen Wu,Izzet Prowess,2082.7,2098.69,Bassel Nasri,Izzet Spellementals,1972.48,1956.49,W,2-1
4014677,7,Piotr Szyiński,Izzet Prowess,1890.62,,Hiroki Kageyama,Izzet Prowess,1912.12,1929.73,L,0-2
4014592,7,Andrew Kidston,Selesnya Rhythm,2094.91,2074.44,Bernardo Torres,Izzet Spellementals,1958.42,1978.89,L,0-2
4014680,7,Isael Feitosa,Izzet Lessons,1871.78,1885.14,Elad Stettner,Golgari Midrange,1611.19,1597.83,W,2-0
4014626,7,Tristan Wylde-LaRue,Mono-Green Landfall,1965.52,1980.97,Yuya Tase,Azorius Momo,1824.81,1809.36,W,2-1
4014648,7,Masataka Hori,Izzet Prowess,2088.93,2069.23,Julien Henry,Izzet Prowess,1995.2,2014.91,L,1-2
4014553,7,Victor Santos Esquici,Dimir Excruciator,2064.66,,Collins Mullen,Mono-Green Landfall,2087.41,2069.0,W,2-1
4014599,7,Masahide Moriyama,Izzet Spellementals,2076.72,2058.5,Joshua Willis,Izzet Prowess,2065.11,2083.32,L,1-2
4014610,7,Eduardo Sajgalik,Simic Omniscience,2128.95,2109.34,Javier Dominguez,Selesnya Landfall,2040.11,2059.72,L,1-2
4014604,7,Jon Beitler,Mono-Green Landfall,1732.96,1720.33,Abe Schnake,Izzet Prowess,2036.76,2049.38,L,0-2
4014693,7,Onoda Kenji,Izzet Lessons,1714.18,,Terry Edwards,Azorius Momo,1723.25,1705.08,W,2-1
4014580,7,Austin Walker,Azorius Tempo,1790.92,,Arne Huschenbeth,Mono-Green Landfall,2236.44,2246.82,L,0-2
4014566,7,Shi Tian Lee,Simic Omniscience,1906.13,1927.96,Michael Plummer,Izzet Spellementals,2119.19,,W,2-0
4014605,7,Marco Cammilluzzi,Four-Color Elementals,2040.33,2021.6,Mason Buonadonna,Bant Rhythm,2000.38,2019.11,L,1-2
4014607,7,Eli Swafford,Mono-Green Landfall,1990.74,1968.5,Yoshitaka Yamasaki,Izzet Prowess,1753.59,1775.84,L,1-2
4014672,7,Robert Wagner-Krankel,Izzet Prowess,1734.26,1720.06,Marcus Wosner,Mono-Green Landfall,1945.87,1960.06,L,0-2
4014698,7,Sophi Seley,Izzet Maestro,1599.81,1618.05,Jonny Stange,Azorius Momo,1613.16,,W,2-1
4014669,7,Jorge Lopez,Mono-Green Landfall,1661.97,,Atsuya Okuno,Mono-Green Landfall,1793.31,1808.93,L,1-2
4014666,7,Avi Lessure,Azorius Momo,1968.52,1986.13,Gabriel Nicholas,Izzet Prowess,1947.05,1929.44,W,2-1
4014597,7,Timo Bertram,Izzet Spellementals,1928.77,,Antonin Branis,Izzet Lessons,1885.77,1904.56,L,1-2
4014646,7,Aedan Simons-Rudolph,Jeskai Control,1782.32,1766.75,Anthony Cuello,Izzet Prowess,1916.18,1931.75,L,1-2
4014581,7,Neilson Zhang,Izzet Prowess,1812.52,1829.13,Nathan Hu,Jeskai Control,1735.76,1719.16,W,2-0
4014549,7,Noé Offman,Izzet Prowess,2062.19,,Nathan Steuer,Selesnya Landfall,2078.93,2096.62,L,1-2
4014576,7,Gaétan Verdierre,Mono-Green Landfall,1856.21,,Yuya Hosokawa,Izzet Lessons,1911.9,1928.89,L,1-2
4014586,7,Ryan Brozovich,Mono-Green Landfall,1977.03,1960.62,Davor Detecnik,Izzet Prowess,2064.54,2080.95,L,0-2
4014673,7,Rodrigo Pinheiro,Azorius Tempo,1840.07,1821.95,Alan Hubbard,Simic Rhythm,1833.41,1851.53,L,0-2
4014594,7,David Åstrand,Mono-Green Landfall,1677.79,,Zevin Faust,Azorius Tempo,2095.24,2106.05,L,1-2
4014735,8,Adrià Martín,Rakdos Discard,2047.52,,Guglielmo Lupi,Mono-Green Landfall,2163.54,2179.44,L,1-2
4014755,8,Matheus Crusius,Mono-Green Landfall,1878.43,1862.67,Nicholas Odenheimer,Izzet Prowess,2001.9,2017.66,L,1-2
4014761,8,Takeshi Ozawa,Sultai Control,1977.92,1960.44,Sergio Garcia,Selesnya Landfall,2005.99,,L,1-2
4014766,8,Aras Senyuz,Temur Omniscience,1852.73,1869.74,Ryan Gassaway,Izzet Prowess,1798.28,1781.27,W,2-1
4014784,8,Shinnosuke Hando,Izzet Prowess,1890.77,1868.57,Valentin Orru,Izzet Prowess,1655.99,1678.19,L,0-2
4014726,8,Shota Yasooka,Izzet Prowess,2029.12,2044.76,Matthew Oomkes,Four-Color Elementals,1899.28,1883.63,W,2-0
4014742,8,Raul Porojan,Selesnya Rhythm,1867.16,1847.59,Austin Walker,Azorius Tempo,1780.54,,L,1-2
4014809,8,Horiuchi Makoto,Izzet Prowess,1998.01,,Luis Gobern,Dimir Excruciator,1900.63,1920.4,L,0-2
4014716,8,Mateo Ferreira,Selesnya Landfall,2002.34,2018.38,Jason Reid,Golgari Midrange,1894.71,1878.67,W,2-1
4014767,8,Adam Edelson,Izzet Prowess,2087.42,2065.33,Maxime Rayvich,Mono-Green Landfall,1858.91,1881.0,L,1-2
4014832,8,Neil Estrada,Mono-Green Landfall,2004.29,2017.45,Onoda Kenji,Izzet Lessons,1732.34,,W,2-0
4014743,8,Muhan Yu,Izzet Prowess,2038.27,2015.69,Richard Nealston,Mono-Green Landfall,1781.73,1804.31,L,1-2
4014747,8,Christian Baker,Izzet Prowess,1857.48,1842.63,Huaxing Bai,Mono-Green Landfall,2032.42,2047.27,L,1-2
4014824,8,Sebastian Torrico,Izzet Spellementals,1859.72,,Atsuya Okuno,Mono-Green Landfall,1808.93,1827.85,L,0-2
4014712,8,David Inglis,Mono-Green Landfall,2057.78,,Christoffer Larsen,Selesnya Landfall,2288.63,2302.49,L,1-2
4014796,8,Vincent Choy,Azorius Tempo,1688.77,1715.45,Ken Yukuhiro,Sultai Control,2207.5,2180.82,W,2-0
4014814,8,Marco Del Pivo,Mono-Green Landfall,1998.51,,Percy Fang,Mono-Red Aggro,1942.71,1925.73,W,2-1
4014819,8,Kazuya Takuwa,Simic Omniscience,1720.47,1702.78,Edgar Baumler,Izzet Prowess,1737.56,1755.24,L,1-2
4014782,8,Albert Cordobés,Jeskai Control,1951.22,,Allen Wu,Izzet Prowess,2098.69,2114.02,L,1-2
4014845,8,Aaron Angeles,Golgari Control,1469.53,,Terry Edwards,Azorius Momo,1705.08,1682.86,W,2-1
4014750,8,Eleanor Dubreuil,Izzet Maestro,1756.04,1776.73,Antonin Branis,Izzet Lessons,1904.56,1883.87,W,2-0
4014702,8,Rui Zhang,Izzet Lessons,2113.35,,Nathan Steuer,Selesnya Landfall,2096.62,2114.93,L,1-2
4014803,8,Jonny Guttman,Mono-Green Landfall,1946.77,1928.46,Hiroki Kageyama,Izzet Prowess,1929.73,1948.04,L,1-2
4014754,8,Lukas Schwendinger,Mono-Red Aggro,1845.95,1831.77,Masahide Moriyama,Izzet Spellementals,2058.5,2072.69,L,1-2
4014736,8,Alex Rohan,Jeskai Control,2114.62,2092.56,Ian Robb,Izzet Lessons,1887.91,1909.98,L,0-2
4014807,8,Devon Straub,Izzet Prowess,1978.16,1993.11,Yuya Tase,Azorius Momo,1809.36,1794.41,W,2-1
4014828,8,Curtis Lam,Golgari Midrange,1777.05,1764.81,Seth Manfield,Izzet Prowess,2104.5,2116.74,L,1-2
4014776,8,Thirawat Chaovarindr,Izzet Prowess,1943.18,1926.74,Chris Kral,Mardu Discard,2028.78,2045.22,L,0-2
4014795,8,Shuhei Nakamura,Sultai Control,1998.12,2011.97,Aedan Simons-Rudolph,Jeskai Control,1766.75,1752.89,W,2-0
4014745,8,Mae French,Izzet Lessons,2021.63,2038.53,Pierre Smith,Izzet Prowess,1961.26,1944.36,W,2-0
4014711,8,Will Krueger,Izzet Prowess,2133.98,2152.04,Charis Kikidis,Mono-Green Landfall,2136.89,,W,2-0
4014770,8,Edgar Magalhaes,Izzet Prowess,1963.14,1975.89,David Åstrand,Mono-Green Landfall,1666.99,,W,2-0
4014805,8,Claire Tian,Izzet Prowess,1714.69,1700.31,Max Rappaport,Izzet Prowess,1916.24,1930.61,L,0-2
4014753,8,Yi Yang,Izzet Prowess,1970.36,1953.99,Javier Dominguez,Selesnya Landfall,2059.72,2076.1,L,1-2
4014822,8,Steve Gan,Izzet Spellementals,1976.27,1995.44,Evan Sonnenberg-Rhim,Mono-Green Landfall,2040.46,2021.29,W,2-0
4014788,8,Atsuki Kihara,Sultai Control,1903.84,1886.17,Brennan Roy,Izzet Prowess,1921.95,1939.62,L,0-2
4014724,8,Jacob Mitchell-Rabaey,Izzet Prowess,1952.67,1935.56,Yang Chen,Izzet Prowess,2001.75,2018.86,L,1-2
4014734,8,Nicolás Morales Macaya,Mono-Green Landfall,1730.34,,Oliver Tomajko,Selesnya Landfall,2122.48,2097.68,W,2-0
4014833,8,Jude Hopkins,Izzet Lessons,1685.16,1708.27,Phillip Li,Izzet Prowess,1973.41,1950.29,W,2-1
4014703,8,Robin Courtiat,Izzet Prowess,1904.37,1888.2,Jack Potter,Mono-Green Landfall,2004.96,2021.13,L,1-2
4014725,8,Toru Inoue,Izzet Spellementals,1950.36,1969.08,John Wager,Azorius Tempo,1989.99,1971.26,W,2-0
4014840,8,Yiren Jiang,Izzet Spellementals,1961.07,1977.4,Tom White,Izzet Maestro,1869.48,,W,2-1
4014799,8,Ethan Hollen,Izzet Prowess,1714.77,1698.39,Prez Kuhnke,Izzet Lessons,1803.78,1820.16,L,1-2
4014798,8,Mark Tubola,Mono-Green Landfall,1824.46,1810.56,Mitchell Tamblyn,Golgari Midrange,2052.8,2066.7,L,0-2
4014812,8,Willy Edel,Four-Color Elementals,1926.87,1906.69,Brendan Hsu,Golgari Midrange,1806.95,1827.13,L,0-2
4014794,8,Evan Higgins,Izzet Spellementals,1808.67,,Lucas Duchow,Izzet Prowess,1858.6,1839.69,W,2-1
4014839,8,Philip Silberman,Mono-Green Landfall,1938.92,1955.72,Piotr Szyiński,Izzet Prowess,1873.01,,W,2-1
4014846,8,Yang He,Four-Color Control,1822.56,1803.79,Gabriel Bostic,Four-Color Control,1780.32,1799.09,L,1-2
4014783,8,Winston Chamora,Izzet Prowess,2008.74,1985.62,Jon Beitler,Mono-Green Landfall,1720.33,1743.45,L,1-2
4014731,8,Xinrong Chen,Izzet Prowess,1879.91,1863.2,Patricio Roman,Mardu Discard,1950.52,1967.24,L,1-2
4014801,8,Shawn Doherty,Izzet Maestro,1802.81,1787.72,Jonathan Melamed,Mono-Green Landfall,1963.68,1978.77,L,0-2
4014744,8,Etai Kurtzman,Izzet Prowess,2027.88,2044.06,Nicholas Talbot,Mono-Green Landfall,1927.62,1911.45,W,2-0
4014729,8,Maciej Jezyna,Mono-Green Landfall,1824.82,1812.58,Jean-Emmanuel Depraz,Izzet Prowess,2151.87,2164.12,L,1-2
4014797,8,Mikey Bishara,Izzet Prowess,1925.79,1941.46,Jason Qiu,Izzet Maestro,1797.17,1781.51,W,2-0
4014705,8,Nam Dang,Izzet Prowess,2075.29,2090.62,Shi Tian Lee,Simic Omniscience,1927.96,1912.63,W,2-1
4014847,8,Takuya Hasegawa,Izzet Prowess,1802.69,1816.8,Adam Kinnaird,Azorius Momo,1586.39,1572.27,W,2-1
4014821,8,Julian Riedener,Mono-Green Landfall,1783.06,1767.25,Haven Gilbert-Avila,Izzet Spellementals,1903.82,1919.62,L,1-2
4014841,8,Simon Nielsen,Mono-Green Landfall,2098.24,,Tyler Steinwand,Four-Color Elementals,1743.66,1731.87,W,2-1
4014728,8,Masakuni Hamaguchi,Mono-Green Landfall,1964.65,1950.0,Maxx Kominowski,Izzet Spellementals,2150.44,2165.09,L,1-2
4014781,8,Koki Hara,Bant Rhythm,1934.76,1915.3,Matyáš Kalužný,Izzet Spellementals,1854.28,,L,1-2
4014751,8,Jack Young,Izzet Prowess,1825.46,1848.3,Lorenzo Terlizzi,Simic Omniscience,2097.24,2074.4,W,2-1
4014739,8,Ryan Condon,Izzet Spellementals,2074.78,2050.3,Gregorio Galeotti,Izzet Spellementals,1702.78,1727.26,L,0-2
4014730,8,Alejandro Mora Romero,Selesnya Landfall,1935.41,,Daniel Goetschel,Izzet Lessons,2150.93,2165.06,L,0-2
4014786,8,Chang Zheng,Izzet Prowess,1748.53,1769.87,Guillermo Loli,Rakdos Discard,1933.76,1912.42,W,2-1
4014718,8,Reid Duke,Izzet Prowess,2207.7,2222.08,Christian Calcano,Jeskai Control,2006.27,1991.9,W,2-0
4014710,8,Bryan Rockenbach,Mono-Green Landfall,2050.71,2028.16,Daniel Weiss,Izzet Prowess,1795.79,1818.34,L,0-2
4014723,8,Kye Nelson,Golgari Midrange,2010.98,1989.35,Wentong Zhang,Boros Dragons,1809.37,1831.0,L,0-2
4014827,8,Jody Keith,Bant Omniscience,2037.76,2048.71,Carlos Martinez,Dimir Midrange,1629.15,,W,2-1
4014707,8,Thierry Ramboa,Izzet Prowess,2088.68,2101.25,Matthew Stefansson,Mono-Green Landfall,1781.59,,W,2-0
4014769,8,Quinn Tonole,Mono-Red Aggro,1983.51,1965.4,Gavin Perry,Azorius Momo,1977.16,1995.28,L,0-2
4014811,8,Mike Boulinguiez,Izzet Spellementals,1710.79,1727.06,Pier Paolo Moro,Izzet Lessons,1616.03,1599.75,W,2-1
4014778,8,Oliver Coffey,Izzet Prowess,1844.01,1830.89,Aidan Mirabelli,Izzet Prowess,2118.43,2131.55,L,0-2
4014773,8,Rick Hup Beng Lee,Dimir Excruciator,1937.11,1957.02,Charles Wong,Mono-Green Landfall,2042.23,,W,2-1
4014825,8,Marc Peral,Mono-Green Landfall,1989.07,2009.07,Matt Sperling,Izzet Prowess,2099.01,2079.02,W,2-1
4014787,8,James Dimitrov,Izzet Prowess,1976.13,1959.32,Corey Burkhart,Azorius Momo,2041.5,2058.31,L,0-2
4014721,8,Masashiro Kuroda,Izzet Spellementals,2001.8,1983.38,Bernardo Torres,Izzet Spellementals,1978.89,1997.31,L,0-2
4014722,8,Liam Kane,Izzet Prowess,1946.8,,Davor Detecnik,Izzet Prowess,2080.95,2060.52,W,2-1
4014708,8,Matt Nass,Selesnya Ouroboroid,2038.11,2059.22,Andy Garcia-Romo,Mono-Green Landfall,2210.23,2189.12,W,2-1
4014826,8,Arch Dota,Azorius Tempo,2073.85,2092.13,Samuel Chang,Izzet Prowess,2089.39,2071.11,W,2-0
4014802,8,Matt Xu,Golgari Midrange,1909.03,,Alan Hubbard,Simic Rhythm,1851.53,1834.58,W,2-0
4014738,8,Jack Yudt,Izzet Lessons,1850.94,1833.63,Zach Flynn,Izzet Prowess,1888.88,,L,0-2
4014817,8,Isabel Castillo,Izzet Spellementals,1618.32,,Kenta Masukado,Izzet Spellementals,1987.24,1998.8,L,0-2
4014752,8,Xiangjun Dai,Izzet Prowess,1824.46,1807.39,Noé Fauquenoi,Mono-Green Landfall,1875.58,,L,1-2
4014813,8,Jeff Jao,Simic Omniscience,1754.75,1776.38,Bassel Nasri,Izzet Spellementals,1956.49,1934.86,W,2-1
4014829,8,Adriano Melo,Izzet Lessons,1768.66,1748.84,Yuta Hori,Izzet Prowess,1668.23,1688.06,L,0-2
4014741,8,Nick Deriu,Four-Color Control,1932.38,1952.68,Andrew Elenbogen,Azorius Momo,2059.46,2039.15,W,2-1
4014792,8,Sebastian Thaler,Izzet Prowess,2051.1,2029.32,Elliot Fortier,Izzet Prowess,1841.12,1862.9,L,0-2
4014806,8,Nathan Kirner,Mono-Green Landfall,1841.6,1855.16,Javier Ramos,Izzet Prowess,1593.48,1579.91,W,2-0
4014759,8,Josep Sanfeliu,Selesnya Landfall,1962.76,1981.71,Julien Henry,Izzet Prowess,2014.91,1995.96,W,2-1
4014816,8,Ryan Normandin,Mono-Green Landfall,1849.81,1870.28,Avi Lessure,Azorius Momo,1986.13,1965.66,W,2-1
4014785,8,Toni Portolan,Izzet Maestro,2247.24,2225.36,Akira Shibata,Sultai Control,2031.17,2053.05,L,1-2
4014779,8,William Araujo,Izzet Prowess,2056.44,,Pedro Flores,Jeskai Control,1871.03,1856.37,W,2-1
4014831,8,Ivan Saenz,Mono-Green Landfall,1727.15,1713.6,Daniel Weiser,Izzet Lessons,1976.42,,L,0-2
4014763,8,Mike Sigrist,Izzet Prowess,1993.54,2011.83,Julius Fan,Izzet Spellementals,2009.82,1991.52,W,2-1
4014765,8,Alexey Paulot,Jeskai Control,2148.98,2123.83,Rafael Marin,Izzet Lessons,1734.25,1759.4,L,1-2
4014843,8,Marco Belacca,Jeskai Control,1950.86,1963.07,"Hei Wo, Johnathan Ng",Mono-Green Landfall,1621.74,,W,2-0
4014771,8,Francisco Sánchez,Izzet Prowess,2239.16,,Paul Green,Mono-Green Landfall,2114.52,2134.79,L,0-2
4014836,8,Nick Osterude,Izzet Prowess,1764.87,,Sophi Seley,Izzet Maestro,1618.05,1602.71,W,2-0
4014715,8,Luis Salvatto,Selesnya Landfall,2222.72,2237.86,Mattia Rizzi,Izzet Prowess,2064.65,2049.51,W,2-0
4014804,8,Junichi Adachi,Izzet Spellementals,1604.94,1624.86,Yuxuan Zhang,Izzet Prowess,1710.52,1690.6,W,2-0
4014757,8,Cyprien Tron,Bant Airbending,2078.43,2059.35,Mason Buonadonna,Bant Rhythm,2019.11,2038.19,L,1-2
4014732,8,Samuel Pardee,Izzet Prowess,2203.86,2183.74,Matthew Wright,Azorius Momo,2087.07,2107.19,L,1-2
4014789,8,Adam Brace,Izzet Lessons,2019.88,2036.48,Alexander Kans,Mono-Green Landfall,1943.0,1926.4,W,2-1
4014835,8,Ryouta Mishina,Izzet Prowess,1772.13,1787.45,Cherukad Sajan,Izzet Prowess,1624.57,1609.24,W,2-1
4014772,8,Clément Harvey,Mono-Green Landfall,1777.67,,Derrick Davis,Jeskai Control,2081.18,2057.81,W,2-0
4014768,8,Eli Kassis,Izzet Spellementals,2172.19,2152.58,Ben Jones,Jeskai Control,2083.75,,L,1-2
4014704,8,George Berrett,Azorius Momo,1841.37,1827.69,Victor Santos Esquici,Dimir Excruciator,2083.08,,L,0-2
4014762,8,Atsushi Nakashima,Izzet Prowess,1873.18,1857.18,Charles Eliatamby,Mono-Green Landfall,1983.38,1999.38,L,0-2
4014810,8,Alex Friedrichsen,Mono-Green Landfall,1946.94,1967.32,Asha Mills Emmett,Izzet Prowess,2077.83,,W,2-0
4014760,8,Suorsa Miitri,Izzet Lessons,1718.51,1707.1,Michael Plummer,Izzet Spellementals,2097.36,,L,1-2
4014719,8,Gavin Meagher,Mardu Discard,1994.68,2015.07,Kellen Pastore,Mono-Green Landfall,2126.38,2105.99,W,2-0
4014764,8,Dylan Pratt,Izzet Lessons,1818.23,1838.39,Jaime Gonzalo,Jeskai Control,1937.04,,W,2-0
4014777,8,Ryan Mullens,Izzet Prowess,2086.97,2104.74,Andrew Kidston,Selesnya Rhythm,2074.44,2056.67,W,2-0
4014838,8,Amy James,Izzet Lessons,1782.48,1797.15,Elad Stettner,Golgari Midrange,1597.83,1583.16,W,2-1
4014780,8,Yuuki Ichikawa,Izzet Spellementals,1968.05,1945.6,Nathan Hu,Jeskai Control,1719.16,1741.61,L,0-2
4014823,8,Wappa Hamada,Mono-Green Landfall,1883.94,1867.33,Marcus Wosner,Mono-Green Landfall,1960.06,1976.68,L,1-2
4014791,8,Isael Feitosa,Izzet Lessons,1885.14,1871.16,Eduardo Sajgalik,Simic Omniscience,2109.34,2123.32,L,0-2
4014749,8,Tristan Wylde-LaRue,Mono-Green Landfall,1980.97,1997.89,Vasilios Morikis,Izzet Prowess,1921.39,1904.48,W,2-0
4014793,8,Masataka Hori,Izzet Prowess,2069.23,2044.51,Pietro Maria Oltolina,Izzet Prowess,1682.26,1706.98,L,0-2
4014709,8,Kazutaka Oya,Izzet Prowess,2046.39,2025.73,Anthony Lee,Izzet Prowess,1899.22,1919.89,L,1-2
4014714,8,Abe Schnake,Izzet Prowess,2049.38,2067.23,Toni Martos,Izzet Prowess,2041.17,2023.32,W,2-0
4014720,8,Collins Mullen,Mono-Green Landfall,2069.0,2086.19,Guilherme Merjam,Mono-Green Landfall,2024.69,,W,2-1
4014740,8,Kenneth Oswald,Golgari Midrange,1837.82,1858.36,Dylan Nollen,Izzet Spellementals,1978.05,1957.51,W,2-1
4014774,8,Evan Vetter,Azorius Momo,1984.44,1966.0,Ryan Brozovich,Mono-Green Landfall,1960.62,1979.05,L,1-2
4014808,8,Marco Cammilluzzi,Four-Color Elementals,2021.6,2035.05,Jeff Lin,Mono-Green Landfall,1766.63,,W,2-1
4014820,8,Gabriel Joglar,Mono-Green Landfall,1915.16,1898.13,Eli Swafford,Mono-Green Landfall,1968.5,1985.53,L,0-2
4014717,8,Stefan Schütz,Mono-Green Landfall,2100.44,,Joshua Willis,Izzet Prowess,2083.32,2065.64,W,2-0
4014844,8,Mauricio Iriarte,Azorius Tempo,1582.44,,Klarke Trezise,Izzet Lessons,1597.2,1614.93,L,0-2
4014818,8,Brandon Kohrs,Four-Color Control,1844.1,1827.3,Timo Bertram,Izzet Spellementals,1909.99,,L,1-2
4014834,8,Elijah Herr,Dimir Excruciator,1858.56,1876.73,Sam Bogue,Selesnya Landfall,1867.85,1849.69,W,2-1
4014737,8,Neilson Zhang,Izzet Prowess,1829.13,1816.05,Zevin Faust,Azorius Tempo,2106.05,2119.13,L,0-2
4014727,8,Arne Huschenbeth,Mono-Green Landfall,2246.82,2257.04,Tyson Roylance,Dimir Excruciator,1790.69,1780.47,W,2-0
4014746,8,Gaétan Verdierre,Mono-Green Landfall,1839.23,,Yoshitaka Yamasaki,Izzet Prowess,1775.84,1758.99,W,2-1
4014713,8,Yuya Hosokawa,Izzet Lessons,1928.89,1912.62,Yuchen Liu,Izzet Prowess,2023.98,2040.25,L,1-2
4014800,8,Kevin Kong,Izzet Lessons,1786.7,1770.59,Andrew Cuneo,Mono-Green Landfall,1890.41,1906.53,L,0-2
4014815,8,Victor Hawkins,Selesnya Landfall,1974.61,1987.93,William Au,Jeskai Control,1712.46,1699.14,W,2-1
4014830,8,Gabriel Nicholas,Izzet Prowess,1929.44,1908.17,January Adams,Izzet Spellementals,1748.04,1769.31,L,1-2
4014748,8,Alvaro Fernandez Torres,Izzet Prowess,1834.24,,Yimin Zhi,Izzet Prowess,1962.65,1942.32,W,2-1
4014756,8,Valerie Jade,Izzet Maestro,2032.69,2012.85,Anthony Cuello,Izzet Prowess,1931.75,1951.58,L,0-2
4014842,8,Michael NK Young,Izzet Maestro,1715.16,,Ben Zoz,Izzet Spellementals,1845.79,1825.42,W,2-1
4015653,F,Christoffer Larsen,Selesnya Landfall,2361.56,2339.86,Nathan Steuer,Selesnya Landfall,2156.17,2177.87,L,2-3
4015647,Q,Rui Zhang,Izzet Lessons,2184.11,,Zevin Faust,Azorius Tempo,2181.91,2163.95,W,3-2
4015649,Q,Matthew Stefansson,Mono-Green Landfall,1873.71,,Matt Nass,Selesnya Ouroboroid,2133.21,2146.58,L,2-3
4015650,Q,Maxx Kominowski,Izzet Spellementals,2243.68,2227.25,Christoffer Larsen,Selesnya Landfall,2329.74,2346.17,L,1-3
4015648,Q,Stefan Schütz,Mono-Green Landfall,2192.04,,Nathan Steuer,Selesnya Landfall,2118.68,2138.02,L,0-3
4015651,S,Rui Zhang,Izzet Lessons,2202.07,,Christoffer Larsen,Selesnya Landfall,2346.17,2361.56,L,1-3
4015652,S,Matt Nass,Selesnya Ouroboroid,2146.58,2128.43,Nathan Steuer,Selesnya Landfall,2138.02,2156.17,L,2-3
